CustomerID,Name,Gender,Age,City,State,SignupDate,Segment,Acquisition
C000001,Aditi Sharma,Male,46,Guwahati,Guwahati,2023-12-19,Consumer,Organic Search
C000002,Aditya Rao,Male,18,Ahmedabad,Ahmedabad,2023-12-29,Consumer,Organic Search
C000003,Arjun Reddy,Male,20,Mumbai,Mumbai,2025-02-11,Consumer,Referral
C000004,Sanya Kumar,Female,26,Mysuru,Mysuru,2026-04-27,Small Business,Paid Search
C000005,Aarav Rao,Female,30,Chennai,Chennai,2024-05-25,Consumer,Email
C000006,Reyansh Joshi,Female,46,Guwahati,Guwahati,2026-06-08,Small Business,Affiliate
C000007,Vikram Nair,Male,37,Ahmedabad,Ahmedabad,2025-08-02,Home Office,Organic Search
C000008,Unknown,Male,28,Bhubaneswar,Bhubaneswar,2026-05-18,Consumer,Organic Search
C000009,Tanya Kumar,Male,18,Ahmedabad,Ahmedabad,2024-06-11,Consumer,Paid Search
C000010,Vikram Shah,Male,43,Guwahati,Guwahati,2026-04-16,Consumer,Paid Search
C000011,Krishna Rao,Male,45,Gurugram,Gurugram,2023-01-15,Home Office,Social Media
C000012,Sanya Gupta,Male,46,Mumbai,Mumbai,2023-02-06,Corporate,Social Media
C000013,Vikram Iyer,Female,41,Jaipur,Jaipur,2022-12-09,Consumer,Paid Search
C000014,Kavya Malhotra,Female,37,Bhopal,Bhopal,2023-05-22,Small Business,Marketplace
C000015,Krishna Shah,Female,30,Gurugram,Gurugram,2023-02-11,Consumer,Paid Search
C000016,Kavya Rao,Female,47,Mysuru,Mysuru,2024-06-11,Corporate,Organic Search
C000017,Manish Malhotra,Male,47,Coimbatore,Coimbatore,2024-12-31,Consumer,Social Media
C000018,Neha Kumar,Female,44,Coimbatore,Coimbatore,2023-05-26,Corporate,Organic Search
C000019,Diya Kumar,Male,25,Lucknow,Lucknow,2025-02-06,Home Office,Social Media
C000020,Vivaan Rao,Male,46,Guwahati,Guwahati,2022-03-29,Consumer,Marketplace
C000021,Nikhil Joshi,Male,50,Bhopal,Bhopal,2023-05-11,Consumer,Referral
C000022,Meera Singh,Male,24,Chandigarh,Chandigarh,2023-06-26,Home Office,Email
C000023,Manish Joshi,Male,37,Visakhapatnam,Visakhapatnam,2023-06-24,Home Office,Social Media
C000024,Diya Rao,Female,34,Jaipur,Jaipur,2024-04-14,Home Office,Email
C000025,Reyansh Bose,Female,41,Noida,Noida,2025-07-30,Corporate,Marketplace
C000026,Meera Mehta,Female,44,Patna,Patna,2025-12-03,Corporate,Social Media
C000027,Kabir Patel,Male,50,Jaipur,Jaipur,2024-10-10,Consumer,Marketplace
C000028,Karan Reddy,Male,36,Indore,Indore,2022-11-28,Home Office,Paid Search
C000029,Rahul Iyer,Female,27,Chandigarh,Chandigarh,2024-05-22,Consumer,Organic Search
C000030,Neha Bose,Female,33,Lucknow,Lucknow,2024-08-07,Small Business,Organic Search
C000031,Aarav Singh,Male,18,Lucknow,Lucknow,2022-09-15,Consumer,Affiliate
C000032,Aditi Patel,Male,18,Lucknow,Lucknow,2023-11-18,Consumer,Paid Search
C000033,Arjun Joshi,Male,23,Nagpur,Nagpur,2026-06-25,Consumer,Marketplace
C000034,Krishna Kumar,Male,21,Hyderabad,Hyderabad,2023-09-30,Corporate,Referral
C000035,Meera Reddy,Female,40,Mumbai,Mumbai,2025-12-14,Consumer,Organic Search
C000036,Kabir Malhotra,Male,25,Guwahati,Guwahati,2022-03-01,Consumer,Organic Search
C000037,Varun Chopra,Female,33,Surat,Surat,2026-06-05,Consumer,Social Media
C000038,Pooja Kumar,Female,26,Hyderabad,Hyderabad,2024-10-20,Consumer,Marketplace
C000039,Nisha Chopra,Female,31,Patna,Patna,2023-12-18,Consumer,Affiliate
C000040,Sanya Patel,Male,35,Visakhapatnam,Visakhapatnam,2025-12-06,Consumer,Paid Search
C000041,Rohan Kumar,Male,39,Ahmedabad,Ahmedabad,2026-04-14,Home Office,Paid Search
C000042,Neha Das,Female,25,Kolkata,Kolkata,2024-09-23,Consumer,Social Media
C000043,Ananya Mehta,Female,24,Lucknow,Lucknow,2025-12-12,Corporate,Affiliate
C000044,Sneha Malhotra,Male,28,Pune,Pune,2024-09-28,Consumer,Referral
C000045,Ishaan Chopra,Female,57,Chennai,Chennai,,Consumer,Paid Search
C000046,Sanya Sharma,Female,23,Gurugram,Gurugram,2023-11-21,Consumer,Marketplace
C000047,Vikram Chopra,Male,36,Kolkata,Kolkata,2022-12-22,Consumer,Paid Search
C000048,Aditi Patel,Female,40,Bhubaneswar,Bhubaneswar,2023-07-17,Consumer,Social Media
C000049,Ananya Malhotra,Female,38,Noida,Noida,2025-12-17,Corporate,Paid Search
C000050,Tanya Kapoor,Female,35,Bengaluru,Bengaluru,2024-06-11,Home Office,Social Media
C000051,Aditi Das,Male,36,Bhopal,Bhopal,2024-03-27,Consumer,Organic Search
C000052,Vivaan Nair,Female,30,Kochi,Kochi,2025-04-18,Small Business,Referral
C000053,Meera Nair,Male,32,Visakhapatnam,Visakhapatnam,2024-07-22,Consumer,Organic Search
C000054,Nikhil Nair,Female,38,Bhubaneswar,Bhubaneswar,2025-10-22,Consumer,Social Media
C000055,Priya Yadav,Male,20,Gurugram,Gurugram,2026-01-22,Corporate,Referral
C000056,Karan Sharma,Female,29,Ahmedabad,Ahmedabad,2024-12-23,Consumer,Social Media
C000057,Riya Iyer,Male,31,Jaipur,Jaipur,2025-10-19,Consumer,Organic Search
C000058,Krishna Reddy,Female,22,Patna,Patna,2024-04-25,Consumer,Organic Search
C000059,Karan Kumar,Female,25,Lucknow,Lucknow,2022-09-06,Corporate,Email
C000060,Manish Malhotra,Non-Binary,41,Kochi,Kochi,2022-07-28,Small Business,Social Media
C000061,Meera Gupta,Female,45,Surat,Surat,2025-07-14,Consumer,Affiliate
C000062,Diya Gupta,Male,32,Pune,Pune,2025-10-10,Consumer,Social Media
C000063,Aditya Gupta,Female,46,Mumbai,Mumbai,2022-05-24,Consumer,Paid Search
C000064,Pooja Gupta,Female,40,Delhi,Delhi,2022-02-05,Corporate,Social Media
C000065,Priya Bose,Male,26,Jaipur,Jaipur,2024-11-26,Consumer,Affiliate
C000066,Riya Chopra,Female,25,Noida,Noida,2026-04-07,Corporate,Referral
C000067,Krishna Yadav,Male,38,Patna,Patna,2024-02-23,Consumer,Affiliate
C000068,Vivaan Chopra,Female,25,Mumbai,Mumbai,2025-01-17,Consumer,Paid Search
C000069,Rohan Gupta,Female,57,Pune,Pune,2022-10-22,Corporate,Referral
C000070,Reyansh Patel,Male,48,Noida,Noida,2024-04-24,Consumer,Organic Search
C000071,Kavya Joshi,Male,40,Lucknow,Lucknow,2022-09-05,Consumer,Paid Search
C000072,Sanya Das,Male,41,Ahmedabad,Ahmedabad,2022-08-23,Corporate,Paid Search
C000073,Diya Yadav,Male,58,Patna,Patna,2022-01-08,Consumer,Paid Search
C000074,Aditya Nair,Male,38,Coimbatore,Coimbatore,2026-03-15,Consumer,Email
C000075,Kabir Verma,Male,38,Patna,Patna,2023-04-05,Consumer,Social Media
C000076,Vivaan Reddy,Male,41,Chandigarh,Chandigarh,2024-12-22,Consumer,Paid Search
C000077,Meera Rao,Male,50,Bhubaneswar,Bhubaneswar,2022-07-26,Home Office,Organic Search
C000078,Varun Sharma,Female,32,Mumbai,Mumbai,2024-07-31,Consumer,Marketplace
C000079,Isha Kumar,Male,28,Coimbatore,Coimbatore,2024-04-11,Consumer,Affiliate
C000080,Neha Kapoor,Female,40,Pune,Pune,2022-05-18,Consumer,Referral
C000081,Ishaan Chopra,Female,54,Nagpur,Nagpur,2022-03-02,Consumer,Marketplace
C000082,Vivaan Joshi,Unknown,40,Guwahati,Guwahati,2025-06-21,Consumer,Referral
C000083,Pooja Das,Female,32,Kolkata,Kolkata,2024-12-27,Corporate,Paid Search
C000084,Pooja Bose,Female,29,Guwahati,Guwahati,2023-10-27,Consumer,Organic Search
C000085,Varun Nair,Male,40,Visakhapatnam,Visakhapatnam,2023-12-20,Consumer,Organic Search
C000086,Nikhil Kumar,Male,32,Pune,Pune,2023-02-17,Small Business,Email
C000087,Karan Mehta,Female,50,Chandigarh,Chandigarh,2023-03-10,Small Business,Organic Search
C000088,Nikhil Singh,Female,41,Bhopal,Bhopal,2026-03-22,Consumer,Social Media
C000089,Varun Nair,Male,25,Mumbai,Mumbai,2023-11-19,Consumer,Social Media
C000090,Varun Verma,Female,24,Visakhapatnam,Visakhapatnam,2024-08-08,Home Office,Email
C000091,Varun Joshi,Female,32,Jaipur,Jaipur,2022-03-06,Consumer,Organic Search
C000092,Nisha Rao,Male,18,Gurugram,Gurugram,2024-07-15,Corporate,Social Media
C000093,Ishaan Reddy,Female,33,Bengaluru,Bengaluru,2025-08-18,Consumer,Marketplace
C000094,Manish Das,Male,25,Coimbatore,Coimbatore,2024-12-03,Consumer,Social Media
C000095,Neha Kapoor,Male,33,Kochi,Kochi,2025-05-14,Consumer,Email
C000096,Meera Chopra,Male,45,Bhubaneswar,Bhubaneswar,2023-12-25,Consumer,Referral
C000097,Riya Malhotra,Male,25,Patna,Patna,2024-05-24,Corporate,Organic Search
C000098,Rahul Patel,Female,35,Pune,Pune,2022-04-11,Consumer,Paid Search
C000099,Priya Nair,Female,27,Mysuru,Mysuru,2024-11-08,Consumer,Paid Search
C000100,Ishaan Bose,Male,36,Guwahati,Guwahati,2024-12-01,Consumer,Social Media
C000101,Priya Nair,Male,34,Bhopal,Bhopal,2022-08-18,Small Business,Paid Search
C000102,Riya Gupta,Female,32,Chandigarh,Chandigarh,2026-06-15,Consumer,Organic Search
C000103,Rohan Sharma,Male,38,Bhopal,Bhopal,2023-12-12,Corporate,Organic Search
C000104,Krishna Sharma,Female,35,Chennai,Chennai,2024-07-03,Consumer,Social Media
C000105,Ananya Singh,Male,34,Gurugram,Gurugram,2025-10-03,Consumer,Marketplace
C000106,Riya Gupta,Non-Binary,18,Delhi,Delhi,2022-12-21,Consumer,Email
C000107,Ananya Kapoor,Female,25,Bengaluru,Bengaluru,2024-05-18,Consumer,Affiliate
C000108,Neha Yadav,Female,23,Mumbai,Mumbai,2023-12-02,Small Business,Paid Search
C000109,Neha Iyer,Male,40,Visakhapatnam,Visakhapatnam,2022-01-07,Consumer,Affiliate
C000110,Rahul Gupta,Female,18,Mysuru,Mysuru,2024-08-21,Consumer,Organic Search
C000111,Diya Gupta,Female,48,Lucknow,Lucknow,2022-09-13,Consumer,Marketplace
C000112,Tanya Yadav,Male,37,Ahmedabad,Ahmedabad,2023-08-15,Corporate,Organic Search
C000113,Ishaan Iyer,Male,37,Bengaluru,Bengaluru,2023-03-13,Consumer,Organic Search
C000114,Neha Patel,Female,30,Jaipur,Jaipur,2025-02-08,Corporate,Paid Search
C000115,Sneha Patel,Female,39,Hyderabad,Hyderabad,2024-09-14,Consumer,Organic Search
C000116,Pooja Iyer,Female,54,Guwahati,Guwahati,2026-04-12,Consumer,Social Media
C000117,Reyansh Malhotra,Non-Binary,29,Jaipur,Jaipur,2022-08-12,Corporate,Paid Search
C000118,Rahul Reddy,Female,23,Bengaluru,Bengaluru,2022-12-20,Consumer,Organic Search
C000119,Priya Joshi,Male,32,Noida,Noida,2022-08-09,Small Business,Referral
C000120,Sneha Chopra,Female,24,Noida,Noida,2025-05-08,Consumer,Organic Search
C000121,Riya Das,Male,54,Indore,Indore,2023-05-08,Consumer,Paid Search
C000122,Riya Verma,Female,35,Ahmedabad,Ahmedabad,2024-02-27,Corporate,Organic Search
C000123,Nikhil Malhotra,Male,29,Bengaluru,Bengaluru,2025-05-09,Small Business,Social Media
C000124,Reyansh Rao,Female,38,Indore,Indore,2025-02-01,Corporate,Social Media
C000125,Rahul Verma,Male,34,Gurugram,Gurugram,2023-02-26,Consumer,Marketplace
C000126,Aarav Bose,Male,20,Jaipur,Jaipur,2024-01-31,Consumer,Email
C000127,Sneha Singh,Female,46,Lucknow,Lucknow,2022-11-11,Corporate,Social Media
C000128,Karan Malhotra,Female,18,Indore,Indore,2025-03-23,Consumer,Social Media
C000129,Diya Shah,Male,35,Pune,Pune,2025-11-12,Consumer,Referral
C000130,Aarav Das,Female,39,Noida,Noida,2026-04-22,Consumer,Paid Search
C000131,Meera Gupta,Female,47,Bhubaneswar,Bhubaneswar,2022-01-09,Consumer,Organic Search
C000132,Manish Iyer,Male,39,Jaipur,Jaipur,2022-03-02,Consumer,Paid Search
C000133,Isha Nair,Female,18,Delhi,Delhi,2023-11-25,Consumer,Referral
C000134,Kabir Iyer,Female,30,Kolkata,Kolkata,2024-03-15,Small Business,Social Media
C000135,Riya Nair,Female,20,Jaipur,Jaipur,2024-02-20,Consumer,Organic Search
C000136,Nisha Malhotra,Female,38,Indore,Indore,2022-05-21,Home Office,Organic Search
C000137,Riya Sharma,Male,32,Pune,Pune,2023-12-14,Consumer,Paid Search
C000138,Sneha Patel,Male,35,Guwahati,Guwahati,2025-12-09,Small Business,Paid Search
C000139,Diya Malhotra,Male,19,Gurugram,Gurugram,2023-02-16,Consumer,Paid Search
C000140,Isha Mishra,Male,28,Nagpur,Nagpur,2024-04-28,Consumer,Paid Search
C000141,Nikhil Gupta,Male,34,Indore,Indore,2024-08-25,Consumer,Referral
C000142,Ishaan Mehta,Male,18,Noida,Noida,2025-09-30,Consumer,Referral
C000143,Unknown,Female,49,Chandigarh,Chandigarh,2022-03-11,Consumer,Social Media
C000144,Ishaan Kumar,Male,48,Surat,Surat,2022-11-15,Consumer,Email
C000145,Neha Iyer,Male,32,Ahmedabad,Ahmedabad,2025-12-20,Consumer,Referral
C000146,Kabir Bose,Female,27,Surat,Surat,2026-01-19,Consumer,Organic Search
C000147,Priya Sharma,Male,34,Visakhapatnam,Visakhapatnam,2024-06-08,Consumer,Referral
C000148,Sneha Kumar,Female,40,Kochi,Kochi,2025-02-28,Corporate,Organic Search
C000149,Sanya Yadav,Female,31,Surat,Surat,,Home Office,Paid Search
C000150,Ananya Shah,Female,37,Gurugram,Gurugram,2023-06-01,Consumer,Paid Search
C000151,Rahul Mehta,Female,30,Visakhapatnam,Visakhapatnam,2023-07-11,Consumer,Paid Search
C000152,Sanya Patel,Male,41,Nagpur,Nagpur,2023-04-30,Consumer,Social Media
C000153,Aarav Rao,Male,46,Delhi,Delhi,2025-11-18,Small Business,Organic Search
C000154,Tanya Malhotra,Female,41,Ahmedabad,Ahmedabad,2022-12-23,Consumer,Organic Search
C000155,Pooja Nair,Male,37,Guwahati,Guwahati,2022-01-03,Consumer,Social Media
C000156,Rahul Chopra,Female,40,Pune,Pune,2024-08-31,Consumer,Organic Search
C000157,Ishaan Iyer,Male,18,Noida,Noida,2022-05-20,Consumer,Marketplace
C000158,Nisha Kumar,Female,20,Visakhapatnam,Visakhapatnam,2022-08-21,Corporate,Referral
C000159,Sneha Mishra,Male,25,Noida,Noida,2026-02-03,Consumer,Marketplace
C000160,Krishna Iyer,Female,38,Mysuru,Mysuru,2023-03-23,Home Office,Paid Search
C000161,Tanya Verma,Female,33,Chennai,Chennai,2025-09-16,Consumer,Marketplace
C000162,Reyansh Joshi,Male,31,Surat,Surat,2024-01-26,Small Business,Paid Search
C000163,Aditi Chopra,Male,34,Noida,Noida,2025-03-09,Consumer,Social Media
C000164,Aarav Yadav,Female,18,Visakhapatnam,Visakhapatnam,2024-10-27,Home Office,Social Media
C000165,Siddharth Mishra,Male,18,Chandigarh,Chandigarh,2023-05-09,Consumer,Social Media
C000166,Pooja Mishra,Female,38,Mysuru,Mysuru,2022-04-01,Small Business,Email
C000167,Isha Malhotra,Male,35,Patna,Patna,,Consumer,Paid Search
C000168,Diya Joshi,Male,48,Delhi,Delhi,2024-06-12,Consumer,Email
C000169,Rohan Rao,Female,29,Kolkata,Kolkata,2023-11-08,Small Business,Paid Search
C000170,Rohan Reddy,Female,36,Gurugram,Gurugram,2025-08-21,Consumer,Organic Search
C000171,Krishna Chopra,Male,48,Kolkata,Kolkata,2023-07-31,Consumer,Unknown
C000172,Siddharth Iyer,Male,31,Patna,Patna,2022-06-22,Consumer,Organic Search
C000173,Reyansh Kumar,Male,22,Lucknow,Lucknow,2025-11-14,Consumer,Organic Search
C000174,Rohan Shah,Male,24,Delhi,Delhi,2023-06-09,Small Business,Social Media
C000175,Karan Yadav,Male,18,Visakhapatnam,Visakhapatnam,2023-05-31,Consumer,Email
C000176,Aarav Shah,Male,20,Indore,Indore,2022-01-07,Corporate,Organic Search
C000177,Manish Malhotra,Male,30,Bengaluru,Bengaluru,2023-02-02,Corporate,Paid Search
C000178,Varun Reddy,Male,56,Noida,Noida,2023-02-16,Consumer,Paid Search
C000179,Nikhil Mishra,Female,27,Kolkata,Kolkata,2023-11-23,Consumer,Referral
C000180,Isha Gupta,Male,18,Chandigarh,Chandigarh,2026-05-19,Consumer,Paid Search
C000181,Krishna Mishra,Female,47,Kochi,Kochi,2025-07-06,Consumer,Marketplace
C000182,Varun Yadav,Male,18,Jaipur,Jaipur,2023-07-08,Consumer,Organic Search
C000183,Priya Patel,Male,35,Bengaluru,Bengaluru,2022-09-20,Corporate,Social Media
C000184,Aarav Singh,Female,32,Jaipur,Jaipur,2025-10-16,Corporate,Organic Search
C000185,Sanya Verma,Female,40,Jaipur,Jaipur,2022-02-17,Consumer,Paid Search
C000186,Siddharth Nair,Female,40,Jaipur,Jaipur,2024-02-17,Consumer,Social Media
C000187,Krishna Das,Female,32,Kochi,Kochi,2022-04-23,Corporate,Social Media
C000188,Pooja Iyer,Female,21,Mysuru,Mysuru,2024-05-30,Consumer,Email
C000189,Vivaan Shah,Female,22,Indore,Indore,2024-02-17,Corporate,Social Media
C000190,Ishaan Nair,Female,28,Bengaluru,Bengaluru,2023-09-13,Consumer,Marketplace
C000191,Nisha Kumar,Male,19,Gurugram,Gurugram,2025-03-30,Consumer,Social Media
C000192,Nikhil Joshi,Male,33,Bhopal,Bhopal,2026-07-05,Consumer,Marketplace
C000193,Rahul Yadav,Female,37,Nagpur,Nagpur,2024-07-07,Small Business,Unknown
C000194,Ananya Das,Male,54,Bhubaneswar,Bhubaneswar,2025-02-23,Consumer,Marketplace
C000195,Isha Rao,Female,40,Mumbai,Mumbai,2022-10-17,Consumer,Organic Search
C000196,Sanya Das,Female,27,Visakhapatnam,Visakhapatnam,2022-04-22,Consumer,Organic Search
C000197,Aarav Mishra,Male,39,Chennai,Chennai,2022-05-04,Consumer,Referral
C000198,Vikram Patel,Male,34,Chandigarh,Chandigarh,2024-09-13,Consumer,Organic Search
C000199,Karan Patel,Male,33,Ahmedabad,Ahmedabad,2024-04-02,Small Business,Social Media
C000200,Ananya Reddy,Male,18,Surat,Surat,2023-02-11,Consumer,Marketplace
C000201,Vivaan Nair,Non-Binary,30,Surat,Surat,2024-09-19,Corporate,Referral
C000202,Isha Kapoor,Female,32,Delhi,Delhi,2022-07-31,Home Office,Email
C000203,Isha Iyer,Male,27,Gurugram,Gurugram,2026-02-07,Consumer,Affiliate
C000204,Rohan Kapoor,Male,24,Mysuru,Mysuru,2022-06-16,Home Office,Marketplace
C000205,Rahul Chopra,Female,38,Bengaluru,Bengaluru,2026-02-12,Home Office,Referral
C000206,Ishaan Mishra,Female,46,Surat,Surat,2024-06-18,Corporate,Organic Search
C000207,Meera Singh,Female,27,Bhubaneswar,Bhubaneswar,2025-10-21,Corporate,Organic Search
C000208,Arjun Iyer,Male,59,Gurugram,Gurugram,2025-03-01,Corporate,Organic Search
C000209,Krishna Mishra,Female,23,Pune,Pune,2022-01-07,Consumer,Organic Search
C000210,Diya Reddy,Female,30,Mumbai,Mumbai,2026-03-15,Corporate,Social Media
C000211,Vivaan Reddy,Female,28,Surat,Surat,2024-02-11,Small Business,Email
C000212,Rahul Joshi,Female,20,Bhubaneswar,Bhubaneswar,2026-02-12,Home Office,Organic Search
C000213,Ananya Das,Male,47,Mysuru,Mysuru,2026-01-22,Corporate,Referral
C000214,Siddharth Iyer,Male,33,Nagpur,Nagpur,2025-09-08,Consumer,Social Media
C000215,Aditi Yadav,Female,30,Surat,Surat,,Home Office,Marketplace
C000216,Kabir Joshi,Female,38,Chennai,Chennai,2024-08-06,Consumer,Paid Search
C000217,Riya Singh,Female,31,Surat,Surat,2026-01-22,Consumer,Organic Search
C000218,Ananya Mishra,Male,39,Surat,Surat,2025-12-08,Consumer,Affiliate
C000219,Arjun Joshi,Female,60,Gurugram,Gurugram,2025-08-24,Consumer,Affiliate
C000220,Nisha Das,Female,22,Pune,Pune,2022-07-26,Consumer,Email
C000221,Sanya Patel,Female,59,Jaipur,Jaipur,2024-05-13,Consumer,Social Media
C000222,Priya Bose,Female,48,Surat,Surat,2022-06-15,Consumer,Paid Search
C000223,Manish Yadav,Female,34,Indore,Indore,2022-02-01,Consumer,Organic Search
C000224,Riya Shah,Female,33,Jaipur,Jaipur,2022-03-28,Consumer,Marketplace
C000225,Karan Patel,Male,22,Nagpur,Nagpur,2023-01-23,Corporate,Email
C000226,Krishna Patel,Male,26,Hyderabad,Hyderabad,,Home Office,Organic Search
C000227,Aarav Mehta,Unknown,29,Chennai,Chennai,2025-10-22,Consumer,Referral
C000228,Pooja Rao,Female,35,Nagpur,Nagpur,2024-12-26,Corporate,Social Media
C000229,Vikram Kumar,Female,29,Indore,Indore,2022-09-29,Small Business,Organic Search
C000230,Vivaan Nair,Male,33,Pune,Pune,2023-12-03,Consumer,Paid Search
C000231,Aditi Patel,Female,23,Chennai,Chennai,2023-04-24,Consumer,Social Media
C000232,Tanya Nair,Male,18,Indore,Indore,2023-12-08,Consumer,Referral
C000233,Priya Malhotra,Male,30,Nagpur,Nagpur,2024-08-29,Small Business,Marketplace
C000234,Manish Malhotra,Female,53,Pune,Pune,2024-12-13,Corporate,Paid Search
C000235,Tanya Das,Male,31,Pune,Pune,2026-05-12,Home Office,Social Media
C000236,Vikram Patel,Male,45,Hyderabad,Hyderabad,2022-03-07,Consumer,Paid Search
C000237,Meera Gupta,Male,26,Indore,Indore,2024-09-25,Consumer,Social Media
C000238,Varun Kapoor,Female,22,Delhi,Delhi,2022-09-10,Consumer,Marketplace
C000239,Nikhil Sharma,Male,31,Patna,Patna,2025-06-09,Corporate,Organic Search
C000240,Rohan Shah,Male,28,Kolkata,Kolkata,2025-04-01,Consumer,Organic Search
C000241,Riya Das,Female,31,Patna,Patna,2025-12-20,Consumer,Social Media
C000242,Neha Malhotra,Female,38,Surat,Surat,2024-07-30,Consumer,Organic Search
C000243,Pooja Mishra,Female,42,Bhopal,Bhopal,2022-06-25,Small Business,Organic Search
C000244,Siddharth Kapoor,Female,40,Kochi,Kochi,2023-01-01,Home Office,Email
C000245,Vivaan Shah,Male,27,Jaipur,Jaipur,2023-01-23,Corporate,Social Media
C000246,Meera Kumar,Male,39,Indore,Indore,2025-05-10,Home Office,Organic Search
C000247,Nikhil Verma,Female,32,Lucknow,Lucknow,2024-03-08,Consumer,Referral
C000248,Vivaan Singh,Male,41,Indore,Indore,2024-08-20,Consumer,Organic Search
C000249,Vivaan Das,Female,26,Bengaluru,Bengaluru,2024-06-17,Home Office,Affiliate
C000250,Vivaan Shah,Female,44,Delhi,Delhi,2023-01-17,Home Office,Marketplace
C000251,Manish Patel,Male,24,Mysuru,Mysuru,2024-08-08,Consumer,Referral
C000252,Ananya Sharma,Female,22,Pune,Pune,2023-06-30,Corporate,Social Media
C000253,Krishna Joshi,Male,31,Bengaluru,Bengaluru,2022-05-07,Home Office,Social Media
C000254,Varun Joshi,Male,24,Kolkata,Kolkata,2025-11-13,Consumer,Marketplace
C000255,Pooja Iyer,Female,41,Bhopal,Bhopal,2023-01-09,Home Office,Social Media
C000256,Rohan Yadav,Male,33,Gurugram,Gurugram,2023-10-12,Home Office,Social Media
C000257,Riya Kapoor,Male,29,Gurugram,Gurugram,2025-08-24,Consumer,Social Media
C000258,Ishaan Kapoor,Male,27,Chennai,Chennai,2024-03-12,Consumer,Organic Search
C000259,Siddharth Kapoor,Male,33,Patna,Patna,2022-12-23,Home Office,Organic Search
C000260,Riya Reddy,Male,35,Jaipur,Jaipur,2026-01-25,Consumer,Organic Search
C000261,Kavya Joshi,Male,39,Coimbatore,Coimbatore,2023-12-17,Consumer,Paid Search
C000262,Pooja Kumar,Female,33,Ahmedabad,Ahmedabad,2023-02-19,Home Office,Marketplace
C000263,Aditi Verma,Male,23,Visakhapatnam,Visakhapatnam,2022-08-27,Consumer,Marketplace
C000264,Arjun Bose,Male,18,Patna,Patna,2022-04-01,Small Business,Social Media
C000265,Ananya Chopra,Female,31,Coimbatore,Coimbatore,2025-05-21,Consumer,Organic Search
C000266,Priya Mehta,Female,19,Pune,Pune,2025-03-03,Consumer,Marketplace
C000267,Rahul Sharma,Female,32,Guwahati,Guwahati,2024-08-15,Consumer,Marketplace
C000268,Rohan Mishra,Male,21,Patna,Patna,2024-08-23,Home Office,Organic Search
C000269,Meera Rao,Male,24,Guwahati,Guwahati,2024-04-23,Corporate,Paid Search
C000270,ISHAAN MISHRA,Female,66,Chandigarh,Chandigarh,2024-08-13,Consumer,Organic Search
C000271,Neha Sharma,Male,54,Bhopal,Bhopal,2022-03-21,Consumer,Paid Search
C000272,Neha Verma,Male,27,Indore,Indore,2024-11-13,Consumer,Organic Search
C000273,Diya Rao,Male,58,Chandigarh,Chandigarh,2024-08-20,Consumer,Email
C000274,Vivaan Verma,Male,29,Bengaluru,Bengaluru,2025-10-23,Consumer,Social Media
C000275,Tanya Patel,Male,33,Surat,Surat,2024-08-06,Corporate,Paid Search
C000276,Siddharth Chopra,Female,28,Nagpur,Nagpur,2022-02-28,Home Office,Paid Search
C000277,Sneha Shah,Male,22,Delhi,Delhi,2024-10-29,Corporate,Social Media
C000278,Aditya Mishra,Female,42,Indore,Indore,2025-08-04,Corporate,Referral
C000279,Ishaan Mehta,Male,52,Guwahati,Guwahati,2023-07-04,Consumer,Social Media
C000280,Nisha Sharma,Male,39,Patna,Patna,2024-03-05,Consumer,Paid Search
C000281,Sanya Yadav,Male,43,Chandigarh,Chandigarh,2025-09-21,Home Office,Email
C000282,Arjun Chopra,Male,18,Mumbai,Mumbai,2022-10-02,Consumer,Organic Search
C000283,Pooja Nair,Female,53,Kolkata,Kolkata,2024-09-09,Consumer,Email
C000284,Meera Gupta,Female,32,Patna,Patna,2023-06-16,Consumer,Social Media
C000285,Rohan Sharma,Female,42,Mysuru,Mysuru,2025-04-28,Consumer,Social Media
C000286,Nisha Sharma,Female,43,Indore,Indore,2022-01-25,Corporate,Paid Search
C000287,Manish Gupta,Female,48,Pune,Pune,2024-05-25,Small Business,Social Media
C000288,Meera Verma,Male,42,Bhopal,Bhopal,2023-02-28,Consumer,Paid Search
C000289,Nikhil Malhotra,Male,35,Surat,Surat,2026-01-05,Consumer,Organic Search
C000290,Nikhil Das,Male,49,Kochi,Kochi,2023-12-15,Consumer,Paid Search
C000291,Isha Kapoor,Male,19,Indore,Indore,2022-03-04,Corporate,Marketplace
C000292,Aarav Iyer,Non-Binary,39,Kochi,Kochi,2026-01-15,Home Office,Organic Search
C000293,Varun Singh,Male,24,Mysuru,Mysuru,2022-11-26,Consumer,Email
C000294,Nikhil Mehta,Female,26,Hyderabad,Hyderabad,2024-09-01,Consumer,Social Media
C000295,Riya Patel,Female,23,Bengaluru,Bengaluru,2023-02-15,Small Business,Referral
C000296,Isha Nair,Female,18,Kochi,Kochi,2024-02-25,Small Business,Marketplace
C000297,Rohan Patel,Female,31,Bhubaneswar,Bhubaneswar,2022-12-13,Consumer,Paid Search
C000298,Rahul Kapoor,Female,41,Kolkata,Kolkata,2022-10-25,Home Office,Social Media
C000299,Rohan Verma,Male,27,Chennai,Chennai,2025-03-06,Corporate,Organic Search
C000300,Karan Verma,Male,38,Nagpur,Nagpur,2022-05-09,Consumer,Affiliate
C000301,Nikhil Nair,Male,37,Lucknow,Lucknow,2024-07-04,Home Office,Organic Search
C000302,Priya Iyer,Female,41,Gurugram,Gurugram,2026-03-02,Consumer,Organic Search
C000303,Manish Bose,Female,40,Ahmedabad,Ahmedabad,2023-01-28,Consumer,Social Media
C000304,Manish Mehta,Female,32,Chandigarh,Chandigarh,2023-01-16,Corporate,Email
C000305,Varun Singh,Female,36,Delhi,Delhi,2025-10-08,Consumer,Social Media
C000306,Vikram Gupta,Male,31,Bengaluru,Bengaluru,2026-04-12,Consumer,Organic Search
C000307,Aditya Bose,Female,24,Chennai,Chennai,2022-06-18,Consumer,Affiliate
C000308,Isha Chopra,Male,41,Bhubaneswar,Bhubaneswar,2023-01-19,Consumer,Organic Search
C000309,Riya Chopra,Male,27,Indore,Indore,2022-07-08,Consumer,Marketplace
C000310,Nikhil Kapoor,Male,22,Nagpur,Nagpur,2025-01-11,Consumer,Email
C000311,Aditya Iyer,Female,31,Ahmedabad,Ahmedabad,2025-09-29,Consumer,Email
C000312,Riya Singh,Male,37,Lucknow,Lucknow,2023-10-09,Consumer,Affiliate
C000313,Pooja Sharma,Female,31,Jaipur,Jaipur,2022-08-05,Consumer,Email
C000314,Ishaan Singh,Female,25,Pune,Pune,2025-04-03,Consumer,Paid Search
C000315,Meera Reddy,Female,49,Surat,Surat,2022-12-15,Home Office,Paid Search
C000316,Manish Singh,Male,19,Kochi,Kochi,2024-01-03,Consumer,Marketplace
C000317,Rahul Patel,Male,30,Chennai,Chennai,2023-07-14,Consumer,Email
C000318,Sneha Singh,Male,26,Chennai,Chennai,2023-06-19,Consumer,Paid Search
C000319,Karan Rao,Female,47,Gurugram,Gurugram,2026-07-11,Consumer,Paid Search
C000320,Aditi Joshi,Male,34,Jaipur,Jaipur,2025-01-08,Corporate,Social Media
C000321,Kabir Shah,Female,44,Kochi,Kochi,2024-04-19,Consumer,Email
C000322,Ananya Singh,Male,34,Lucknow,Lucknow,2025-02-27,Corporate,Organic Search
C000323,Vivaan Patel,Male,33,Visakhapatnam,Visakhapatnam,2025-01-06,Home Office,Social Media
C000324,Rahul Chopra,Male,49,Jaipur,Jaipur,2023-10-02,Corporate,Marketplace
C000325,Tanya Kapoor,Male,32,Guwahati,Guwahati,2026-03-24,Consumer,Paid Search
C000326,Karan Rao,Female,51,Nagpur,Nagpur,2025-11-30,Consumer,Social Media
C000327,Arjun Singh,Female,55,Noida,Noida,2025-09-24,Corporate,Social Media
C000328,Vikram Reddy,Male,32,Ahmedabad,Ahmedabad,2025-08-02,Home Office,Affiliate
C000329,Neha Joshi,Male,20,Lucknow,Lucknow,2026-04-07,Unknown,Organic Search
C000330,Vikram Verma,Female,35,Noida,Noida,2024-11-01,Corporate,Email
C000331,Isha Nair,Unknown,49,Lucknow,Lucknow,2023-05-09,Corporate,Affiliate
C000332,Neha Iyer,Male,29,Indore,Indore,2025-01-07,Small Business,Affiliate
C000333,Siddharth Nair,Female,40,Guwahati,Guwahati,2022-02-04,Home Office,Marketplace
C000334,Aarav Bose,Female,40,Noida,Noida,2025-08-03,Consumer,Social Media
C000335,Neha Patel,Female,20,Bhopal,Bhopal,2022-09-30,Consumer,Social Media
C000336,Reyansh Das,Female,29,Visakhapatnam,Visakhapatnam,2026-05-18,Consumer,Email
C000337,Vivaan Reddy,Male,36,Surat,Surat,2024-08-25,Consumer,Marketplace
C000338,Tanya Reddy,Male,28,Visakhapatnam,Visakhapatnam,2024-04-27,Consumer,Affiliate
C000339,Vivaan Iyer,Female,29,Nagpur,Nagpur,2023-04-28,Consumer,Organic Search
C000340,Kabir Singh,Female,31,Jaipur,Jaipur,2023-10-13,Consumer,Organic Search
C000341,Vivaan Mehta,Female,47,Kolkata,Kolkata,2025-01-11,Small Business,Email
C000342,Arjun Gupta,Male,36,Chandigarh,Chandigarh,2023-12-13,Consumer,Social Media
C000343,Priya Bose,Male,36,Surat,Surat,2022-09-19,Corporate,Paid Search
C000344,Sneha Reddy,Male,24,Guwahati,Guwahati,2023-05-22,Consumer,Social Media
C000345,Rahul Mishra,Female,49,Lucknow,Lucknow,2025-09-08,Consumer,Email
C000346,Siddharth Mishra,Female,24,Noida,Noida,2024-01-19,Consumer,Referral
C000347,Kavya Sharma,Male,23,Indore,Indore,2025-03-03,Small Business,Organic Search
C000348,Rohan Iyer,Male,34,Guwahati,Guwahati,2026-02-22,Small Business,Organic Search
C000349,Rahul Kapoor,Female,23,Gurugram,Gurugram,2022-03-10,Consumer,Referral
C000350,Riya Malhotra,Female,20,Hyderabad,Hyderabad,2024-08-13,Consumer,Marketplace
C000351,Kavya Kumar,Female,28,Lucknow,Lucknow,2022-01-25,Corporate,Paid Search
C000352,Reyansh Patel,Female,31,Ahmedabad,Ahmedabad,2022-02-24,Consumer,Organic Search
C000353,Varun Reddy,Male,20,Chennai,Chennai,2025-06-14,Small Business,Affiliate
C000354,Meera Malhotra,Female,21,Ahmedabad,Ahmedabad,2022-12-04,Consumer,Marketplace
C000355,Reyansh Shah,Male,25,Kochi,Kochi,2024-09-05,Consumer,Organic Search
C000356,Aditi Singh,Female,31,Mumbai,Mumbai,2023-04-26,Consumer,Affiliate
C000357,Nisha Patel,Female,28,Hyderabad,Hyderabad,2024-12-26,Corporate,Paid Search
C000358,Vivaan Das,Female,47,Bhubaneswar,Bhubaneswar,2025-12-06,Consumer,Organic Search
C000359,Priya Verma,Female,31,Noida,Noida,2023-11-18,Consumer,Organic Search
C000360,Aditi Iyer,Female,52,Mysuru,Mysuru,2022-04-06,Consumer,Organic Search
C000361,Priya Mehta,Female,35,Hyderabad,Hyderabad,2025-12-21,Consumer,Social Media
C000362,Priya Sharma,Female,36,Ahmedabad,Ahmedabad,2022-12-22,Consumer,Social Media
C000363,Arjun Malhotra,Female,34,Hyderabad,Hyderabad,2026-05-23,Consumer,Organic Search
C000364,Nisha Rao,Female,35,Visakhapatnam,Visakhapatnam,2025-01-19,Consumer,Social Media
C000365,Arjun Reddy,Male,35,Nagpur,Nagpur,2025-05-03,Consumer,Social Media
C000366,Reyansh Sharma,Female,38,Lucknow,Lucknow,2022-07-08,Consumer,Marketplace
C000367,Kavya Mehta,Male,18,Mumbai,Mumbai,2022-12-24,Consumer,Email
C000368,Siddharth Bose,Male,20,Chennai,Chennai,2023-04-21,Consumer,Social Media
C000369,Aditi Das,Female,19,Coimbatore,Coimbatore,2026-04-24,Corporate,Paid Search
C000370,Nisha Das,Male,43,Kolkata,Kolkata,2024-06-25,Small Business,Marketplace
C000371,Ananya Bose,Male,46,Mumbai,Mumbai,2022-02-18,Consumer,Referral
C000372,Nisha Shah,Male,25,Noida,Noida,2026-07-09,Consumer,Social Media
C000373,Priya Reddy,Female,34,Mysuru,Mysuru,2024-03-07,Consumer,Paid Search
C000374,Nikhil Rao,Female,23,Pune,Pune,2024-11-13,Consumer,Organic Search
C000375,Krishna Mehta,Female,34,Bengaluru,Bengaluru,2024-10-30,Consumer,Paid Search
C000376,Arjun Patel,Female,37,Ahmedabad,Ahmedabad,2025-12-08,Consumer,Paid Search
C000377,Varun Mishra,Female,34,Coimbatore,Coimbatore,2022-03-13,Consumer,Social Media
C000378,Ishaan Verma,Male,29,Bengaluru,Bengaluru,2023-04-27,Consumer,Organic Search
C000379,Manish Das,Male,28,Indore,Indore,2023-05-04,Small Business,Marketplace
C000380,Aarav Das,Female,41,Lucknow,Lucknow,,Consumer,Organic Search
C000381,Kavya Mishra,Female,20,Coimbatore,Coimbatore,2025-02-22,Consumer,Marketplace
C000382,Pooja Chopra,Male,48,Chennai,Chennai,2026-05-27,Consumer,Email
C000383,Siddharth Mishra,Male,33,Chandigarh,Chandigarh,2026-03-15,Consumer,Marketplace
C000384,Siddharth Sharma,Male,22,Lucknow,Lucknow,2022-09-15,Consumer,Referral
C000385,Aditya Yadav,Male,28,Patna,Patna,2024-11-12,Consumer,Organic Search
C000386,Rahul Mishra,Male,36,Bengaluru,Bengaluru,2024-07-07,Consumer,Social Media
C000387,Nisha Gupta,Male,22,Pune,Pune,2024-03-11,Consumer,Organic Search
C000388,Karan Kumar,Female,18,Lucknow,Lucknow,2023-04-22,Consumer,Social Media
C000389,Riya Verma,Female,25,Gurugram,Gurugram,2023-06-03,Consumer,Organic Search
C000390,Sanya Mehta,Female,35,Lucknow,Lucknow,2024-08-01,Consumer,Social Media
C000391,Aarav Sharma,Male,32,Noida,Noida,2025-01-01,Consumer,Paid Search
C000392,Nisha Iyer,Male,27,Visakhapatnam,Visakhapatnam,2022-02-10,Consumer,Social Media
C000393,Nikhil Chopra,Male,42,Pune,Pune,2023-07-13,Consumer,Referral
C000394,Riya Nair,Male,27,Ahmedabad,Ahmedabad,2025-04-03,Home Office,Social Media
C000395,Kabir Mehta,Male,36,Nagpur,Nagpur,2024-11-07,Consumer,Organic Search
C000396,Kavya Joshi,Non-Binary,34,Nagpur,Nagpur,2026-01-15,Corporate,Marketplace
C000397,Diya Sharma,Male,50,Bhopal,Bhopal,2026-01-02,Home Office,Social Media
C000398,Priya Kapoor,Female,27,Delhi,Delhi,2024-12-26,Consumer,Social Media
C000399,Arjun Nair,Male,18,Ahmedabad,Ahmedabad,2024-12-24,Consumer,Paid Search
C000400,Diya Kumar,Male,34,Chennai,Chennai,2026-05-20,Corporate,Marketplace
C000401,Varun Joshi,Male,21,Mysuru,Mysuru,2026-03-14,Consumer,Organic Search
C000402,Diya Kapoor,Female,21,Pune,Pune,2022-09-10,Home Office,Marketplace
C000403,Meera Das,Female,33,Pune,Pune,2024-04-07,Consumer,Paid Search
C000404,Aditi Malhotra,Male,46,Visakhapatnam,Visakhapatnam,2026-07-28,Consumer,Email
C000405,rohan verma,Non-Binary,45,Mumbai,Mumbai,2022-11-25,Consumer,Paid Search
C000406,Kavya Singh,Female,27,Surat,Surat,2025-06-27,Consumer,Referral
C000407,Krishna Kumar,Male,40,Noida,Noida,2024-07-03,Consumer,Organic Search
C000408,Aditi Verma,Female,18,Visakhapatnam,Visakhapatnam,2024-06-19,Consumer,Marketplace
C000409,Aarav Gupta,Female,36,Surat,Surat,2025-04-05,Consumer,Organic Search
C000410,Rohan Verma,Male,46,Mumbai,Mumbai,2024-02-07,Corporate,Social Media
C000411,Neha Nair,Female,18,Kolkata,Kolkata,2025-08-22,Consumer,Affiliate
C000412,Siddharth Reddy,Female,28,Bengaluru,Bengaluru,2023-07-23,Consumer,Referral
C000413,Kavya Singh,Female,33,Visakhapatnam,Visakhapatnam,2025-08-07,Home Office,Marketplace
C000414,Vikram Patel,Male,18,Gurugram,Gurugram,2026-03-16,Home Office,Marketplace
C000415,Aarav Gupta,Male,32,Surat,Surat,2022-04-01,Home Office,Organic Search
C000416,Varun Rao,Female,26,Kolkata,Kolkata,2025-04-02,Consumer,Social Media
C000417,Diya Patel,Male,20,Pune,Pune,2024-07-18,Consumer,Paid Search
C000418,Aarav Malhotra,Female,58,Pune,Pune,2024-05-30,Home Office,Email
C000419,Arjun Kapoor,Male,22,Kochi,Kochi,2023-12-19,Home Office,Affiliate
C000420,Krishna Yadav,Female,29,Gurugram,Gurugram,2025-08-05,Consumer,Email
C000421,Manish Patel,Male,48,Bhopal,Bhopal,2025-03-08,Small Business,Organic Search
C000422,Vivaan Joshi,Female,29,Nagpur,Nagpur,2024-03-07,Consumer,Affiliate
C000423,Rahul Sharma,Female,44,Patna,Patna,2026-05-31,Small Business,Social Media
C000424,Meera Gupta,Unknown,36,Delhi,Delhi,2022-08-07,Consumer,Social Media
C000425,Isha Kapoor,Female,41,Ahmedabad,Ahmedabad,2026-03-16,Consumer,Social Media
C000426,Aditi Das,Female,27,Ahmedabad,Ahmedabad,2022-08-07,Home Office,Referral
C000427,Siddharth Reddy,Female,42,Chandigarh,Chandigarh,,Consumer,Marketplace
C000428,Karan Kapoor,Male,28,Pune,Pune,2023-05-30,Consumer,Organic Search
C000429,Aditi Nair,Male,33,Bhopal,Bhopal,2023-07-01,Corporate,Email
C000430,Rahul Yadav,Female,21,Bhopal,Bhopal,2023-08-02,Consumer,Referral
C000431,Siddharth Mehta,Female,39,Kolkata,Kolkata,2022-01-02,Consumer,Social Media
C000432,Aditya Mehta,Female,39,Delhi,Delhi,2023-02-24,Consumer,Social Media
C000433,Vikram Bose,Male,38,Coimbatore,Coimbatore,2024-11-30,Corporate,Social Media
C000434,Riya Verma,Female,48,Kolkata,Kolkata,2023-04-27,Corporate,Marketplace
C000435,Kabir Gupta,Male,28,Pune,Pune,2024-05-02,Consumer,Email
C000436,Kavya Malhotra,Female,33,Bhubaneswar,Bhubaneswar,2023-07-31,Home Office,Organic Search
C000437,Nikhil Sharma,Male,31,Bhopal,Bhopal,2024-06-07,Home Office,Paid Search
C000438,Rahul Rao,Female,28,Visakhapatnam,Visakhapatnam,2024-03-17,Consumer,Organic Search
C000439,Arjun Yadav,Male,23,Pune,Pune,2025-07-07,Home Office,Social Media
C000440,Rahul Nair,Male,27,Bhopal,Bhopal,2022-03-26,Home Office,Email
C000441,Manish Singh,Male,35,Bengaluru,Bengaluru,2025-01-23,Consumer,Organic Search
C000442,Sanya Das,Female,21,Hyderabad,Hyderabad,2022-09-01,Consumer,Paid Search
C000443,Riya Kapoor,Non-Binary,51,Chennai,Chennai,2022-03-02,Consumer,Organic Search
C000444,Sneha Rao,Male,18,Patna,Patna,2024-06-26,Corporate,Email
C000445,Tanya Gupta,Male,42,Pune,Pune,2023-12-24,Consumer,Social Media
C000446,Sanya Nair,Male,36,Mysuru,Mysuru,2026-04-07,Consumer,Referral
C000447,Nikhil Kumar,Male,28,Pune,Pune,2022-07-16,Consumer,Social Media
C000448,Meera Mehta,Female,34,Mumbai,Mumbai,2023-08-21,Corporate,Organic Search
C000449,Isha Kumar,Female,28,Bhubaneswar,Bhubaneswar,2023-06-10,Consumer,Paid Search
C000450,Priya Singh,Female,39,Ahmedabad,Ahmedabad,2023-12-31,Consumer,Referral
C000451,Ishaan Patel,Female,33,Visakhapatnam,Visakhapatnam,2026-07-08,Consumer,Paid Search
C000452,Rohan Mishra,Female,29,Unknown,Unknown,2022-07-16,Corporate,Paid Search
C000453,Arjun Mishra,Female,26,Kolkata,Kolkata,2024-07-03,Home Office,Organic Search
C000454,Isha Singh,Male,38,Bhopal,Bhopal,2023-07-03,Consumer,Paid Search
C000455,Manish Kapoor,Female,53,Mumbai,Mumbai,2022-01-07,Consumer,Paid Search
C000456,Meera Verma,Female,33,Chandigarh,Chandigarh,2025-08-04,Consumer,Email
C000457,Kavya Reddy,Female,42,Gurugram,Gurugram,2025-12-30,Small Business,Organic Search
C000458,Riya Mehta,Male,32,Hyderabad,Hyderabad,2025-08-12,Consumer,Social Media
C000459,Tanya Rao,Male,38,Mumbai,Mumbai,2023-10-23,Consumer,Organic Search
C000460,Nisha Singh,Male,34,Coimbatore,Coimbatore,2022-10-15,Small Business,Affiliate
C000461,Nikhil Mehta,Female,36,Kolkata,Kolkata,2023-11-15,Corporate,Referral
C000462,Aditya Sharma,Male,24,Bhubaneswar,Bhubaneswar,2024-12-22,Corporate,Affiliate
C000463,Isha Bose,Male,40,Coimbatore,Coimbatore,2026-07-10,Consumer,Email
C000464,Reyansh Das,Male,32,Ahmedabad,Ahmedabad,2023-09-15,Consumer,Email
C000465,Neha Singh,Female,21,Bhubaneswar,Bhubaneswar,2024-04-23,Consumer,Organic Search
C000466,Vikram Gupta,Male,20,Ahmedabad,Ahmedabad,2022-05-05,Small Business,Social Media
C000467,Tanya Kapoor,Male,38,Gurugram,Gurugram,2026-06-10,Corporate,Organic Search
C000468,Vikram Verma,Female,29,Delhi,Delhi,2024-03-22,Corporate,Social Media
C000469,Priya Kumar,Female,44,Pune,Pune,2026-01-12,Home Office,Organic Search
C000470,Karan Shah,Male,33,Hyderabad,Hyderabad,2024-12-21,Consumer,Marketplace
C000471,Aditya Iyer,Male,54,Chandigarh,Chandigarh,2024-12-24,Corporate,Paid Search
C000472,Rohan Patel,Male,30,Gurugram,Gurugram,2022-11-11,Consumer,Paid Search
C000473,Riya Yadav,Female,18,Hyderabad,Hyderabad,2025-02-11,Consumer,Organic Search
C000474,Diya Mehta,Female,21,Coimbatore,Coimbatore,2023-04-10,Home Office,Marketplace
C000475,Ishaan Sharma,Male,22,Patna,Patna,2025-09-09,Consumer,Referral
C000476,Pooja Singh,Male,41,Indore,Indore,2025-08-22,Small Business,Paid Search
C000477,Neha Kumar,Male,46,Lucknow,Lucknow,2022-04-13,Consumer,Marketplace
C000478,Neha Sharma,Female,28,Mysuru,Mysuru,2022-02-04,Consumer,Marketplace
C000479,Riya Malhotra,Male,31,Hyderabad,Hyderabad,2023-12-06,Corporate,Marketplace
C000480,Meera Singh,Female,18,Kolkata,Kolkata,2025-11-29,Consumer,Marketplace
C000481,Aditi Bose,Female,30,Bhubaneswar,Bhubaneswar,2023-04-29,Corporate,Organic Search
C000482,Diya Yadav,Female,39,Jaipur,Jaipur,2026-05-06,Small Business,Social Media
C000483,Sanya Kapoor,Female,35,Ahmedabad,Ahmedabad,2023-09-26,Consumer,Organic Search
C000484,Krishna Bose,Female,34,Bengaluru,Bengaluru,2024-02-21,Home Office,Referral
C000485,Manish Patel,Female,49,Mumbai,Mumbai,2026-06-03,Home Office,Email
C000486,Sanya Bose,Male,24,Chandigarh,Chandigarh,2024-04-19,Home Office,Email
C000487,Aarav Iyer,Female,45,Delhi,Delhi,2022-11-03,Consumer,Paid Search
C000488,Neha Bose,Male,45,Patna,Patna,2025-11-09,Consumer,Social Media
C000489,Sneha Rao,Female,23,Guwahati,Guwahati,2026-01-12,Consumer,Paid Search
C000490,Meera Mishra,Female,32,Bhopal,Bhopal,2023-10-04,Consumer,Email
C000491,Varun Sharma,Male,21,Coimbatore,Coimbatore,2024-06-28,Consumer,Social Media
C000492,Tanya Chopra,Male,48,Mysuru,Mysuru,2024-11-25,Corporate,Referral
C000493,Sanya Yadav,Female,18,Bengaluru,Bengaluru,2024-04-26,Consumer,Marketplace
C000494,Aditya Das,Male,22,Surat,Surat,2023-01-24,Consumer,Social Media
C000495,Vikram Chopra,Female,18,Delhi,Delhi,2022-06-17,Consumer,Organic Search
C000496,Rahul Iyer,Non-Binary,33,Delhi,Delhi,2024-05-13,Consumer,Social Media
C000497,Arjun Iyer,Male,30,Jaipur,Jaipur,2023-07-05,Consumer,Social Media
C000498,Nikhil Rao,Female,26,Mumbai,Mumbai,2024-11-11,Consumer,Paid Search
C000499,Aditya Sharma,Male,39,Guwahati,Guwahati,,Consumer,Social Media
C000500,Tanya Patel,Female,37,Coimbatore,Coimbatore,2022-11-26,Consumer,Marketplace
C000501,Ishaan Shah,Female,38,Gurugram,Gurugram,2024-07-09,Consumer,Organic Search
C000502,Aarav Sharma,Female,35,Hyderabad,Hyderabad,2024-10-03,Consumer,Email
C000503,Rohan Bose,Female,38,Nagpur,Nagpur,2022-03-17,Consumer,Paid Search
C000504,Priya Mishra,Female,41,Coimbatore,Coimbatore,2026-06-30,Consumer,Organic Search
C000505,Vikram Patel,Female,26,Pune,Pune,2023-10-26,Consumer,Organic Search
C000506,Manish Das,Female,26,Lucknow,Lucknow,2024-02-22,Consumer,Organic Search
C000507,Rohan Iyer,Male,48,Guwahati,Guwahati,2022-09-16,Corporate,Social Media
C000508,Sanya Reddy,Female,35,Bhubaneswar,Bhubaneswar,2023-09-21,Consumer,Paid Search
C000509,Varun Bose,Male,27,Guwahati,Guwahati,2024-05-06,Consumer,Paid Search
C000510,Nisha Shah,Female,43,Hyderabad,Hyderabad,2022-04-10,Small Business,Social Media
C000511,Vivaan Iyer,Female,18,Coimbatore,Coimbatore,2024-08-28,Home Office,Social Media
C000512,Tanya Iyer,Male,34,Ahmedabad,Ahmedabad,2024-11-11,Consumer,Social Media
C000513,Krishna Das,Male,18,Ahmedabad,Ahmedabad,2025-03-27,Corporate,Paid Search
C000514,Krishna Iyer,Female,29,Hyderabad,Hyderabad,2026-05-19,Consumer,Organic Search
C000515,Nikhil Mishra,Non-Binary,45,Jaipur,Jaipur,2022-02-21,Consumer,Organic Search
C000516,Vikram Shah,Male,47,Bhopal,Bhopal,2025-06-01,Small Business,Organic Search
C000517,Manish Patel,Male,55,Gurugram,Gurugram,2026-04-26,Consumer,Organic Search
C000518,Manish Mehta,Female,35,Bengaluru,Bengaluru,2025-05-17,Consumer,Marketplace
C000519,Ananya Yadav,Female,34,Gurugram,Gurugram,2025-04-08,Consumer,Social Media
C000520,Kabir Nair,Non-Binary,27,Patna,Patna,2024-06-09,Consumer,Marketplace
C000521,Arjun Yadav,Male,28,Delhi,Delhi,2024-07-11,Consumer,Paid Search
C000522,Arjun Yadav,Female,36,Visakhapatnam,Visakhapatnam,2022-12-30,Corporate,Social Media
C000523,Rahul Rao,Female,43,Surat,Surat,2026-06-17,Consumer,Email
C000524,Sanya Shah,Male,24,Bhubaneswar,Bhubaneswar,2024-02-15,Consumer,Organic Search
C000525,Krishna Reddy,Female,32,Indore,Indore,2024-09-14,Consumer,Organic Search
C000526,Nikhil Patel,Female,35,Mysuru,Mysuru,2023-10-05,Home Office,Paid Search
C000527,Pooja Iyer,Male,44,Bhubaneswar,Bhubaneswar,2025-10-03,Consumer,Referral
C000528,Meera Verma,Male,27,Bhopal,Bhopal,2026-07-06,Corporate,Referral
C000529,Riya Mehta,Female,23,Bhubaneswar,Bhubaneswar,2025-06-23,Corporate,Paid Search
C000530,Siddharth Verma,Male,45,Delhi,Delhi,2025-03-15,Consumer,Social Media
C000531,Meera Chopra,Female,22,Nagpur,Nagpur,2025-02-09,Home Office,Affiliate
C000532,Kabir Patel,Male,29,Surat,Surat,2022-01-26,Consumer,Affiliate
C000533,Ishaan Singh,Female,38,Pune,Pune,2022-04-21,Consumer,Email
C000534,Rohan Yadav,Female,44,Gurugram,Gurugram,2026-03-05,Home Office,Organic Search
C000535,Rahul Nair,Male,35,Kochi,Kochi,2023-11-11,Home Office,Paid Search
C000536,Aarav Reddy,Female,26,Patna,Patna,2025-05-02,Consumer,Referral
C000537,Riya Nair,Female,39,Hyderabad,Hyderabad,2026-05-17,Consumer,Referral
C000538,Rohan Iyer,Female,34,Nagpur,Nagpur,2026-05-10,Consumer,Email
C000539,Vivaan Chopra,Male,36,Nagpur,Nagpur,2024-02-23,Corporate,Social Media
C000540,Isha Chopra,Female,26,Visakhapatnam,Visakhapatnam,2022-09-04,Corporate,Email
C000541,Nisha Yadav,Female,37,Bengaluru,Bengaluru,2022-02-16,Consumer,Paid Search
C000542,Vikram Patel,Male,25,Gurugram,Gurugram,2023-03-14,Consumer,Social Media
C000543,Vikram Iyer,Female,50,Noida,Noida,2024-02-21,Consumer,Social Media
C000544,Unknown,Non-Binary,24,Chennai,Chennai,2024-07-31,Corporate,Organic Search
C000545,Varun Shah,Female,30,Guwahati,Guwahati,2023-09-12,Consumer,Paid Search
C000546,Aarav Das,Female,27,Hyderabad,Hyderabad,2026-07-31,Small Business,Email
C000547,Kabir Verma,Male,22,Mumbai,Mumbai,2024-12-22,Consumer,Marketplace
C000548,Rohan Nair,Non-Binary,46,Noida,Noida,2022-11-04,Consumer,Paid Search
C000549,Vivaan Gupta,Female,35,Gurugram,Gurugram,2024-04-19,Consumer,Organic Search
C000550,Kavya Patel,Male,34,Kolkata,Kolkata,2022-11-18,Consumer,Paid Search
C000551,Ananya Mehta,Female,28,Mysuru,Mysuru,2022-08-08,Consumer,Paid Search
C000552,Siddharth Verma,Male,37,Bhopal,Bhopal,2022-05-28,Consumer,Paid Search
C000553,Nisha Das,Female,39,Mumbai,Mumbai,2025-09-04,Consumer,Social Media
C000554,Siddharth Mishra,Male,44,Gurugram,Gurugram,2023-01-15,Consumer,Referral
C000555,Neha Das,Female,42,Kolkata,Kolkata,2023-07-03,Consumer,Social Media
C000556,Rohan Reddy,Male,31,Surat,Surat,2022-02-19,Consumer,Organic Search
C000557,Isha Iyer,Female,46,Bengaluru,Bengaluru,2025-10-10,Consumer,Marketplace
C000558,Krishna Shah,Female,18,Bhopal,Bhopal,2025-01-23,Home Office,Organic Search
C000559,Aditya Rao,Male,38,Visakhapatnam,Visakhapatnam,2023-03-02,Consumer,Email
C000560,Ishaan Mehta,Female,24,Bhubaneswar,Bhubaneswar,2024-02-13,Home Office,Affiliate
C000561,Vivaan Sharma,Male,18,Nagpur,Nagpur,2023-07-08,Consumer,Marketplace
C000562,Krishna Patel,Female,38,Coimbatore,Coimbatore,2024-11-25,Consumer,Referral
C000563,Ishaan Patel,Male,37,Bhubaneswar,Bhubaneswar,2022-11-16,Corporate,Marketplace
C000564,Siddharth Gupta,Female,25,Delhi,Delhi,2023-10-04,Consumer,Social Media
C000565,Vivaan Malhotra,Female,37,Patna,Patna,2024-03-10,Small Business,Marketplace
C000566,Reyansh Rao,Male,26,Patna,Patna,2022-12-25,Home Office,Organic Search
C000567,Nisha Kapoor,Female,25,Gurugram,Gurugram,2023-08-22,Consumer,Paid Search
C000568,Kabir Yadav,Male,58,Patna,Patna,2025-03-27,Consumer,Paid Search
C000569,REYANSH BOSE,Male,38,Delhi,Delhi,2025-01-07,Consumer,Marketplace
C000570,Karan Patel,Male,46,Noida,Noida,2025-01-25,Consumer,Paid Search
C000571,Tanya Mehta,Male,37,Unknown,Unknown,2025-05-30,Consumer,Organic Search
C000572,Rohan Bose,Male,40,Kochi,Kochi,2022-03-31,Corporate,Organic Search
C000573,Vivaan Malhotra,Female,28,Ahmedabad,Ahmedabad,2026-02-27,Consumer,Social Media
C000574,Siddharth Singh,Male,47,Mumbai,Mumbai,2025-02-16,Consumer,Email
C000575,Ishaan Mehta,Female,40,Delhi,Delhi,2022-07-03,Consumer,Referral
C000576,Aditi Nair,Female,36,Delhi,Delhi,2025-10-01,Consumer,Social Media
C000577,Diya Bose,Female,21,Bhopal,Bhopal,2024-12-19,Corporate,Paid Search
C000578,Neha Verma,Female,28,Guwahati,Guwahati,2023-10-19,Corporate,Marketplace
C000579,Ananya Das,Male,48,Bengaluru,Bengaluru,2022-09-21,Corporate,Marketplace
C000580,Krishna Kapoor,Male,35,Chandigarh,Chandigarh,2022-11-29,Consumer,Social Media
C000581,Kabir Patel,Male,20,Hyderabad,Hyderabad,2023-02-24,Consumer,Email
C000582,Karan Sharma,Male,28,Lucknow,Lucknow,2025-04-18,Small Business,Organic Search
C000583,Manish Kapoor,Female,37,Pune,Pune,2022-01-11,Home Office,Organic Search
C000584,Aarav Iyer,Male,24,Bhubaneswar,Bhubaneswar,2025-10-12,Corporate,Affiliate
C000585,Diya Bose,Female,25,Indore,Indore,2024-11-17,Consumer,Paid Search
C000586,Neha Patel,Male,28,Kolkata,Kolkata,2026-04-02,Small Business,Social Media
C000587,Aditya Joshi,Female,36,Ahmedabad,Ahmedabad,2023-02-03,Home Office,Social Media
C000588,Ananya Rao,Female,29,Mumbai,Mumbai,2022-10-12,Consumer,Referral
C000589,Vivaan Mishra,Female,21,Ahmedabad,Ahmedabad,2022-06-27,Corporate,Email
C000590,Nisha Singh,Female,23,Indore,Indore,2025-08-16,Home Office,Marketplace
C000591,Riya Yadav,Male,25,Visakhapatnam,Visakhapatnam,2025-03-17,Consumer,Marketplace
C000592,Tanya Mishra,Female,43,Lucknow,Lucknow,2023-03-25,Consumer,Paid Search
C000593,Ishaan Malhotra,Female,57,Kolkata,Kolkata,2024-07-20,Consumer,Paid Search
C000594,Unknown,Non-Binary,39,Kochi,Kochi,2023-07-01,Consumer,Paid Search
C000595,Isha Mehta,Male,26,Kochi,Kochi,2022-10-21,Corporate,Paid Search
C000596,Reyansh Gupta,Male,36,Kolkata,Kolkata,2022-11-16,Corporate,Marketplace
C000597,Varun Nair,Male,39,Bengaluru,Bengaluru,2024-08-13,Corporate,Paid Search
C000598,Tanya Yadav,Female,34,Hyderabad,Hyderabad,2025-04-23,Consumer,Organic Search
C000599,Aditi Kapoor,Male,23,Kochi,Kochi,2022-09-29,Consumer,Organic Search
C000600,Riya Mishra,Male,31,Chandigarh,Chandigarh,2024-05-23,Consumer,Affiliate
C000601,Siddharth Bose,Female,21,Guwahati,Guwahati,2024-06-08,Home Office,Social Media
C000602,Riya Verma,Female,36,Guwahati,Guwahati,2024-09-15,Consumer,Organic Search
C000603,Rahul Rao,Female,56,Coimbatore,Coimbatore,2022-01-08,Corporate,Social Media
C000604,Aditya Kapoor,Female,42,Hyderabad,Hyderabad,2025-06-25,Consumer,Referral
C000605,Vivaan Reddy,Male,34,Pune,Pune,2022-12-24,Consumer,Referral
C000606,Pooja Sharma,Female,46,Mysuru,Mysuru,2022-07-31,Consumer,Social Media
C000607,Priya Mishra,Male,28,Guwahati,Guwahati,2022-11-03,Home Office,Marketplace
C000608,Pooja Nair,Female,26,Gurugram,Gurugram,2025-04-18,Consumer,Social Media
C000609,Karan Kumar,Female,29,Pune,Pune,2026-02-20,Consumer,Organic Search
C000610,Vikram Malhotra,Male,40,Bhopal,Bhopal,2026-02-20,Consumer,Social Media
C000611,Ishaan Sharma,Female,47,Mumbai,Mumbai,2026-05-29,Home Office,Affiliate
C000612,Tanya Chopra,Female,36,Jaipur,Jaipur,2024-12-13,Consumer,Organic Search
C000613,Sneha Patel,Female,42,Visakhapatnam,Visakhapatnam,2022-10-23,Home Office,Social Media
C000614,Karan Mehta,Male,21,Guwahati,Guwahati,2025-12-07,Corporate,Organic Search
C000615,Aarav Chopra,Female,37,Bhubaneswar,Bhubaneswar,2022-05-11,Consumer,Organic Search
C000616,Vikram Singh,Female,25,Mumbai,Mumbai,2024-04-04,Consumer,Organic Search
C000617,Vikram Kumar,Male,30,Bhopal,Bhopal,2026-05-09,Corporate,Social Media
C000618,Kabir Nair,Female,30,Bengaluru,Bengaluru,2022-03-04,Corporate,Referral
C000619,Rahul Malhotra,Male,35,Ahmedabad,Ahmedabad,2022-11-30,Consumer,Marketplace
C000620,Siddharth Rao,Female,38,Noida,Noida,2025-03-01,Corporate,Referral
C000621,Vikram Iyer,Male,30,Chennai,Chennai,2024-01-27,Home Office,Paid Search
C000622,Aditi Singh,Male,49,Surat,Surat,2025-11-01,Consumer,Organic Search
C000623,Vikram Nair,Male,23,Bengaluru,Bengaluru,2022-05-24,Consumer,Social Media
C000624,Diya Patel,Female,28,Kochi,Kochi,2022-06-10,Consumer,Referral
C000625,Vikram Joshi,Male,34,Visakhapatnam,Visakhapatnam,2022-09-27,Consumer,Email
C000626,Ananya Kumar,Male,34,Lucknow,Lucknow,2023-12-18,Consumer,Referral
C000627,Tanya Shah,Male,21,Kolkata,Kolkata,2025-12-24,Consumer,Referral
C000628,Kabir Gupta,Male,41,Delhi,Delhi,2026-02-01,Corporate,Referral
C000629,Kavya Bose,Non-Binary,18,Ahmedabad,Ahmedabad,2022-02-10,Home Office,Referral
C000630,Diya Mishra,Male,35,Mumbai,Mumbai,2023-09-28,Consumer,Organic Search
C000631,Sneha Das,Male,20,Lucknow,Lucknow,2022-11-13,Consumer,Social Media
C000632,Riya Iyer,Female,32,Mysuru,Mysuru,2022-09-02,Consumer,Affiliate
C000633,Riya Chopra,Male,28,Patna,Patna,2025-01-20,Consumer,Paid Search
C000634,Karan Malhotra,Female,26,Guwahati,Guwahati,2025-09-25,Consumer,Paid Search
C000635,Meera Sharma,Male,28,Nagpur,Nagpur,2025-11-02,Consumer,Organic Search
C000636,Tanya Iyer,Female,47,Chennai,Chennai,2022-04-13,Consumer,Referral
C000637,Karan Mehta,Female,45,Bhubaneswar,Bhubaneswar,2026-01-06,Corporate,Referral
C000638,Ishaan Kumar,Female,35,Mumbai,Mumbai,2022-10-01,Small Business,Paid Search
C000639,Aarav Iyer,Female,31,Jaipur,Jaipur,2022-07-28,Corporate,Referral
C000640,Sneha Patel,Male,19,Delhi,Delhi,2023-07-01,Consumer,Paid Search
C000641,Arjun Reddy,Female,22,Kolkata,Kolkata,2022-05-17,Consumer,Paid Search
C000642,Varun Mehta,Male,55,Visakhapatnam,Visakhapatnam,2022-09-17,Home Office,Paid Search
C000643,Sanya Sharma,Female,24,Guwahati,Guwahati,2025-04-14,Consumer,Referral
C000644,Riya Das,Male,41,Noida,Noida,2023-09-19,Corporate,Social Media
C000645,Tanya Gupta,Male,44,Indore,Indore,2023-04-03,Consumer,Organic Search
C000646,Riya Chopra,Non-Binary,20,Kochi,Kochi,2026-05-02,Corporate,Organic Search
C000647,Kabir Mishra,Male,43,Kolkata,Kolkata,2025-03-22,Consumer,Social Media
C000648,Nikhil Gupta,Male,25,Jaipur,Jaipur,2022-06-01,Consumer,Social Media
C000649,Reyansh Shah,Female,33,Chandigarh,Chandigarh,2025-06-03,Consumer,Email
C000650,Kavya Bose,Male,40,Hyderabad,Hyderabad,2024-12-08,Home Office,Email
C000651,Arjun Malhotra,Female,49,Mumbai,Mumbai,2024-05-01,Small Business,Email
C000652,Meera Chopra,Male,48,Bhopal,Bhopal,2024-03-05,Consumer,Social Media
C000653,Varun Joshi,Male,43,Bengaluru,Bengaluru,2025-07-19,Consumer,Marketplace
C000654,Pooja Mishra,Female,44,Chennai,Chennai,2022-10-07,Consumer,Organic Search
C000655,Arjun Iyer,Female,49,Lucknow,Lucknow,2024-02-24,Consumer,Email
C000656,Aarav Bose,Female,25,Pune,Pune,2025-12-29,Consumer,Email
C000657,Vikram Reddy,Female,40,Jaipur,Jaipur,2025-11-27,Corporate,Paid Search
C000658,Reyansh Gupta,Male,39,Coimbatore,Coimbatore,2024-04-06,Consumer,Referral
C000659,Varun Mehta,Male,19,Mumbai,Mumbai,2023-12-27,Consumer,Paid Search
C000660,Reyansh Rao,Female,35,Ahmedabad,Ahmedabad,2023-10-01,Consumer,Paid Search
C000661,Krishna Verma,Male,52,Delhi,Delhi,2025-05-30,Consumer,Paid Search
C000662,Nikhil Patel,Male,25,Kolkata,Kolkata,2022-10-17,Consumer,Paid Search
C000663,Ananya Reddy,Female,43,Ahmedabad,Ahmedabad,2022-07-30,Consumer,Social Media
C000664,Karan Reddy,Female,51,Hyderabad,Hyderabad,2022-03-21,Home Office,Organic Search
C000665,Varun Nair,Male,30,Bhubaneswar,Bhubaneswar,2025-10-17,Consumer,Organic Search
C000666,Rohan Rao,Female,31,Coimbatore,Coimbatore,2023-09-12,Consumer,Paid Search
C000667,Ananya Reddy,Female,34,Delhi,Delhi,2022-12-03,Consumer,Social Media
C000668,Isha Shah,Male,22,Chandigarh,Chandigarh,2023-08-08,Consumer,Referral
C000669,Diya Verma,Male,34,Coimbatore,Coimbatore,2025-08-17,Small Business,Marketplace
C000670,Kabir Iyer,Female,24,Mumbai,Mumbai,2023-03-05,Consumer,Social Media
C000671,Diya Kumar,Male,31,Nagpur,Nagpur,2022-05-28,Home Office,Paid Search
C000672,Nikhil Yadav,Female,31,Lucknow,Lucknow,2024-12-22,Consumer,Marketplace
C000673,Meera Patel,Female,37,Guwahati,Guwahati,2022-08-03,Consumer,Organic Search
C000674,Reyansh Patel,Male,36,Delhi,Delhi,2024-04-09,Consumer,Organic Search
C000675,Nikhil Malhotra,Female,36,Ahmedabad,Ahmedabad,2025-07-17,Consumer,Social Media
C000676,Sneha Kumar,Female,34,Delhi,Delhi,2023-10-15,Corporate,Social Media
C000677,Riya Reddy,Male,29,Indore,Indore,2022-11-14,Consumer,Organic Search
C000678,Manish Yadav,Male,18,Mysuru,Mysuru,2022-05-04,Small Business,Social Media
C000679,Neha Nair,Female,32,Bhopal,Bhopal,2023-05-14,Consumer,Organic Search
C000680,Karan Gupta,Female,40,Kolkata,Kolkata,2023-07-06,Corporate,Social Media
C000681,Aarav Nair,Male,31,Patna,Patna,2024-10-22,Home Office,Social Media
C000682,Meera Patel,Male,33,Jaipur,Jaipur,2026-01-23,Consumer,Paid Search
C000683,Diya Shah,Female,26,Kolkata,Kolkata,2024-08-23,Corporate,Organic Search
C000684,Vikram Nair,Male,38,Visakhapatnam,Visakhapatnam,2024-05-13,Consumer,Referral
C000685,Rahul Chopra,Female,29,Visakhapatnam,Visakhapatnam,2024-12-27,Corporate,Organic Search
C000686,Neha Reddy,Female,39,Surat,Surat,2024-09-01,Consumer,Paid Search
C000687,Tanya Sharma,Female,24,Lucknow,Lucknow,2025-04-29,Small Business,Paid Search
C000688,Pooja Kapoor,Female,37,Noida,Noida,2025-05-21,Home Office,Referral
C000689,Vikram Iyer,Female,54,Surat,Surat,2023-12-13,Consumer,Affiliate
C000690,Vivaan Reddy,Female,31,Bhopal,Bhopal,2025-05-21,Consumer,Referral
C000691,Vivaan Yadav,Male,30,Kolkata,Kolkata,2023-08-05,Consumer,Organic Search
C000692,Kavya Verma,Male,28,Chennai,Chennai,2022-10-22,Corporate,Social Media
C000693,Rohan Shah,Male,45,Kochi,Kochi,2023-01-25,Consumer,Email
C000694,Aditi Yadav,Male,51,Noida,Noida,2022-12-23,Consumer,Social Media
C000695,Riya Kapoor,Male,29,Surat,Surat,2025-06-02,Consumer,Paid Search
C000696,Karan Verma,Female,24,Lucknow,Lucknow,2026-04-20,Corporate,Affiliate
C000697,Vivaan Das,Male,34,Noida,Noida,2024-02-15,Consumer,Paid Search
C000698,Rohan Shah,Female,54,Bhopal,Bhopal,2026-07-28,Consumer,Social Media
C000699,Diya Shah,Female,36,Noida,Noida,2025-11-10,Consumer,Social Media
C000700,Neha Shah,Male,27,Indore,Indore,2024-10-23,Consumer,Social Media
C000701,Aditya Chopra,Female,48,Kochi,Kochi,2022-12-23,Consumer,Paid Search
C000702,Neha Reddy,Female,34,Ahmedabad,Ahmedabad,2025-03-08,Home Office,Organic Search
C000703,Diya Verma,Male,46,Pune,Pune,2024-10-28,Consumer,Social Media
C000704,Riya Mehta,Female,22,Delhi,Delhi,2022-12-31,Consumer,Email
C000705,Arjun Singh,Male,37,Noida,Noida,2025-11-26,Consumer,Paid Search
C000706,Meera Mishra,Female,43,Kolkata,Kolkata,2023-08-19,Consumer,Social Media
C000707,Isha Reddy,Female,34,Gurugram,Gurugram,2022-05-25,Corporate,Paid Search
C000708,Nikhil Joshi,Male,47,Delhi,Delhi,2023-03-08,Consumer,Organic Search
C000709,Kavya Verma,Male,30,Gurugram,Gurugram,2024-11-02,Corporate,Organic Search
C000710,Riya Sharma,Male,31,Nagpur,Nagpur,2024-01-18,Corporate,Marketplace
C000711,Karan Singh,Female,45,Noida,Noida,2025-04-11,Corporate,Referral
C000712,Sanya Iyer,Female,47,Mumbai,Mumbai,2025-09-03,Corporate,Email
C000713,Sneha Reddy,Male,42,Surat,Surat,2023-08-12,Consumer,Social Media
C000714,Nisha Patel,Male,43,Surat,Surat,2024-05-20,Consumer,Marketplace
C000715,Tanya Patel,Male,28,Nagpur,Nagpur,2024-09-20,Corporate,Paid Search
C000716,Aditi Iyer,Male,44,Ahmedabad,Ahmedabad,2025-03-29,Corporate,Organic Search
C000717,Neha Verma,Male,35,Bengaluru,Bengaluru,2024-06-05,Corporate,Organic Search
C000718,Rohan Shah,Female,39,Gurugram,Gurugram,2025-01-23,Small Business,Marketplace
C000719,Rahul Das,Male,35,Nagpur,Nagpur,2023-12-20,Consumer,Paid Search
C000720,Krishna Patel,Female,43,Bhopal,Bhopal,2023-11-25,Home Office,Social Media
C000721,Rohan Shah,Male,18,Chennai,Chennai,2022-10-29,Corporate,Affiliate
C000722,Aditya Kapoor,Male,27,Jaipur,Jaipur,2022-12-03,Home Office,Social Media
C000723,Manish Bose,Male,31,Kochi,Kochi,2022-07-06,Consumer,Organic Search
C000724,Pooja Sharma,Male,33,Hyderabad,Hyderabad,2022-11-03,Corporate,Organic Search
C000725,Kabir Patel,Male,44,Indore,Indore,2026-05-01,Consumer,Paid Search
C000726,Kavya Patel,Male,39,Kochi,Kochi,2022-03-11,Consumer,Referral
C000727,Aditi Singh,Non-Binary,31,Jaipur,Jaipur,2025-11-08,Small Business,Referral
C000728,Ananya Singh,Female,47,Hyderabad,Hyderabad,2024-08-10,Small Business,Social Media
C000729,Meera Joshi,Male,21,Bengaluru,Bengaluru,2024-06-22,Consumer,Organic Search
C000730,Rahul Kapoor,Female,43,Lucknow,Lucknow,2024-03-31,Consumer,Email
C000731,Diya Joshi,Male,39,Indore,Indore,2023-06-09,Consumer,Paid Search
C000732,Karan Kapoor,Female,47,Ahmedabad,Ahmedabad,2023-08-18,Consumer,Email
C000733,Varun Chopra,Female,34,Nagpur,Nagpur,2022-04-16,Consumer,Referral
C000734,Vivaan Yadav,Female,50,Bengaluru,Bengaluru,2024-05-19,Home Office,Marketplace
C000735,Neha Malhotra,Female,35,Surat,Surat,2024-11-28,Small Business,Organic Search
C000736,Reyansh Joshi,Female,27,Bengaluru,Bengaluru,2025-07-28,Corporate,Social Media
C000737,Reyansh Patel,Female,18,Surat,Surat,2024-04-08,Consumer,Social Media
C000738,Nikhil Mishra,Female,34,Ahmedabad,Ahmedabad,2025-10-03,Corporate,Email
C000739,Riya Joshi,Male,31,Kochi,Kochi,2026-05-18,Consumer,Paid Search
C000740,Varun Mehta,Female,26,Bhubaneswar,Bhubaneswar,2026-07-19,Consumer,Social Media
C000741,Aditya Rao,Female,30,Nagpur,Nagpur,2026-02-12,Consumer,Affiliate
C000742,Vivaan Sharma,Female,49,Bengaluru,Bengaluru,2023-05-24,Corporate,Organic Search
C000743,Reyansh Kapoor,Female,27,Kolkata,Kolkata,2022-08-04,Consumer,Referral
C000744,Pooja Das,Female,63,Bhopal,Bhopal,2024-08-01,Small Business,Affiliate
C000745,Kavya Iyer,Male,40,Kochi,Kochi,2025-10-17,Consumer,Organic Search
C000746,Ananya Chopra,Male,29,Surat,Surat,2024-09-08,Consumer,Paid Search
C000747,tanya yadav,Female,28,Coimbatore,Coimbatore,2025-08-29,Consumer,Marketplace
C000748,Ananya Bose,Male,34,Mysuru,Mysuru,2024-03-20,Home Office,Organic Search
C000749,Kavya Gupta,Male,37,Kochi,Kochi,2024-04-21,Corporate,Paid Search
C000750,Riya Malhotra,Male,31,Bhopal,Bhopal,2026-01-13,Consumer,Paid Search
C000751,Pooja Kumar,Male,38,Nagpur,Nagpur,2025-05-07,Corporate,Organic Search
C000752,Reyansh Iyer,Non-Binary,72,Chennai,Chennai,2022-10-03,Consumer,Marketplace
C000753,Vikram Joshi,Female,25,Coimbatore,Coimbatore,2024-10-13,Corporate,Organic Search
C000754,Rohan Yadav,Male,40,Kochi,Kochi,2025-03-20,Consumer,Referral
C000755,Sanya Gupta,Male,38,Visakhapatnam,Visakhapatnam,2023-07-27,Consumer,Social Media
C000756,Vivaan Yadav,Male,18,Pune,Pune,2022-11-07,Corporate,Marketplace
C000757,Kavya Patel,Female,27,Hyderabad,Hyderabad,2025-08-01,Home Office,Referral
C000758,Tanya Verma,Male,39,Mumbai,Mumbai,2022-05-24,Consumer,Social Media
C000759,Priya Verma,Female,27,Gurugram,Gurugram,2023-03-28,Corporate,Social Media
C000760,Diya Kapoor,Male,35,Bengaluru,Bengaluru,2025-11-06,Consumer,Organic Search
C000761,Pooja Iyer,Female,33,Kolkata,Kolkata,2022-04-28,Consumer,Marketplace
C000762,Nisha Patel,Female,31,Mysuru,Mysuru,2023-05-17,Consumer,Paid Search
C000763,Neha Bose,Male,52,Bhubaneswar,Bhubaneswar,2022-11-22,Consumer,Organic Search
C000764,Vivaan Sharma,Male,60,Chennai,Chennai,2023-01-13,Corporate,Organic Search
C000765,Ishaan Mishra,Female,59,Lucknow,Lucknow,2026-04-27,Home Office,Paid Search
C000766,Aditi Sharma,Male,36,Bengaluru,Bengaluru,2024-10-09,Home Office,Affiliate
C000767,Nikhil Gupta,Female,32,Guwahati,Guwahati,2025-03-29,Corporate,Organic Search
C000768,Nisha Chopra,Male,24,Kochi,Kochi,2024-04-08,Small Business,Referral
C000769,Ishaan Nair,Female,47,Kolkata,Kolkata,2025-06-21,Home Office,Organic Search
C000770,Neha Shah,Male,30,Mysuru,Mysuru,2024-08-20,Consumer,Marketplace
C000771,Nisha Rao,Female,24,Noida,Noida,2024-06-15,Consumer,Social Media
C000772,Ishaan Patel,Male,48,Mysuru,Mysuru,2023-06-16,Home Office,Organic Search
C000773,Neha Kapoor,Male,42,Bhubaneswar,Bhubaneswar,2025-01-03,Corporate,Organic Search
C000774,Reyansh Joshi,Male,20,Kolkata,Kolkata,2023-11-16,Consumer,Marketplace
C000775,Riya Kumar,Male,22,Hyderabad,Hyderabad,2022-07-10,Home Office,Organic Search
C000776,Karan Shah,Male,32,Indore,Indore,2024-10-12,Consumer,Email
C000777,Rahul Reddy,Female,40,Jaipur,Jaipur,2022-03-04,Consumer,Email
C000778,Sneha Shah,Male,30,Jaipur,Jaipur,2024-02-29,Consumer,Marketplace
C000779,Tanya Gupta,Male,39,Mumbai,Mumbai,2023-02-28,Consumer,Unknown
C000780,Riya Patel,Male,38,Mumbai,Mumbai,2025-04-06,Corporate,Email
C000781,Priya Verma,Female,22,Chandigarh,Chandigarh,2022-10-01,Consumer,Marketplace
C000782,Kavya Verma,Female,43,Mumbai,Mumbai,2024-05-03,Consumer,Organic Search
C000783,Nikhil Iyer,Female,34,Lucknow,Lucknow,2024-11-27,Consumer,Organic Search
C000784,Pooja Sharma,Male,19,Kolkata,Kolkata,2023-08-03,Home Office,Paid Search
C000785,MEERA GUPTA,Male,26,Visakhapatnam,Visakhapatnam,2022-01-26,Consumer,Affiliate
C000786,Kavya Yadav,Male,29,Patna,Patna,2022-02-09,Consumer,Marketplace
C000787,Neha Verma,Male,37,Chennai,Chennai,2025-06-17,Consumer,Paid Search
C000788,Diya Iyer,Male,40,Delhi,Delhi,2022-01-12,Consumer,Social Media
C000789,Priya Chopra,Male,28,Kochi,Kochi,2022-04-20,Corporate,Paid Search
C000790,Rahul Singh,Male,40,Surat,Surat,2026-04-11,Consumer,Organic Search
C000791,Aditi Bose,Female,28,Unknown,Unknown,2023-08-01,Home Office,Social Media
C000792,Meera Sharma,Male,31,Chennai,Chennai,2025-09-21,Consumer,Paid Search
C000793,Vikram Mehta,Female,18,Noida,Noida,2025-04-26,Corporate,Referral
C000794,Siddharth Mehta,Female,54,Kolkata,Kolkata,2025-09-24,Home Office,Affiliate
C000795,Diya Rao,Male,40,Noida,Noida,2024-11-29,Corporate,Social Media
C000796,Rohan Gupta,Male,31,Ahmedabad,Ahmedabad,2022-06-25,Small Business,Email
C000797,Meera Kapoor,Female,30,Pune,Pune,2026-01-13,Small Business,Referral
C000798,Aditya Verma,Female,18,Bengaluru,Bengaluru,2022-11-22,Consumer,Social Media
C000799,Isha Das,Male,36,Indore,Indore,2023-05-13,Home Office,Social Media
C000800,Isha Patel,Male,38,Mumbai,Mumbai,2026-01-25,Consumer,Organic Search
C000801,Isha Das,Female,48,Bhubaneswar,Bhubaneswar,2023-09-03,Consumer,Organic Search
C000802,Sanya Nair,Male,41,Ahmedabad,Ahmedabad,2023-11-30,Corporate,Social Media
C000803,Isha Rao,Female,25,Ahmedabad,Ahmedabad,2025-08-09,Corporate,Social Media
C000804,Varun Das,Female,19,Chennai,Chennai,2026-04-13,Home Office,Marketplace
C000805,Neha Mehta,Female,40,Jaipur,Jaipur,2026-03-13,Consumer,Email
C000806,Rohan Joshi,Male,37,Delhi,Delhi,2025-02-26,Corporate,Email
C000807,Manish Gupta,Female,38,Bhubaneswar,Bhubaneswar,2024-10-13,Consumer,Social Media
C000808,Riya Mishra,Female,30,Ahmedabad,Ahmedabad,2024-05-23,Consumer,Email
C000809,Siddharth Nair,Male,20,Kolkata,Kolkata,2024-08-19,Consumer,Organic Search
C000810,Kabir Shah,Male,18,Lucknow,Lucknow,2022-01-24,Small Business,Paid Search
C000811,Rahul Reddy,Female,39,Guwahati,Guwahati,2026-04-09,Consumer,Paid Search
C000812,Karan Iyer,Female,52,Chandigarh,Chandigarh,2023-09-28,Consumer,Affiliate
C000813,Kabir Rao,Male,50,Jaipur,Jaipur,2023-03-13,Consumer,Email
C000814,Priya Nair,Female,18,Nagpur,Nagpur,2023-10-30,Consumer,Social Media
C000815,Vivaan Kapoor,Female,41,Nagpur,Nagpur,2025-03-02,Consumer,Social Media
C000816,neha singh,Male,45,Visakhapatnam,Visakhapatnam,2026-02-14,Consumer,Referral
C000817,Reyansh Malhotra,Male,36,Mumbai,Mumbai,2025-08-02,Consumer,Paid Search
C000818,Sanya Bose,Female,28,Surat,Surat,2022-08-15,Consumer,Social Media
C000819,Diya Kumar,Male,19,Jaipur,Jaipur,2023-12-05,Corporate,Social Media
C000820,Diya Joshi,Female,18,Kolkata,Kolkata,2023-04-21,Consumer,Marketplace
C000821,Tanya Singh,Male,40,Hyderabad,Hyderabad,2025-08-05,Consumer,Email
C000822,Sneha Kumar,Female,55,Pune,Pune,2024-09-25,Consumer,Referral
C000823,Karan Gupta,Female,49,Nagpur,Nagpur,2024-10-06,Consumer,Email
C000824,Krishna Kumar,Female,26,Mysuru,Mysuru,2023-07-18,Consumer,Paid Search
C000825,Rahul Mehta,Female,41,Coimbatore,Coimbatore,2022-02-02,Consumer,Marketplace
C000826,Ananya Shah,Female,31,Bhubaneswar,Bhubaneswar,2022-12-17,Consumer,Social Media
C000827,Manish Kapoor,Female,19,Coimbatore,Coimbatore,2022-09-03,Small Business,Paid Search
C000828,Varun Patel,Female,35,Delhi,Delhi,2026-02-17,Consumer,Social Media
C000829,Rohan Malhotra,Female,47,Lucknow,Lucknow,2024-01-09,Consumer,Organic Search
C000830,Priya Malhotra,Male,22,Pune,Pune,2024-11-20,Corporate,Email
C000831,Tanya Gupta,Male,30,Hyderabad,Hyderabad,2026-01-18,Consumer,Marketplace
C000832,Karan Gupta,Female,49,Mumbai,Mumbai,2024-12-25,Corporate,Social Media
C000833,Aarav Iyer,Female,18,Hyderabad,Hyderabad,2024-08-16,Corporate,Social Media
C000834,Isha Mehta,Male,39,Pune,Pune,2026-01-31,Consumer,Paid Search
C000835,Kavya Reddy,Male,34,Surat,Surat,2023-08-16,Consumer,Organic Search
C000836,Karan Shah,Female,49,Gurugram,Gurugram,2024-07-14,Home Office,Organic Search
C000837,Isha Patel,Female,35,Mysuru,Mysuru,2025-12-11,Consumer,Paid Search
C000838,Diya Malhotra,Female,27,Gurugram,Gurugram,2024-12-22,Corporate,Email
C000839,Nikhil Mehta,Male,34,Coimbatore,Coimbatore,2025-09-11,Consumer,Paid Search
C000840,Vikram Verma,Male,23,Chandigarh,Chandigarh,2022-06-04,Corporate,Organic Search
C000841,Rahul Rao,Male,39,Ahmedabad,Ahmedabad,2025-12-02,Consumer,Social Media
C000842,Rohan Yadav,Male,41,Visakhapatnam,Visakhapatnam,2023-04-06,Consumer,Social Media
C000843,Arjun Sharma,Male,66,Kochi,Kochi,2024-01-19,Unknown,Paid Search
C000844,Isha Bose,Male,38,Mumbai,Mumbai,2023-09-10,Consumer,Marketplace
C000845,Rahul Nair,Female,35,Mumbai,Mumbai,2022-12-02,Consumer,Social Media
C000846,Sanya Gupta,Female,26,Visakhapatnam,Visakhapatnam,2023-11-04,Corporate,Organic Search
C000847,Ishaan Sharma,Male,37,Unknown,Unknown,2026-03-12,Consumer,Email
C000848,Ananya Nair,Male,25,Kochi,Kochi,2024-12-31,Corporate,Social Media
C000849,Reyansh Das,Male,31,Lucknow,Lucknow,2023-02-17,Consumer,Social Media
C000850,Neha Kumar,Female,18,Pune,Pune,2022-05-12,Small Business,Organic Search
C000851,Meera Das,Female,48,Bengaluru,Bengaluru,2024-08-05,Consumer,Organic Search
C000852,varun das,Female,21,Visakhapatnam,Visakhapatnam,2024-07-02,Consumer,Social Media
C000853,Vivaan Nair,Male,35,Coimbatore,Coimbatore,2024-09-16,Home Office,Paid Search
C000854,Sanya Iyer,Female,33,Kochi,Kochi,2022-12-11,Consumer,Organic Search
C000855,Siddharth Kapoor,Female,30,Mumbai,Mumbai,2025-10-11,Small Business,Referral
C000856,Karan Reddy,Female,37,Delhi,Delhi,2023-03-06,Consumer,Marketplace
C000857,Sneha Rao,Male,45,Lucknow,Lucknow,2022-12-27,Consumer,Marketplace
C000858,Sanya Singh,Female,32,Indore,Indore,2025-08-14,Consumer,Referral
C000859,Aditya Patel,Female,41,Noida,Noida,2022-08-26,Home Office,Marketplace
C000860,Neha Kapoor,Male,23,Visakhapatnam,Visakhapatnam,2023-09-23,Consumer,Affiliate
C000861,Isha Reddy,Male,34,Pune,Pune,2023-10-22,Consumer,Organic Search
C000862,Diya Yadav,Male,42,Mumbai,Mumbai,2023-09-27,Consumer,Referral
C000863,Reyansh Sharma,Male,35,Pune,Pune,2026-06-25,Home Office,Email
C000864,Priya Sharma,Female,23,Nagpur,Nagpur,2022-08-04,Consumer,Affiliate
C000865,Kabir Shah,Female,45,Jaipur,Jaipur,2025-09-15,Consumer,Social Media
C000866,Reyansh Rao,Female,24,Hyderabad,Hyderabad,2026-03-28,Corporate,Social Media
C000867,Kavya Mishra,Female,18,Surat,Surat,2022-08-29,Consumer,Affiliate
C000868,Tanya Reddy,Female,18,Guwahati,Guwahati,2024-09-27,Consumer,Paid Search
C000869,Rahul Sharma,Male,42,Delhi,Delhi,2022-01-29,Consumer,Organic Search
C000870,Nisha Kapoor,Female,28,Mumbai,Mumbai,2026-05-21,Consumer,Unknown
C000871,Sanya Kumar,Male,29,Noida,Noida,2025-11-19,Consumer,Social Media
C000872,Riya Kumar,Male,36,Hyderabad,Hyderabad,2024-08-30,Consumer,Social Media
C000873,Kavya Chopra,Female,41,Guwahati,Guwahati,2023-03-15,Consumer,Organic Search
C000874,Reyansh Patel,Male,41,Ahmedabad,Ahmedabad,2025-09-23,Consumer,Organic Search
C000875,Arjun Yadav,Female,32,Kolkata,Kolkata,2022-01-30,Consumer,Paid Search
C000876,Krishna Chopra,Male,21,Bhopal,Bhopal,2025-01-09,Corporate,Email
C000877,Sanya Nair,Male,31,Surat,Surat,2023-01-09,Consumer,Organic Search
C000878,Diya Chopra,Male,38,Bhubaneswar,Bhubaneswar,2023-03-19,Home Office,Social Media
C000879,Siddharth Shah,Female,32,Kochi,Kochi,2024-08-22,Small Business,Organic Search
C000880,Aarav Iyer,Female,27,Bengaluru,Bengaluru,2025-10-28,Home Office,Paid Search
C000881,Sneha Shah,Male,37,Guwahati,Guwahati,2023-07-24,Consumer,Referral
C000882,Rahul Bose,Female,39,Delhi,Delhi,2025-07-16,Consumer,Organic Search
C000883,Siddharth Mishra,Female,31,Chandigarh,Chandigarh,2023-02-14,Small Business,Affiliate
C000884,Vikram Sharma,Female,27,Surat,Surat,2025-12-07,Consumer,Social Media
C000885,Neha Mishra,Male,58,Pune,Pune,2023-07-01,Consumer,Affiliate
C000886,Manish Mishra,Male,18,Indore,Indore,2022-08-29,Small Business,Marketplace
C000887,Aarav Sharma,Male,27,Bhubaneswar,Bhubaneswar,2023-02-05,Corporate,Email
C000888,Sneha Singh,Female,41,Bhopal,Bhopal,2022-11-28,Home Office,Organic Search
C000889,Nikhil Singh,Male,22,Surat,Surat,2026-07-16,Consumer,Email
C000890,Ishaan Singh,Female,30,Chandigarh,Chandigarh,2024-11-16,Corporate,Organic Search
C000891,Krishna Chopra,Male,27,Hyderabad,Hyderabad,2026-07-23,Consumer,Organic Search
C000892,Riya Yadav,Female,26,Visakhapatnam,Visakhapatnam,2026-07-07,Consumer,Organic Search
C000893,vivaan yadav,Male,18,Patna,Patna,2024-08-20,Consumer,Paid Search
C000894,Aditi Verma,Female,37,Mumbai,Mumbai,2026-04-11,Home Office,Paid Search
C000895,Ishaan Mishra,Female,29,Patna,Patna,2025-01-11,Consumer,Organic Search
C000896,Vivaan Joshi,Male,18,Mumbai,Mumbai,2024-08-04,Consumer,Social Media
C000897,Manish Chopra,Male,30,Bengaluru,Bengaluru,2024-12-06,Consumer,Social Media
C000898,Siddharth Verma,Female,26,Hyderabad,Hyderabad,2023-01-03,Consumer,Social Media
C000899,Ananya Mishra,Female,40,Lucknow,Lucknow,2024-07-12,Small Business,Email
C000900,Nisha Verma,Female,44,Delhi,Delhi,2022-12-18,Consumer,Paid Search
C000901,Aditya Malhotra,Female,24,Guwahati,Guwahati,2023-08-09,Consumer,Paid Search
C000902,Tanya Iyer,Female,28,Surat,Surat,2023-08-08,Home Office,Social Media
C000903,Aditya Shah,Male,21,Visakhapatnam,Visakhapatnam,2025-02-21,Consumer,Email
C000904,Kabir Sharma,Male,23,Delhi,Delhi,2025-12-16,Consumer,Social Media
C000905,Riya Patel,Male,18,Lucknow,Lucknow,2022-04-05,Home Office,Organic Search
C000906,Sneha Reddy,Male,34,Ahmedabad,Ahmedabad,2025-08-25,Consumer,Paid Search
C000907,Kabir Mehta,Male,26,Indore,Indore,2023-03-13,Consumer,Marketplace
C000908,Manish Malhotra,Male,18,Ahmedabad,Ahmedabad,2026-02-06,Consumer,Affiliate
C000909,Pooja Chopra,Female,36,Noida,Noida,2022-11-24,Corporate,Organic Search
C000910,Kavya Singh,Male,38,Chandigarh,Chandigarh,2024-01-02,Small Business,Social Media
C000911,Aditi Joshi,Female,37,Lucknow,Lucknow,2023-05-15,Home Office,Paid Search
C000912,Nisha Kumar,Female,37,Jaipur,Jaipur,2022-12-10,Corporate,Organic Search
C000913,Karan Joshi,Male,30,Ahmedabad,Ahmedabad,2026-07-24,Consumer,Organic Search
C000914,Siddharth Bose,Male,44,Jaipur,Jaipur,2023-04-21,Consumer,Organic Search
C000915,Reyansh Singh,Female,40,Pune,Pune,2025-10-03,Consumer,Paid Search
C000916,Diya Gupta,Male,37,Indore,Indore,2023-11-29,Consumer,Organic Search
C000917,Kavya Kumar,Male,27,Nagpur,Nagpur,2022-11-20,Consumer,Organic Search
C000918,Kabir Sharma,Male,40,Surat,Surat,2022-12-11,Consumer,Affiliate
C000919,Neha Rao,Male,35,Bhubaneswar,Bhubaneswar,2023-10-14,Consumer,Social Media
C000920,Vikram Gupta,Female,18,Delhi,Delhi,2024-05-30,Consumer,Paid Search
C000921,Tanya Nair,Female,45,Nagpur,Nagpur,2025-01-09,Consumer,Organic Search
C000922,Tanya Das,Female,29,Nagpur,Nagpur,2024-11-06,Corporate,Email
C000923,Manish Gupta,Male,40,Hyderabad,Hyderabad,2022-08-27,Consumer,Paid Search
C000924,Sneha Nair,Female,33,Bengaluru,Bengaluru,2024-07-24,Consumer,Social Media
C000925,Nikhil Reddy,Female,44,Guwahati,Guwahati,2022-12-03,Consumer,Paid Search
C000926,Varun Chopra,Female,42,Guwahati,Guwahati,2023-02-28,Home Office,Organic Search
C000927,Kabir Chopra,Female,32,Indore,Indore,2022-02-06,Consumer,Referral
C000928,Manish Verma,Male,35,Surat,Surat,2022-07-24,Consumer,Paid Search
C000929,Arjun Gupta,Male,54,Hyderabad,Hyderabad,2024-09-23,Small Business,Paid Search
C000930,Rahul Yadav,Male,38,Lucknow,Lucknow,2022-01-09,Consumer,Social Media
C000931,Nikhil Mishra,Male,34,Surat,Surat,2026-03-04,Home Office,Organic Search
C000932,Ishaan Bose,Female,41,Hyderabad,Hyderabad,2023-04-16,Home Office,Paid Search
C000933,Pooja Bose,Female,43,Surat,Surat,2022-09-30,Consumer,Marketplace
C000934,Sneha Chopra,Male,52,Kolkata,Kolkata,2022-07-05,Consumer,Paid Search
C000935,Ishaan Das,Female,18,Mumbai,Mumbai,2023-10-11,Consumer,Email
C000936,Pooja Chopra,Female,47,Bengaluru,Bengaluru,2026-05-22,Small Business,Referral
C000937,Vivaan Shah,Male,42,Chennai,Chennai,2023-11-02,Consumer,Email
C000938,Varun Joshi,Male,32,Pune,Pune,2023-10-25,Consumer,Organic Search
C000939,Reyansh Yadav,Male,40,Gurugram,Gurugram,2024-01-14,Consumer,Organic Search
C000940,Manish Yadav,Female,18,Chandigarh,Chandigarh,2023-06-06,Home Office,Email
C000941,Priya Mehta,Female,21,Ahmedabad,Ahmedabad,2025-06-15,Consumer,Marketplace
C000942,Meera Yadav,Male,31,Guwahati,Guwahati,2024-02-06,Consumer,Organic Search
C000943,Reyansh Mehta,Female,37,Bengaluru,Bengaluru,2024-02-02,Home Office,Referral
C000944,Kavya Gupta,Male,51,Bhubaneswar,Bhubaneswar,2024-11-01,Home Office,Referral
C000945,Nisha Sharma,Female,32,Bengaluru,Bengaluru,2023-07-21,Home Office,Marketplace
C000946,Kavya Nair,Female,19,Mysuru,Mysuru,2025-03-12,Consumer,Organic Search
C000947,Nikhil Mehta,Female,38,Bhopal,Bhopal,2026-02-26,Corporate,Social Media
C000948,Isha Mehta,Female,19,Bhubaneswar,Bhubaneswar,2025-11-12,Home Office,Organic Search
C000949,Nisha Das,Male,34,Kochi,Kochi,2024-02-11,Consumer,Marketplace
C000950,Diya Singh,Female,43,Bhubaneswar,Bhubaneswar,2023-06-15,Consumer,Email
C000951,Aditya Kumar,Male,34,Bhopal,Bhopal,2023-09-30,Consumer,Social Media
C000952,Rohan Mehta,Male,34,Nagpur,Nagpur,2024-09-23,Consumer,Paid Search
C000953,Ishaan Mehta,Male,19,Lucknow,Lucknow,2024-06-03,Consumer,Paid Search
C000954,Rahul Iyer,Female,31,Mysuru,Mysuru,2026-02-21,Corporate,Affiliate
C000955,Diya Kapoor,Female,27,Chandigarh,Chandigarh,2024-01-05,Consumer,Paid Search
C000956,Ishaan Bose,Female,29,Surat,Surat,2023-11-03,Consumer,Email
C000957,Krishna Kapoor,Female,28,Kochi,Kochi,2025-11-05,Consumer,Unknown
C000958,Diya Kapoor,Female,41,Delhi,Delhi,2022-10-03,Corporate,Affiliate
C000959,Kabir Malhotra,Male,52,Delhi,Delhi,2025-01-28,Consumer,Organic Search
C000960,Varun Chopra,Female,42,Mumbai,Mumbai,2025-06-04,Home Office,Social Media
C000961,Karan Singh,Male,42,Bhopal,Bhopal,2024-04-11,Consumer,Organic Search
C000962,Sneha Das,Male,23,Chandigarh,Chandigarh,2022-07-08,Consumer,Paid Search
C000963,Rohan Sharma,Male,47,Surat,Surat,2023-03-13,Small Business,Social Media
C000964,Aarav Mishra,Male,26,Nagpur,Nagpur,2026-01-14,Consumer,Organic Search
C000965,Karan Reddy,Female,37,Delhi,Delhi,2026-02-25,Corporate,Paid Search
C000966,Ishaan Mehta,Male,34,Lucknow,Lucknow,2022-02-24,Consumer,Organic Search
C000967,Arjun Joshi,Male,32,Ahmedabad,Ahmedabad,2026-03-08,Consumer,Referral
C000968,Meera Patel,Female,24,Ahmedabad,Ahmedabad,2022-06-17,Consumer,Paid Search
C000969,Isha Patel,Male,23,Chennai,Chennai,2026-05-10,Home Office,Paid Search
C000970,Manish Nair,Female,44,Indore,Indore,2026-07-25,Consumer,Social Media
C000971,Karan Gupta,Male,28,Pune,Pune,2025-03-02,Consumer,Marketplace
C000972,Isha Joshi,Female,48,Mysuru,Mysuru,2024-08-11,Corporate,Unknown
C000973,Aditya Yadav,Male,33,Bhubaneswar,Bhubaneswar,2025-07-28,Consumer,Affiliate
C000974,Nikhil Reddy,Female,42,Pune,Pune,2022-02-10,Corporate,Paid Search
C000975,Rahul Mishra,Female,43,Lucknow,Lucknow,2024-03-17,Corporate,Paid Search
C000976,Rahul Mishra,Male,46,Patna,Patna,2024-02-03,Consumer,Marketplace
C000977,Kavya Bose,Female,28,Hyderabad,Hyderabad,2026-01-19,Consumer,Organic Search
C000978,Meera Bose,Female,19,Pune,Pune,2022-09-02,Corporate,Organic Search
C000979,Sneha Mishra,Female,23,Ahmedabad,Ahmedabad,2025-04-13,Consumer,Affiliate
C000980,Aditi Reddy,Male,58,Hyderabad,Hyderabad,2023-09-24,Small Business,Organic Search
C000981,Sneha Malhotra,Female,34,Coimbatore,Coimbatore,2025-02-12,Small Business,Organic Search
C000982,Isha Malhotra,Female,31,Surat,Surat,2023-08-05,Home Office,Paid Search
C000983,Pooja Iyer,Female,59,Delhi,Delhi,2023-07-23,Home Office,Social Media
C000984,Reyansh Iyer,Male,20,Pune,Pune,2024-09-23,Home Office,Organic Search
C000985,Vivaan Verma,Male,19,Coimbatore,Coimbatore,2024-11-06,Consumer,Referral
C000986,Meera Joshi,Female,37,Surat,Surat,2022-10-07,Consumer,Paid Search
C000987,Priya Joshi,Male,24,Kolkata,Kolkata,2023-01-19,Consumer,Organic Search
C000988,Vivaan Shah,Unknown,34,Visakhapatnam,Visakhapatnam,2024-03-01,Consumer,Social Media
C000989,Nisha Shah,Female,37,Visakhapatnam,Visakhapatnam,2023-07-14,Consumer,Marketplace
C000990,Varun Kumar,Male,38,Gurugram,Gurugram,,Consumer,Marketplace
C000991,Karan Mehta,Male,24,Surat,Surat,2025-04-18,Corporate,Paid Search
C000992,Reyansh Kumar,Male,50,Surat,Surat,2023-08-22,Corporate,Social Media
C000993,Aditya Iyer,Male,32,Chandigarh,Chandigarh,2022-12-26,Consumer,Email
C000994,Siddharth Chopra,Female,45,Hyderabad,Hyderabad,2025-07-11,Corporate,Marketplace
C000995,Meera Mishra,Male,31,Visakhapatnam,Visakhapatnam,2022-01-19,Consumer,Referral
C000996,Manish Malhotra,Female,36,Bhubaneswar,Bhubaneswar,2022-03-19,Consumer,Organic Search
C000997,Rahul Joshi,Non-Binary,40,Surat,Surat,2025-10-27,Small Business,Social Media
C000998,Krishna Verma,Non-Binary,44,Guwahati,Guwahati,2026-05-14,Consumer,Marketplace
C000999,Isha Sharma,Female,28,Hyderabad,Hyderabad,2025-06-20,Home Office,Organic Search
C001000,Pooja Malhotra,Female,28,Bhubaneswar,Bhubaneswar,2025-03-17,Corporate,Marketplace
C001001,Riya Bose,Male,23,Lucknow,Lucknow,2024-01-31,Consumer,Social Media
C001002,Isha Gupta,Female,35,Coimbatore,Coimbatore,2022-10-27,Consumer,Organic Search
C001003,Manish Reddy,Female,25,Coimbatore,Coimbatore,2025-10-24,Home Office,Paid Search
C001004,Sanya Kapoor,Male,36,Surat,Surat,2024-02-17,Consumer,Social Media
C001005,Diya Verma,Female,35,Nagpur,Nagpur,2024-04-29,Small Business,Referral
C001006,Meera Chopra,Female,41,Mysuru,Mysuru,2023-07-18,Small Business,Social Media
C001007,Priya Kapoor,Male,18,Patna,Patna,2024-09-26,Corporate,Social Media
C001008,Siddharth Bose,Female,55,Ahmedabad,Ahmedabad,2024-04-19,Consumer,Organic Search
C001009,Priya Mishra,Female,35,Pune,Pune,2025-09-16,Consumer,Unknown
C001010,Siddharth Singh,Female,33,Bhubaneswar,Bhubaneswar,2024-12-22,Corporate,Referral
C001011,Arjun Verma,Female,41,Jaipur,Jaipur,2025-02-27,Consumer,Social Media
C001012,Reyansh Verma,Male,39,Coimbatore,Coimbatore,2024-11-25,Consumer,Social Media
C001013,Vivaan Singh,Male,41,Chennai,Chennai,2026-06-15,Consumer,Marketplace
C001014,Krishna Reddy,Female,27,Surat,Surat,2022-02-18,Consumer,Email
C001015,Isha Malhotra,Male,35,Coimbatore,Coimbatore,2025-04-24,Consumer,Referral
C001016,Tanya Gupta,Female,34,Bhopal,Bhopal,2024-07-15,Consumer,Paid Search
C001017,Arjun Shah,Male,42,Pune,Pune,2022-12-16,Small Business,Referral
C001018,Reyansh Patel,Male,22,Gurugram,Gurugram,2025-02-23,Corporate,Paid Search
C001019,Arjun Shah,Male,40,Nagpur,Nagpur,2026-02-05,Consumer,Marketplace
C001020,Varun Shah,Male,35,Pune,Pune,2025-05-29,Consumer,Marketplace
C001021,Aditi Nair,Female,51,Indore,Indore,2022-01-29,Corporate,Paid Search
C001022,Diya Mehta,Female,18,Indore,Indore,2022-07-16,Corporate,Organic Search
C001023,Diya Singh,Male,42,Ahmedabad,Ahmedabad,2023-03-12,Corporate,Social Media
C001024,Manish Sharma,Female,28,Hyderabad,Hyderabad,2023-07-03,Consumer,Social Media
C001025,Tanya Rao,Male,59,Kolkata,Kolkata,2023-07-14,Consumer,Email
C001026,Neha Gupta,Male,25,Bhubaneswar,Bhubaneswar,2024-09-20,Consumer,Affiliate
C001027,Krishna Malhotra,Female,39,Indore,Indore,2026-06-09,Consumer,Social Media
C001028,Ishaan Reddy,Female,26,Kochi,Kochi,2023-10-30,Consumer,Organic Search
C001029,Meera Das,Female,41,Pune,Pune,2022-01-01,Small Business,Paid Search
C001030,Kabir Rao,Male,44,Kochi,Kochi,2026-01-21,Small Business,Organic Search
C001031,Kabir Sharma,Female,47,Lucknow,Lucknow,2025-02-26,Corporate,Referral
C001032,Karan Kapoor,Female,40,Lucknow,Lucknow,2026-01-25,Small Business,Marketplace
C001033,Aditi Kapoor,Male,18,Kolkata,Kolkata,2025-04-16,Consumer,Referral
C001034,SNEHA NAIR,Female,34,Chandigarh,Chandigarh,2023-06-29,Corporate,Organic Search
C001035,Krishna Bose,Male,42,Patna,Patna,2026-04-04,Small Business,Organic Search
C001036,Tanya Reddy,Female,32,Ahmedabad,Ahmedabad,2025-06-07,Corporate,Social Media
C001037,Siddharth Shah,Female,40,Nagpur,Nagpur,2026-05-10,Consumer,Organic Search
C001038,Rahul Patel,Male,18,Kochi,Kochi,2024-10-15,Consumer,Social Media
C001039,Vikram Mishra,Female,49,Chandigarh,Chandigarh,2023-10-11,Consumer,Referral
C001040,Krishna Kapoor,Female,57,Ahmedabad,Ahmedabad,2024-10-07,Corporate,Social Media
C001041,Riya Patel,Male,41,Kolkata,Kolkata,2022-07-09,Consumer,Paid Search
C001042,Rohan Joshi,Male,40,Delhi,Delhi,2023-05-12,Small Business,Marketplace
C001043,Priya Reddy,Male,18,Mysuru,Mysuru,2023-09-30,Corporate,Organic Search
C001044,Neha Singh,Female,41,Coimbatore,Coimbatore,2022-01-13,Home Office,Organic Search
C001045,Nikhil Reddy,Female,28,Bengaluru,Bengaluru,2023-01-27,Home Office,Unknown
C001046,Siddharth Gupta,Male,28,Indore,Indore,2025-04-13,Consumer,Social Media
C001047,Nikhil Patel,Female,33,Bhopal,Bhopal,2024-07-30,Corporate,Organic Search
C001048,Varun Malhotra,Female,18,Kolkata,Kolkata,2024-10-12,Small Business,Email
C001049,Riya Singh,Male,31,Kochi,Kochi,2023-05-15,Consumer,Social Media
C001050,Sanya Chopra,Male,36,Kochi,Kochi,2024-07-17,Home Office,Referral
C001051,Arjun Kapoor,Female,33,Jaipur,Jaipur,2025-02-27,Consumer,Paid Search
C001052,Meera Kapoor,Male,37,Bhubaneswar,Bhubaneswar,2022-11-05,Consumer,Email
C001053,Pooja Rao,Female,18,Ahmedabad,Ahmedabad,2023-02-12,Consumer,Social Media
C001054,Siddharth Gupta,Male,52,Kochi,Kochi,2025-10-07,Home Office,Social Media
C001055,Aarav Rao,Male,36,Kochi,Kochi,2022-02-08,Consumer,Paid Search
C001056,Arjun Yadav,Female,40,Surat,Surat,2024-07-25,Consumer,Marketplace
C001057,Ishaan Verma,Male,48,Jaipur,Jaipur,2026-03-07,Consumer,Organic Search
C001058,Vivaan Das,Female,39,Mumbai,Mumbai,2023-06-29,Consumer,Marketplace
C001059,Tanya Nair,Male,36,Nagpur,Nagpur,2025-04-16,Home Office,Organic Search
C001060,Unknown,Male,36,Patna,Patna,,Consumer,Social Media
C001061,Siddharth Nair,Male,24,Bengaluru,Bengaluru,,Corporate,Paid Search
C001062,Karan Nair,Male,42,Noida,Noida,2024-07-19,Corporate,Organic Search
C001063,Diya Nair,Male,34,Jaipur,Jaipur,2023-05-25,Home Office,Social Media
C001064,Nikhil Yadav,Female,30,Gurugram,Gurugram,2022-01-01,Home Office,Paid Search
C001065,Reyansh Mishra,Male,35,Nagpur,Nagpur,2024-01-09,Consumer,Organic Search
C001066,Isha Iyer,Male,40,Guwahati,Guwahati,2023-04-15,Consumer,Marketplace
C001067,Nikhil Iyer,Non-Binary,35,Jaipur,Jaipur,2023-06-02,Consumer,Paid Search
C001068,Tanya Patel,Female,25,Pune,Pune,2024-07-02,Consumer,Email
C001069,Nikhil Yadav,Female,50,Patna,Patna,2025-11-15,Small Business,Organic Search
C001070,Aditi Das,Female,43,Kochi,Kochi,2026-07-16,Consumer,Email
C001071,Neha Chopra,Male,33,Guwahati,Guwahati,2025-11-13,Corporate,Paid Search
C001072,Rohan Rao,Male,37,Coimbatore,Coimbatore,2025-11-27,Consumer,Email
C001073,Kavya Mehta,Female,34,Mumbai,Mumbai,2025-12-29,Corporate,Organic Search
C001074,Manish Shah,Female,38,Patna,Patna,2026-03-30,Corporate,Social Media
C001075,Rohan Das,Female,26,Jaipur,Jaipur,2024-07-17,Consumer,Affiliate
C001076,Sanya Patel,Female,54,Kolkata,Kolkata,2026-04-17,Consumer,Paid Search
C001077,Aarav Rao,Male,29,Kolkata,Kolkata,2023-10-08,Home Office,Marketplace
C001078,Nikhil Mehta,Female,42,Bhopal,Bhopal,2024-10-16,Small Business,Organic Search
C001079,Reyansh Kapoor,Male,41,Delhi,Delhi,2022-04-03,Consumer,Paid Search
C001080,Varun Gupta,Male,30,Nagpur,Nagpur,2023-11-08,Home Office,Marketplace
C001081,Pooja Kumar,Male,50,Gurugram,Gurugram,2025-09-29,Consumer,Social Media
C001082,Manish Mehta,Female,27,Delhi,Delhi,2024-06-27,Small Business,Paid Search
C001083,Pooja Chopra,Female,58,Coimbatore,Coimbatore,2023-09-08,Consumer,Email
C001084,Reyansh Iyer,Female,19,Mysuru,Mysuru,2022-01-18,Corporate,Marketplace
C001085,Varun Bose,Female,49,Nagpur,Nagpur,2023-04-08,Consumer,Marketplace
C001086,Kavya Mishra,Female,60,Coimbatore,Coimbatore,2022-09-17,Consumer,Email
C001087,Nisha Patel,Female,45,Patna,Patna,,Consumer,Organic Search
C001088,Pooja Sharma,Female,41,Chandigarh,Chandigarh,2025-03-15,Home Office,Referral
C001089,Isha Patel,Male,30,Chandigarh,Chandigarh,2023-12-09,Consumer,Referral
C001090,Pooja Yadav,Female,32,Patna,Patna,2022-11-14,Small Business,Marketplace
C001091,Siddharth Bose,Female,33,Chandigarh,Chandigarh,2024-06-02,Consumer,Paid Search
C001092,Rohan Singh,Female,47,Visakhapatnam,Visakhapatnam,2025-07-01,Consumer,Social Media
C001093,Reyansh Rao,Male,33,Surat,Surat,2026-02-01,Consumer,Paid Search
C001094,Varun Reddy,Female,30,Hyderabad,Hyderabad,2024-09-02,Small Business,Social Media
C001095,Nisha Yadav,Male,32,Jaipur,Jaipur,2025-02-20,Consumer,Email
C001096,Sneha Iyer,Female,53,Bhubaneswar,Bhubaneswar,2023-04-01,Consumer,Referral
C001097,Nisha Mishra,Female,18,Coimbatore,Coimbatore,2026-03-14,Corporate,Organic Search
C001098,Neha Joshi,Male,36,Lucknow,Lucknow,2022-08-10,Consumer,Email
C001099,Diya Yadav,Male,18,Mysuru,Mysuru,2024-07-23,Corporate,Email
C001100,Pooja Singh,Male,33,Nagpur,Nagpur,2023-09-09,Corporate,Organic Search
C001101,Nisha Das,Female,51,Mumbai,Mumbai,2025-09-16,Small Business,Referral
C001102,Krishna Verma,Female,52,Jaipur,Jaipur,2024-05-03,Small Business,Social Media
C001103,Ananya Chopra,Female,34,Mysuru,Mysuru,2023-09-15,Consumer,Organic Search
C001104,Pooja Shah,Female,35,Indore,Indore,2024-04-13,Corporate,Organic Search
C001105,Priya Singh,Female,36,Visakhapatnam,Visakhapatnam,2022-08-29,Consumer,Referral
C001106,Riya Joshi,Male,34,Bengaluru,Bengaluru,2024-08-01,Consumer,Paid Search
C001107,Rohan Iyer,Male,50,Nagpur,Nagpur,2023-04-30,Home Office,Social Media
C001108,Riya Reddy,Male,23,Patna,Patna,2022-12-20,Consumer,Social Media
C001109,Rohan Bose,Male,35,Ahmedabad,Ahmedabad,2022-12-05,Corporate,Paid Search
C001110,Aarav Reddy,Female,33,Bhopal,Bhopal,2025-11-17,Home Office,Organic Search
C001111,Reyansh Kapoor,Female,40,Hyderabad,Hyderabad,2022-09-09,Small Business,Social Media
C001112,Vivaan Joshi,Male,25,Delhi,Delhi,2023-07-31,Small Business,Social Media
C001113,Sneha Das,Male,28,Surat,Surat,2023-07-20,Consumer,Paid Search
C001114,Vikram Malhotra,Non-Binary,31,Noida,Noida,2026-04-06,Consumer,Social Media
C001115,Reyansh Patel,Female,44,Mumbai,Mumbai,2024-08-04,Small Business,Organic Search
C001116,Siddharth Sharma,Female,40,Kolkata,Kolkata,2024-10-23,Home Office,Affiliate
C001117,Diya Kumar,Male,29,Patna,Patna,2022-04-30,Consumer,Marketplace
C001118,Nikhil Sharma,Non-Binary,18,Hyderabad,Hyderabad,2023-01-29,Home Office,Referral
C001119,Ishaan Joshi,Male,48,Kolkata,Kolkata,2022-09-15,Consumer,Referral
C001120,Diya Mehta,Female,69,Patna,Patna,2024-12-26,Consumer,Referral
C001121,Rahul Rao,Female,30,Pune,Pune,2023-09-14,Home Office,Referral
C001122,Kabir Kapoor,Male,26,Mumbai,Mumbai,2025-03-07,Home Office,Paid Search
C001123,Rohan Mehta,Male,34,Noida,Noida,2022-09-12,Home Office,Referral
C001124,Neha Singh,Female,18,Delhi,Delhi,2023-06-21,Consumer,Organic Search
C001125,Sneha Yadav,Female,31,Mysuru,Mysuru,2025-10-06,Corporate,Referral
C001126,Siddharth Mehta,Male,47,Indore,Indore,2022-11-11,Consumer,Social Media
C001127,Kabir Patel,Female,28,Hyderabad,Hyderabad,2025-03-29,Consumer,Social Media
C001128,Rahul Reddy,Female,40,Noida,Noida,2025-08-28,Consumer,Organic Search
C001129,Sanya Das,Female,32,Kolkata,Kolkata,2025-06-01,Consumer,Paid Search
C001130,tanya rao,Female,40,Kochi,Kochi,2022-10-13,Consumer,Organic Search
C001131,Nikhil Chopra,Male,32,Noida,Noida,2024-10-18,Consumer,Paid Search
C001132,Isha Mehta,Female,19,Hyderabad,Hyderabad,2022-06-02,Small Business,Marketplace
C001133,Kavya Singh,Female,33,Delhi,Delhi,2024-05-14,Consumer,Referral
C001134,Arjun Verma,Male,34,Visakhapatnam,Visakhapatnam,2024-10-20,Corporate,Organic Search
C001135,Aarav Joshi,Male,23,Bengaluru,Bengaluru,2023-06-13,Home Office,Organic Search
C001136,Krishna Das,Female,43,Visakhapatnam,Visakhapatnam,2026-04-28,Consumer,Paid Search
C001137,Rohan Yadav,Male,45,Surat,Surat,2022-09-27,Home Office,Paid Search
C001138,Ananya Yadav,Male,31,Gurugram,Gurugram,2026-04-25,Small Business,Referral
C001139,Varun Kumar,Female,39,Bhubaneswar,Bhubaneswar,2025-03-29,Small Business,Social Media
C001140,Rahul Nair,Male,31,Bhubaneswar,Bhubaneswar,2022-07-22,Corporate,Social Media
C001141,Aarav Verma,Male,40,Patna,Patna,2025-06-04,Consumer,Paid Search
C001142,Reyansh Bose,Male,51,Bhopal,Bhopal,2023-09-30,Consumer,Paid Search
C001143,Kabir Reddy,Male,19,Jaipur,Jaipur,2025-10-28,Home Office,Organic Search
C001144,Riya Shah,Female,36,Chandigarh,Chandigarh,2022-02-21,Corporate,Paid Search
C001145,Kavya Nair,Female,52,Bhubaneswar,Bhubaneswar,2024-08-29,Corporate,Paid Search
C001146,Nikhil Mishra,Female,31,Bhubaneswar,Bhubaneswar,2023-07-03,Consumer,Organic Search
C001147,Isha Sharma,Female,44,Pune,Pune,2024-11-24,Consumer,Email
C001148,Krishna Joshi,Male,34,Mysuru,Mysuru,2022-08-20,Consumer,Organic Search
C001149,Tanya Mehta,Female,60,Delhi,Delhi,2026-07-14,Consumer,Marketplace
C001150,Krishna Mishra,Male,45,Coimbatore,Coimbatore,2024-03-27,Consumer,Organic Search
C001151,Vikram Sharma,Male,34,Chennai,Chennai,2025-05-09,Corporate,Social Media
C001152,Aditya Chopra,Female,30,Chennai,Chennai,2023-04-27,Consumer,Email
C001153,Aditya Verma,Male,29,Bhubaneswar,Bhubaneswar,2024-05-31,Consumer,Social Media
C001154,Pooja Mehta,Female,34,Mysuru,Mysuru,2026-02-20,Consumer,Referral
C001155,Vikram Sharma,Female,39,Noida,Noida,2025-01-23,Consumer,Marketplace
C001156,Kavya Shah,Male,31,Nagpur,Nagpur,2025-02-05,Corporate,Referral
C001157,Kabir Bose,Male,38,Bhubaneswar,Bhubaneswar,2022-04-15,Consumer,Referral
C001158,Neha Malhotra,Female,34,Mysuru,Mysuru,2022-10-12,Consumer,Referral
C001159,Rohan Malhotra,Female,34,Pune,Pune,2026-05-14,Corporate,Email
C001160,Sneha Bose,Female,38,Ahmedabad,Ahmedabad,2025-02-14,Consumer,Organic Search
C001161,Isha Bose,Male,24,Pune,Pune,2023-04-30,Consumer,Affiliate
C001162,Aditya Joshi,Female,30,Hyderabad,Hyderabad,2026-07-28,Consumer,Email
C001163,Sanya Mehta,Male,29,Kolkata,Kolkata,2025-08-25,Small Business,Email
C001164,Isha Sharma,Female,43,Bhopal,Bhopal,2024-02-11,Corporate,Marketplace
C001165,Nisha Sharma,Male,41,Chennai,Chennai,2022-11-10,Consumer,Organic Search
C001166,Rohan Kapoor,Male,31,Guwahati,Guwahati,2024-08-07,Consumer,Paid Search
C001167,Riya Das,Female,30,Surat,Surat,2025-04-27,Consumer,Organic Search
C001168,Manish Singh,Female,40,Coimbatore,Coimbatore,2022-02-13,Consumer,Affiliate
C001169,Meera Singh,Female,43,Gurugram,Gurugram,2024-10-22,Small Business,Social Media
C001170,Ishaan Mishra,Female,42,Bengaluru,Bengaluru,2025-01-02,Consumer,Referral
C001171,Karan Malhotra,Female,31,Guwahati,Guwahati,2022-03-11,Consumer,Social Media
C001172,Diya Shah,Female,18,Indore,Indore,2023-02-10,Consumer,Organic Search
C001173,Karan Iyer,Male,44,Guwahati,Guwahati,2024-11-27,Consumer,Paid Search
C001174,Kavya Sharma,Male,35,Guwahati,Guwahati,2024-12-30,Corporate,Affiliate
C001175,Krishna Das,Female,49,Chandigarh,Chandigarh,2026-03-05,Consumer,Organic Search
C001176,Aditya Patel,Male,30,Ahmedabad,Ahmedabad,2025-07-12,Small Business,Social Media
C001177,Pooja Patel,Female,23,Bengaluru,Bengaluru,2024-09-11,Consumer,Organic Search
C001178,Ananya Iyer,Male,27,Nagpur,Nagpur,2022-07-09,Consumer,Referral
C001179,Rahul Kumar,Male,43,Bengaluru,Bengaluru,2025-02-20,Consumer,Marketplace
C001180,Meera Malhotra,Male,44,Surat,Surat,2024-08-17,Consumer,Paid Search
C001181,Kabir Yadav,Male,52,Guwahati,Guwahati,2023-08-08,Consumer,Organic Search
C001182,Varun Joshi,Male,43,Mysuru,Mysuru,2023-12-10,Consumer,Marketplace
C001183,Rahul Shah,Female,21,Ahmedabad,Ahmedabad,2025-08-14,Corporate,Paid Search
C001184,Meera Mishra,Female,33,Patna,Patna,2024-01-07,Small Business,Affiliate
C001185,Neha Gupta,Female,31,Gurugram,Gurugram,2025-11-23,Consumer,Referral
C001186,Manish Rao,Female,40,Patna,Patna,2024-01-31,Corporate,Organic Search
C001187,Karan Patel,Female,43,Kochi,Kochi,2022-06-30,Consumer,Organic Search
C001188,Isha Iyer,Female,49,Surat,Surat,2024-01-11,Consumer,Social Media
C001189,Sanya Bose,Female,26,Visakhapatnam,Visakhapatnam,2022-01-26,Consumer,Social Media
C001190,Tanya Gupta,Female,44,Mysuru,Mysuru,2024-10-16,Consumer,Organic Search
C001191,Manish Bose,Male,50,Indore,Indore,2025-05-10,Consumer,Email
C001192,Reyansh Mishra,Female,39,Guwahati,Guwahati,2025-09-22,Consumer,Marketplace
C001193,Varun Sharma,Male,48,Lucknow,Lucknow,2023-11-20,Consumer,Email
C001194,Vikram Kapoor,Female,38,Delhi,Delhi,2025-10-09,Corporate,Social Media
C001195,Kavya Shah,Male,37,Noida,Noida,2023-02-10,Consumer,Organic Search
C001196,Siddharth Yadav,Female,31,Pune,Pune,2026-02-11,Corporate,Organic Search
C001197,Nisha Mehta,Male,29,Indore,Indore,2025-09-19,Consumer,Organic Search
C001198,Pooja Kapoor,Female,44,Pune,Pune,2022-01-20,Consumer,Referral
C001199,Kavya Singh,Female,32,Surat,Surat,2023-01-29,Consumer,Paid Search
C001200,Nikhil Bose,Female,42,Bhubaneswar,Bhubaneswar,2024-09-04,Small Business,Paid Search
C001201,Krishna Sharma,Male,30,Indore,Indore,2022-07-28,Consumer,Paid Search
C001202,Unknown,Female,53,Bengaluru,Bengaluru,2026-02-12,Consumer,Affiliate
C001203,Neha Patel,Female,22,Gurugram,Gurugram,2024-10-06,Consumer,Paid Search
C001204,Nisha Patel,Male,18,Noida,Noida,2024-04-08,Consumer,Social Media
C001205,Rahul Bose,Female,40,Nagpur,Nagpur,2023-01-15,Consumer,Marketplace
C001206,Aarav Yadav,Male,35,Hyderabad,Hyderabad,2025-09-07,Corporate,Paid Search
C001207,Aditya Verma,Male,32,Guwahati,Guwahati,2024-03-09,Consumer,Social Media
C001208,Siddharth Rao,Male,26,Chennai,Chennai,2024-11-06,Consumer,Paid Search
C001209,Riya Verma,Female,42,Coimbatore,Coimbatore,2022-11-08,Consumer,Social Media
C001210,Aditya Iyer,Female,27,Chennai,Chennai,2023-12-21,Home Office,Referral
C001211,Vivaan Rao,Male,42,Gurugram,Gurugram,2022-11-02,Consumer,Social Media
C001212,Rohan Chopra,Female,36,Indore,Indore,2025-09-08,Consumer,Organic Search
C001213,Arjun Rao,Female,35,Pune,Pune,2023-11-21,Consumer,Social Media
C001214,Kavya Patel,Female,18,Pune,Pune,2024-03-20,Consumer,Organic Search
C001215,Aditya Patel,Male,23,Nagpur,Nagpur,2025-07-07,Consumer,Email
C001216,Krishna Verma,Male,47,Hyderabad,Hyderabad,2025-09-20,Consumer,Social Media
C001217,Kavya Kapoor,Male,47,Indore,Indore,2022-02-26,Home Office,Paid Search
C001218,Diya Reddy,Male,18,Patna,Patna,2025-06-02,Consumer,Organic Search
C001219,Rahul Verma,Male,32,Gurugram,Gurugram,2022-05-24,Consumer,Referral
C001220,Manish Mishra,Male,52,Pune,Pune,2025-03-21,Consumer,Paid Search
C001221,Ishaan Kumar,Male,32,Bhubaneswar,Bhubaneswar,2022-03-31,Corporate,Marketplace
C001222,Ananya Verma,Male,60,Chennai,Chennai,2023-09-19,Consumer,Social Media
C001223,Krishna Yadav,Male,40,Pune,Pune,,Consumer,Marketplace
C001224,Tanya Mishra,Female,35,Nagpur,Nagpur,2023-08-08,Consumer,Marketplace
C001225,Nikhil Bose,Non-Binary,18,Hyderabad,Hyderabad,2025-06-25,Consumer,Paid Search
C001226,Rohan Das,Male,38,Pune,Pune,2022-05-24,Consumer,Organic Search
C001227,Priya Das,Female,40,Mysuru,Mysuru,2024-04-24,Home Office,Social Media
C001228,Aditi Reddy,Female,24,Noida,Noida,2022-07-19,Consumer,Organic Search
C001229,Arjun Kapoor,Male,26,Nagpur,Nagpur,2024-12-10,Consumer,Referral
C001230,Nisha Chopra,Male,43,Coimbatore,Coimbatore,2023-08-24,Consumer,Paid Search
C001231,Aditya Kapoor,Female,36,Kochi,Kochi,2023-08-15,Consumer,Affiliate
C001232,Diya Singh,Male,44,Chennai,Chennai,2022-09-08,Consumer,Organic Search
C001233,Varun Kumar,Female,39,Noida,Noida,2024-08-07,Consumer,Paid Search
C001234,Vivaan Iyer,Male,30,Kolkata,Kolkata,2022-03-07,Consumer,Social Media
C001235,Manish Sharma,Female,33,Coimbatore,Coimbatore,2023-10-25,Consumer,Email
C001236,Aditi Bose,Male,49,Patna,Patna,2023-12-01,Consumer,Social Media
C001237,Siddharth Chopra,Female,47,Visakhapatnam,Visakhapatnam,2023-04-15,Consumer,Social Media
C001238,Arjun Sharma,Female,33,Guwahati,Guwahati,2022-09-02,Consumer,Organic Search
C001239,Manish Kapoor,Female,54,Surat,Surat,2025-11-17,Consumer,Referral
C001240,Aditya Mishra,Male,39,Delhi,Delhi,2024-07-27,Consumer,Paid Search
C001241,Diya Das,Male,44,Nagpur,Nagpur,2023-01-27,Consumer,Paid Search
C001242,Karan Gupta,Male,34,Bengaluru,Bengaluru,2023-03-10,Consumer,Organic Search
C001243,Isha Mehta,Male,42,Hyderabad,Hyderabad,2022-02-18,Consumer,Social Media
C001244,Arjun Kumar,Female,50,Surat,Surat,2022-03-19,Consumer,Social Media
C001245,Nikhil Verma,Female,32,Lucknow,Lucknow,2025-10-26,Consumer,Paid Search
C001246,Isha Iyer,Female,47,Coimbatore,Coimbatore,2022-11-13,Consumer,Paid Search
C001247,Unknown,Male,22,Pune,Pune,2022-05-09,Consumer,Referral
C001248,Siddharth Gupta,Male,51,Bhubaneswar,Bhubaneswar,2022-01-07,Corporate,Paid Search
C001249,Meera Das,Female,37,Hyderabad,Hyderabad,2023-04-15,Small Business,Email
C001250,Arjun Rao,Male,27,Coimbatore,Coimbatore,2022-01-18,Consumer,Marketplace
C001251,Siddharth Nair,Male,43,Pune,Pune,,Consumer,Social Media
C001252,Reyansh Kapoor,Male,47,Guwahati,Guwahati,2024-08-29,Corporate,Referral
C001253,Sneha Kapoor,Female,36,Bengaluru,Bengaluru,2024-11-11,Corporate,Social Media
C001254,Siddharth Verma,Female,43,Hyderabad,Hyderabad,2024-04-04,Small Business,Paid Search
C001255,Kavya Sharma,Male,28,Delhi,Delhi,2022-11-04,Corporate,Social Media
C001256,Rahul Chopra,Female,18,Bengaluru,Bengaluru,2022-01-25,Consumer,Paid Search
C001257,Siddharth Kapoor,Male,18,Visakhapatnam,Visakhapatnam,2025-08-20,Consumer,Affiliate
C001258,Vikram Joshi,Male,18,Patna,Patna,2023-02-28,Small Business,Referral
C001259,Kavya Das,Female,37,Guwahati,Guwahati,2024-06-24,Corporate,Social Media
C001260,Aarav Mehta,Female,39,Delhi,Delhi,2023-06-30,Home Office,Paid Search
C001261,Neha Mehta,Female,38,Indore,Indore,2024-01-10,Consumer,Paid Search
C001262,Reyansh Verma,Male,43,Hyderabad,Hyderabad,2025-02-08,Consumer,Email
C001263,Siddharth Joshi,Female,39,Ahmedabad,Ahmedabad,2025-12-28,Consumer,Paid Search
C001264,Nisha Mehta,Female,36,Indore,Indore,2024-09-09,Consumer,Organic Search
C001265,Ananya Kumar,Female,32,Kochi,Kochi,2025-04-09,Small Business,Organic Search
C001266,Vikram Mishra,Male,24,Kochi,Kochi,2025-04-29,Small Business,Referral
C001267,Aarav Yadav,Male,34,Guwahati,Guwahati,2023-10-07,Consumer,Marketplace
C001268,Kavya Singh,Female,18,Hyderabad,Hyderabad,2023-04-17,Consumer,Social Media
C001269,Ananya Yadav,Male,35,Hyderabad,Hyderabad,2023-05-03,Consumer,Unknown
C001270,Ananya Yadav,Female,47,Kochi,Kochi,2022-06-19,Corporate,Referral
C001271,Siddharth Reddy,Female,50,Indore,Indore,2024-02-04,Consumer,Marketplace
C001272,Priya Chopra,Male,38,Lucknow,Lucknow,2026-06-19,Consumer,Referral
C001273,Varun Mehta,Female,26,Coimbatore,Coimbatore,2023-04-22,Corporate,Email
C001274,Vikram Sharma,Female,47,Hyderabad,Hyderabad,2024-01-14,Corporate,Social Media
C001275,Reyansh Das,Male,38,Chennai,Chennai,2026-04-07,Consumer,Social Media
C001276,Krishna Mishra,Male,47,Visakhapatnam,Visakhapatnam,2023-01-22,Home Office,Organic Search
C001277,Nikhil Mehta,Female,24,Noida,Noida,2023-10-15,Small Business,Paid Search
C001278,Riya Mishra,Female,25,Bengaluru,Bengaluru,2022-06-20,Consumer,Social Media
C001279,Pooja Iyer,Female,22,Jaipur,Jaipur,2026-05-15,Corporate,Email
C001280,Meera Verma,Female,39,Lucknow,Lucknow,2022-12-26,Consumer,Organic Search
C001281,Krishna Rao,Female,44,Guwahati,Guwahati,2026-05-23,Consumer,Paid Search
C001282,Ananya Kapoor,Female,36,Indore,Indore,2023-02-08,Consumer,Marketplace
C001283,Rahul Sharma,Male,18,Surat,Surat,2022-12-25,Small Business,Paid Search
C001284,Rahul Sharma,Male,37,Mysuru,Mysuru,2022-03-09,Home Office,Social Media
C001285,Riya Kumar,Male,30,Bhopal,Bhopal,2023-01-13,Consumer,Social Media
C001286,Ananya Das,Male,18,Visakhapatnam,Visakhapatnam,2024-09-01,Consumer,Referral
C001287,Sneha Kumar,Non-Binary,34,Guwahati,Guwahati,2025-08-11,Corporate,Social Media
C001288,Rohan Reddy,Male,28,Delhi,Delhi,2024-07-07,Small Business,Affiliate
C001289,Neha Mehta,Male,31,Mysuru,Mysuru,2025-01-05,Consumer,Organic Search
C001290,Arjun Singh,Male,26,Surat,Surat,2026-01-25,Consumer,Social Media
C001291,Pooja Sharma,Female,31,Hyderabad,Hyderabad,2025-01-03,Consumer,Referral
C001292,Kavya Chopra,Male,33,Lucknow,Lucknow,2022-09-09,Consumer,Organic Search
C001293,Pooja Shah,Female,38,Mumbai,Mumbai,2023-11-09,Home Office,Social Media
C001294,Vikram Iyer,Female,32,Pune,Pune,2025-12-20,Consumer,Paid Search
C001295,Priya Mishra,Female,33,Kochi,Kochi,2026-01-05,Consumer,Organic Search
C001296,Aditi Mehta,Female,46,Mysuru,Mysuru,2025-02-27,Consumer,Marketplace
C001297,Priya Bose,Female,31,Jaipur,Jaipur,2026-05-25,Consumer,Marketplace
C001298,Arjun Joshi,Male,41,Gurugram,Gurugram,2022-05-07,Consumer,Paid Search
C001299,Kabir Das,Non-Binary,34,Lucknow,Lucknow,2022-07-02,Consumer,Organic Search
C001300,Ishaan Iyer,Male,48,Unknown,Unknown,2024-08-31,Home Office,Organic Search
C001301,Manish Verma,Female,20,Bhopal,Bhopal,2023-09-23,Consumer,Marketplace
C001302,Tanya Singh,Female,25,Indore,Indore,2026-06-04,Consumer,Referral
C001303,Aditya Rao,Female,33,Kolkata,Kolkata,2026-07-26,Small Business,Organic Search
C001304,Meera Das,Male,25,Bhubaneswar,Bhubaneswar,2025-02-13,Consumer,Organic Search
C001305,Diya Malhotra,Female,38,Patna,Patna,2025-04-23,Consumer,Email
C001306,Priya Kumar,Female,31,Hyderabad,Hyderabad,2022-05-12,Consumer,Organic Search
C001307,Rahul Kapoor,Male,51,Kochi,Kochi,2022-04-07,Home Office,Social Media
C001308,Kabir Joshi,Female,31,Mysuru,Mysuru,2023-01-17,Consumer,Social Media
C001309,Varun Joshi,Male,34,Pune,Pune,2022-03-04,Small Business,Organic Search
C001310,Riya Shah,Female,33,Surat,Surat,2022-12-29,Consumer,Marketplace
C001311,Rahul Reddy,Female,29,Noida,Noida,2025-12-31,Consumer,Social Media
C001312,Siddharth Gupta,Male,24,Kolkata,Kolkata,2023-01-03,Consumer,Paid Search
C001313,Nisha Reddy,Male,51,Kochi,Kochi,2024-03-10,Consumer,Organic Search
C001314,Neha Das,Female,49,Gurugram,Gurugram,2026-02-06,Home Office,Referral
C001315,Sneha Shah,Female,34,Surat,Surat,2026-03-31,Consumer,Paid Search
C001316,Reyansh Sharma,Female,39,Bhubaneswar,Bhubaneswar,2025-10-20,Consumer,Email
C001317,Priya Joshi,Male,20,Mysuru,Mysuru,2024-01-13,Corporate,Organic Search
C001318,Vikram Shah,Female,33,Chandigarh,Chandigarh,2026-07-03,Consumer,Email
C001319,Vikram Reddy,Male,30,Nagpur,Nagpur,2024-11-23,Corporate,Paid Search
C001320,Diya Rao,Female,29,Bengaluru,Bengaluru,2026-07-24,Corporate,Email
C001321,Riya Yadav,Male,32,Lucknow,Lucknow,2022-05-04,Consumer,Affiliate
C001322,Rahul Shah,Female,45,Kolkata,Kolkata,2024-02-24,Home Office,Email
C001323,Tanya Patel,Female,26,Bhopal,Bhopal,2022-04-23,Consumer,Email
C001324,Aditi Singh,Female,41,Kochi,Kochi,2022-11-03,Consumer,Email
C001325,Priya Chopra,Female,18,Patna,Patna,2022-04-27,Consumer,Paid Search
C001326,Varun Kumar,Male,38,Pune,Pune,2024-08-17,Consumer,Organic Search
C001327,Reyansh Shah,Female,28,Kolkata,Kolkata,2022-09-15,Home Office,Organic Search
C001328,Kabir Mishra,Male,31,Surat,Surat,2022-04-18,Corporate,Organic Search
C001329,Priya Bose,Male,31,Chennai,Chennai,2025-12-23,Home Office,Social Media
C001330,Sneha Shah,Male,32,Hyderabad,Hyderabad,2024-07-30,Corporate,Email
C001331,Riya Reddy,Female,42,Noida,Noida,2024-11-30,Home Office,Paid Search
C001332,Krishna Verma,Female,47,Lucknow,Lucknow,2025-11-22,Consumer,Social Media
C001333,Vikram Yadav,Male,47,Patna,Patna,2024-12-14,Corporate,Paid Search
C001334,Riya Iyer,Female,31,Guwahati,Guwahati,2023-01-03,Corporate,Email
C001335,Aditi Rao,Male,45,Patna,Patna,2025-02-26,Consumer,Email
C001336,Rohan Reddy,Female,31,Visakhapatnam,Visakhapatnam,2025-12-19,Consumer,Social Media
C001337,Rohan Shah,Male,36,Lucknow,Lucknow,2025-04-27,Consumer,Social Media
C001338,Vikram Bose,Female,42,Mysuru,Mysuru,2024-08-12,Corporate,Email
C001339,Vikram Nair,Female,39,Visakhapatnam,Visakhapatnam,2026-02-12,Consumer,Organic Search
C001340,Tanya Mehta,Male,47,Kolkata,Kolkata,2022-05-23,Consumer,Organic Search
C001341,Rohan Rao,Male,45,Bhopal,Bhopal,2024-03-26,Corporate,Referral
C001342,Aditi Malhotra,Female,23,Pune,Pune,2025-12-04,Home Office,Marketplace
C001343,Pooja Mehta,Female,32,Chennai,Chennai,2022-07-02,Consumer,Marketplace
C001344,Varun Malhotra,Male,26,Bhubaneswar,Bhubaneswar,2025-05-03,Consumer,Organic Search
C001345,Tanya Patel,Female,20,Patna,Patna,2023-05-05,Consumer,Affiliate
C001346,Aarav Nair,Female,24,Coimbatore,Coimbatore,2023-12-22,Consumer,Social Media
C001347,Vivaan Kapoor,Male,36,Kochi,Kochi,,Consumer,Organic Search
C001348,Aarav Chopra,Female,34,Visakhapatnam,Visakhapatnam,2022-09-12,Corporate,Paid Search
C001349,Aditi Kapoor,Female,23,Delhi,Delhi,2024-08-28,Consumer,Social Media
C001350,Rohan Mehta,Male,46,Delhi,Delhi,2022-11-04,Consumer,Organic Search
C001351,Aditi Mehta,Male,51,Ahmedabad,Ahmedabad,2024-12-15,Small Business,Organic Search
C001352,Manish Patel,Female,49,Pune,Pune,2022-06-25,Consumer,Referral
C001353,Ishaan Chopra,Male,45,Ahmedabad,Ahmedabad,2025-01-09,Consumer,Organic Search
C001354,Siddharth Mishra,Female,29,Delhi,Delhi,2024-06-02,Corporate,Marketplace
C001355,Karan Chopra,Non-Binary,26,Coimbatore,Coimbatore,2022-09-25,Consumer,Paid Search
C001356,Aditi Kapoor,Female,18,Kolkata,Kolkata,2024-01-04,Home Office,Marketplace
C001357,Isha Gupta,Female,28,Nagpur,Nagpur,2023-05-27,Consumer,Paid Search
C001358,Nisha Chopra,Female,29,Kolkata,Kolkata,2022-07-24,Consumer,Marketplace
C001359,Neha Verma,Male,43,Coimbatore,Coimbatore,2023-01-20,Consumer,Social Media
C001360,Diya Joshi,Male,42,Ahmedabad,Ahmedabad,2025-07-18,Home Office,Paid Search
C001361,Aditya Malhotra,Female,33,Bengaluru,Bengaluru,2023-12-22,Consumer,Social Media
C001362,Arjun Bose,Female,41,Jaipur,Jaipur,2024-05-15,Home Office,Email
C001363,Rohan Reddy,Female,28,Mysuru,Mysuru,2025-11-04,Small Business,Paid Search
C001364,Siddharth Bose,Female,34,Nagpur,Nagpur,2024-02-22,Home Office,Social Media
C001365,Ananya Rao,Male,38,Bhopal,Bhopal,2024-09-28,Home Office,Marketplace
C001366,Nikhil Das,Female,26,Kolkata,Kolkata,2024-11-03,Home Office,Social Media
C001367,Diya Kapoor,Female,40,Mumbai,Mumbai,2025-10-14,Consumer,Organic Search
C001368,Ananya Sharma,Male,52,Noida,Noida,2022-11-28,Small Business,Email
C001369,Kavya Kumar,Male,41,Surat,Surat,2024-11-03,Consumer,Organic Search
C001370,Karan Das,Female,36,Mysuru,Mysuru,2025-05-17,Consumer,Organic Search
C001371,Isha Malhotra,Female,24,Patna,Patna,2024-06-27,Consumer,Organic Search
C001372,Varun Sharma,Female,32,Kolkata,Kolkata,2022-01-24,Corporate,Email
C001373,Nikhil Kapoor,Female,28,Mumbai,Mumbai,2022-07-08,Corporate,Marketplace
C001374,Aarav Kapoor,Female,46,Mysuru,Mysuru,2025-05-04,Corporate,Referral
C001375,Nikhil Das,Male,20,Bhopal,Bhopal,,Consumer,Email
C001376,Priya Rao,Female,51,Bhopal,Bhopal,2025-01-23,Consumer,Paid Search
C001377,Isha Yadav,Female,38,Surat,Surat,2024-12-21,Corporate,Referral
C001378,Vivaan Rao,Male,27,Kolkata,Kolkata,2024-09-09,Home Office,Marketplace
C001379,Arjun Gupta,Male,26,Kolkata,Kolkata,2025-12-21,Consumer,Social Media
C001380,Sneha Gupta,Male,44,Jaipur,Jaipur,2024-03-22,Consumer,Affiliate
C001381,Rahul Joshi,Female,33,Mumbai,Mumbai,2022-06-01,Consumer,Social Media
C001382,Rahul Das,Female,31,Lucknow,Lucknow,2023-11-18,Home Office,Paid Search
C001383,Varun Das,Male,33,Jaipur,Jaipur,2024-10-15,Corporate,Social Media
C001384,Riya Rao,Male,53,Ahmedabad,Ahmedabad,2022-05-28,Consumer,Organic Search
C001385,Vikram Kapoor,Male,41,Patna,Patna,2023-08-08,Small Business,Referral
C001386,Kabir Malhotra,Male,39,Jaipur,Jaipur,2023-04-26,Consumer,Social Media
C001387,Vivaan Verma,Female,29,Delhi,Delhi,2025-01-04,Consumer,Organic Search
C001388,Rahul Mishra,Female,19,Nagpur,Nagpur,2022-12-08,Consumer,Paid Search
C001389,Riya Reddy,Male,23,Coimbatore,Coimbatore,2025-02-28,Consumer,Social Media
C001390,Tanya Kumar,Male,36,Kolkata,Kolkata,2022-07-19,Consumer,Affiliate
C001391,Reyansh Joshi,Male,42,Hyderabad,Hyderabad,2026-01-31,Consumer,Paid Search
C001392,Isha Mishra,Male,31,Delhi,Delhi,2022-01-01,Consumer,Social Media
C001393,Diya Sharma,Female,25,Coimbatore,Coimbatore,2022-10-30,Home Office,Paid Search
C001394,Nikhil Verma,Female,54,Hyderabad,Hyderabad,2025-07-25,Consumer,Organic Search
C001395,Aditya Nair,Male,42,Coimbatore,Coimbatore,2024-06-27,Consumer,Email
C001396,Aditi Verma,Male,45,Kolkata,Kolkata,2023-01-24,Home Office,Organic Search
C001397,Priya Reddy,Female,31,Bengaluru,Bengaluru,2024-07-01,Consumer,Organic Search
C001398,Rahul Rao,Female,41,Lucknow,Lucknow,2022-09-03,Consumer,Paid Search
C001399,Pooja Bose,Male,38,Indore,Indore,2022-03-20,Corporate,Paid Search
C001400,Nikhil Rao,Male,49,Gurugram,Gurugram,2022-08-17,Corporate,Organic Search
C001401,Vikram Iyer,Male,18,Jaipur,Jaipur,2023-07-31,Consumer,Organic Search
C001402,Neha Singh,Female,44,Surat,Surat,2025-03-15,Consumer,Social Media
C001403,Pooja Sharma,Male,36,Chandigarh,Chandigarh,2023-08-16,Consumer,Email
C001404,Sanya Joshi,Female,18,Bhubaneswar,Bhubaneswar,2024-07-02,Corporate,Paid Search
C001405,Arjun Yadav,Male,42,Visakhapatnam,Visakhapatnam,2025-07-13,Consumer,Organic Search
C001406,Sneha Iyer,Male,43,Indore,Indore,2022-12-29,Corporate,Organic Search
C001407,Karan Iyer,Female,29,Hyderabad,Hyderabad,2024-03-13,Consumer,Organic Search
C001408,Aarav Mehta,Female,30,Guwahati,Guwahati,2022-01-21,Corporate,Paid Search
C001409,REYANSH YADAV,Male,29,Hyderabad,Hyderabad,2024-08-09,Consumer,Organic Search
C001410,Siddharth Joshi,Non-Binary,24,Chandigarh,Chandigarh,2023-01-21,Consumer,Email
C001411,Aditya Gupta,Female,36,Nagpur,Nagpur,2022-05-19,Corporate,Paid Search
C001412,Diya Kapoor,Female,35,Pune,Pune,2026-06-24,Consumer,Organic Search
C001413,Pooja Reddy,Male,52,Pune,Pune,2025-02-18,Small Business,Organic Search
C001414,Karan Patel,Female,25,Gurugram,Gurugram,2022-04-07,Home Office,Email
C001415,Rohan Sharma,Male,25,Pune,Pune,2022-10-15,Consumer,Organic Search
C001416,Aditi Kapoor,Male,51,Kolkata,Kolkata,2023-02-22,Corporate,Social Media
C001417,Arjun Kumar,Female,40,Bhopal,Bhopal,2024-07-18,Corporate,Email
C001418,Isha Mehta,Female,43,Jaipur,Jaipur,2026-05-30,Corporate,Organic Search
C001419,Kavya Bose,Male,40,Kochi,Kochi,2023-12-22,Consumer,Organic Search
C001420,Rohan Malhotra,Male,20,Coimbatore,Coimbatore,2024-04-12,Consumer,Paid Search
C001421,Siddharth Nair,Male,36,Bhopal,Bhopal,2022-09-06,Home Office,Paid Search
C001422,Priya Verma,Male,32,Coimbatore,Coimbatore,2025-01-10,Consumer,Referral
C001423,Tanya Mehta,Female,30,Surat,Surat,2026-07-06,Consumer,Organic Search
C001424,Tanya Yadav,Female,40,Delhi,Delhi,2022-02-02,Consumer,Email
C001425,Meera Bose,Male,36,Visakhapatnam,Visakhapatnam,2024-10-01,Home Office,Marketplace
C001426,Kabir Kapoor,Male,57,Kolkata,Kolkata,2022-05-07,Consumer,Paid Search
C001427,Arjun Patel,Female,32,Visakhapatnam,Visakhapatnam,,Consumer,Social Media
C001428,Nisha Kumar,Female,38,Gurugram,Gurugram,2023-03-19,Home Office,Email
C001429,Tanya Gupta,Female,35,Noida,Noida,2023-07-28,Consumer,Social Media
C001430,Vikram Patel,Female,27,Guwahati,Guwahati,2024-04-29,Consumer,Marketplace
C001431,Arjun Rao,Male,25,Lucknow,Lucknow,2023-05-09,Consumer,Referral
C001432,Sanya Singh,Female,54,Mumbai,Mumbai,2025-03-31,Home Office,Referral
C001433,Varun Kumar,Male,27,Surat,Surat,2022-11-07,Consumer,Marketplace
C001434,Arjun Gupta,Male,40,Nagpur,Nagpur,2024-10-30,Corporate,Paid Search
C001435,Pooja Malhotra,Male,25,Guwahati,Guwahati,2023-06-09,Consumer,Social Media
C001436,Diya Joshi,Male,27,Indore,Indore,2023-05-25,Consumer,Paid Search
C001437,Neha Kapoor,Female,24,Coimbatore,Coimbatore,2023-01-06,Home Office,Paid Search
C001438,Priya Nair,Female,22,Chandigarh,Chandigarh,2025-03-02,Consumer,Paid Search
C001439,Vivaan Verma,Male,45,Bengaluru,Bengaluru,2022-01-05,Consumer,Social Media
C001440,Rahul Iyer,Female,27,Bengaluru,Bengaluru,2025-06-23,Consumer,Referral
C001441,Sanya Rao,Female,24,Mysuru,Mysuru,2025-10-11,Corporate,Social Media
C001442,Nikhil Shah,Female,59,Noida,Noida,2025-04-20,Corporate,Organic Search
C001443,Isha Kumar,Female,57,Lucknow,Lucknow,2024-10-27,Corporate,Paid Search
C001444,Sanya Singh,Female,46,Hyderabad,Hyderabad,2022-05-29,Consumer,Email
C001445,Pooja Nair,Female,45,Pune,Pune,2024-04-13,Small Business,Social Media
C001446,Varun Shah,Female,19,Coimbatore,Coimbatore,2023-06-22,Consumer,Paid Search
C001447,Nikhil Gupta,Male,18,Hyderabad,Hyderabad,2023-04-27,Consumer,Organic Search
C001448,Neha Joshi,Male,23,Bhopal,Bhopal,2022-08-03,Consumer,Organic Search
C001449,Priya Nair,Male,26,Guwahati,Guwahati,2023-05-11,Consumer,Organic Search
C001450,Kavya Chopra,Female,45,Chennai,Chennai,2026-01-30,Consumer,Organic Search
C001451,Varun Sharma,Male,40,Chennai,Chennai,2026-06-29,Corporate,Paid Search
C001452,Kavya Verma,Male,40,Mumbai,Mumbai,2025-11-27,Consumer,Affiliate
C001453,Vivaan Shah,Female,32,Coimbatore,Coimbatore,2024-12-25,Corporate,Email
C001454,Aditya Bose,Male,35,Bengaluru,Bengaluru,2022-11-02,Consumer,Paid Search
C001455,Siddharth Gupta,Non-Binary,30,Lucknow,Lucknow,2024-05-10,Consumer,Paid Search
C001456,Tanya Mishra,Male,35,Lucknow,Lucknow,2022-10-13,Consumer,Unknown
C001457,Neha Reddy,Male,37,Patna,Patna,2022-10-29,Corporate,Paid Search
C001458,Sneha Reddy,Female,48,Hyderabad,Hyderabad,2022-03-21,Consumer,Paid Search
C001459,Nisha Rao,Female,38,Delhi,Delhi,2026-05-05,Corporate,Social Media
C001460,Vikram Singh,Female,51,Lucknow,Lucknow,2024-07-29,Corporate,Referral
C001461,Aditi Das,Female,36,Bengaluru,Bengaluru,2023-03-26,Home Office,Referral
C001462,Varun Rao,Male,19,Hyderabad,Hyderabad,2025-11-24,Consumer,Organic Search
C001463,Isha Das,Male,34,Chennai,Chennai,2022-06-08,Consumer,Paid Search
C001464,Karan Mishra,Male,34,Chandigarh,Chandigarh,2023-05-06,Consumer,Paid Search
C001465,Tanya Sharma,Female,19,Gurugram,Gurugram,2024-06-26,Consumer,Referral
C001466,Riya Mishra,Male,38,Mysuru,Mysuru,2025-02-19,Consumer,Affiliate
C001467,Nisha Reddy,Female,32,Hyderabad,Hyderabad,2023-01-03,Consumer,Email
C001468,Isha Kumar,Female,38,Pune,Pune,2023-10-30,Consumer,Marketplace
C001469,Pooja Joshi,Female,44,Ahmedabad,Ahmedabad,2025-04-23,Consumer,Organic Search
C001470,Kavya Das,Female,32,Hyderabad,Hyderabad,2022-03-18,Consumer,Marketplace
C001471,Tanya Shah,Female,36,Chennai,Chennai,2024-03-29,Home Office,Organic Search
C001472,Meera Gupta,Female,38,Bhubaneswar,Bhubaneswar,2024-11-15,Small Business,Organic Search
C001473,Riya Verma,Female,22,Patna,Patna,2022-07-23,Consumer,Organic Search
C001474,Priya Joshi,Male,27,Hyderabad,Hyderabad,2024-08-21,Consumer,Referral
C001475,Nisha Verma,Female,41,Indore,Indore,2024-04-26,Home Office,Paid Search
C001476,Krishna Singh,Female,38,Patna,Patna,2023-03-23,Consumer,Affiliate
C001477,Arjun Malhotra,Female,21,Hyderabad,Hyderabad,2023-08-30,Home Office,Organic Search
C001478,Sanya Nair,Female,34,Indore,Indore,2025-08-17,Consumer,Organic Search
C001479,Riya Kumar,Female,27,Delhi,Delhi,2022-09-01,Home Office,Referral
C001480,Nikhil Sharma,Female,18,Nagpur,Nagpur,2026-06-22,Corporate,Paid Search
C001481,Manish Das,Male,34,Nagpur,Nagpur,2022-03-03,Consumer,Organic Search
C001482,Vivaan Shah,Female,37,Chandigarh,Chandigarh,2026-04-16,Consumer,Organic Search
C001483,Pooja Rao,Male,34,Kolkata,Kolkata,2026-06-30,Small Business,Paid Search
C001484,Kavya Reddy,Female,52,Kochi,Kochi,2022-06-14,Consumer,Referral
C001485,Tanya Rao,Male,37,Pune,Pune,2024-02-23,Corporate,Social Media
C001486,Kabir Mehta,Female,31,Chandigarh,Chandigarh,2022-07-30,Small Business,Social Media
C001487,Reyansh Das,Male,54,Nagpur,Nagpur,2024-12-15,Consumer,Organic Search
C001488,Diya Rao,Female,22,Jaipur,Jaipur,2024-06-20,Consumer,Affiliate
C001489,Varun Joshi,Male,32,Gurugram,Gurugram,2024-05-22,Small Business,Organic Search
C001490,Pooja Bose,Female,33,Chennai,Chennai,2022-08-28,Consumer,Social Media
C001491,Nisha Joshi,Male,46,Kochi,Kochi,2025-07-27,Consumer,Organic Search
C001492,Vikram Joshi,Male,31,Gurugram,Gurugram,2022-03-12,Consumer,Social Media
C001493,Diya Rao,Female,47,Nagpur,Nagpur,2023-10-24,Consumer,Marketplace
C001494,Vivaan Rao,Male,39,Visakhapatnam,Visakhapatnam,2022-07-03,Consumer,Referral
C001495,Varun Joshi,Female,19,Ahmedabad,Ahmedabad,2023-08-18,Corporate,Organic Search
C001496,Karan Das,Female,36,Bhopal,Bhopal,2024-07-26,Consumer,Paid Search
C001497,Tanya Joshi,Female,18,Bhopal,Bhopal,2022-09-17,Consumer,Organic Search
C001498,Nisha Das,Male,32,Jaipur,Jaipur,2023-04-19,Corporate,Paid Search
C001499,Sanya Joshi,Female,37,Visakhapatnam,Visakhapatnam,2024-11-06,Consumer,Organic Search
C001500,Diya Kumar,Female,39,Guwahati,Guwahati,2026-05-13,Consumer,Affiliate
C001501,Sneha Verma,Female,41,Bhubaneswar,Bhubaneswar,2024-02-08,Consumer,Email
C001502,Ishaan Verma,Male,26,Noida,Noida,2022-06-25,Home Office,Paid Search
C001503,Meera Mishra,Male,31,Jaipur,Jaipur,2022-04-10,Consumer,Social Media
C001504,Karan Chopra,Female,18,Nagpur,Nagpur,2025-08-18,Small Business,Social Media
C001505,Aditi Bose,Female,45,Coimbatore,Coimbatore,2022-06-07,Consumer,Referral
C001506,Diya Kumar,Female,34,Bengaluru,Bengaluru,2022-12-08,Corporate,Social Media
C001507,Sneha Kapoor,Male,23,Bengaluru,Bengaluru,2025-06-07,Home Office,Marketplace
C001508,Aarav Verma,Female,31,Guwahati,Guwahati,2026-02-08,Consumer,Referral
C001509,Siddharth Mishra,Female,35,Ahmedabad,Ahmedabad,2023-05-26,Consumer,Paid Search
C001510,Tanya Shah,Female,44,Hyderabad,Hyderabad,2024-11-18,Consumer,Social Media
C001511,Manish Patel,Female,46,Mysuru,Mysuru,2022-12-23,Small Business,Paid Search
C001512,Tanya Das,Female,58,Bengaluru,Bengaluru,2025-04-13,Consumer,Marketplace
C001513,Vivaan Verma,Female,37,Kochi,Kochi,2026-05-01,Consumer,Marketplace
C001514,Diya Rao,Male,40,Nagpur,Nagpur,2022-05-04,Consumer,Paid Search
C001515,Rahul Kumar,Female,19,Lucknow,Lucknow,2022-09-13,Consumer,Social Media
C001516,Rahul Bose,Female,26,Nagpur,Nagpur,2026-03-27,Corporate,Referral
C001517,Sneha Das,Male,29,Mumbai,Mumbai,2022-10-08,Consumer,Paid Search
C001518,Aarav Nair,Female,43,Hyderabad,Hyderabad,2022-06-12,Consumer,Organic Search
C001519,Rahul Nair,Female,24,Kochi,Kochi,2025-12-27,Corporate,Marketplace
C001520,Rahul Mishra,Female,31,Noida,Noida,2023-10-14,Consumer,Social Media
C001521,Pooja Yadav,Male,22,Delhi,Delhi,2026-03-30,Corporate,Paid Search
C001522,Vivaan Singh,Male,29,Bhubaneswar,Bhubaneswar,2025-04-19,Home Office,Organic Search
C001523,Pooja Mishra,Female,35,Nagpur,Nagpur,2022-09-09,Corporate,Paid Search
C001524,Neha Joshi,Female,24,Jaipur,Jaipur,2022-10-30,Small Business,Organic Search
C001525,Siddharth Bose,Male,18,Delhi,Delhi,2025-07-16,Small Business,Organic Search
C001526,Manish Bose,Female,39,Gurugram,Gurugram,2022-05-21,Consumer,Marketplace
C001527,Krishna Yadav,Female,33,Chandigarh,Chandigarh,2023-08-02,Consumer,Social Media
C001528,Neha Verma,Female,21,Nagpur,Nagpur,2026-03-09,Consumer,Organic Search
C001529,Diya Yadav,Male,31,Noida,Noida,2024-04-30,Consumer,Social Media
C001530,Ananya Gupta,Male,25,Bhopal,Bhopal,2023-11-23,Corporate,Marketplace
C001531,Siddharth Nair,Male,35,Visakhapatnam,Visakhapatnam,2022-07-04,Consumer,Email
C001532,Kavya Bose,Male,55,Visakhapatnam,Visakhapatnam,2026-04-01,Home Office,Paid Search
C001533,Pooja Das,Male,25,Noida,Noida,2023-10-23,Consumer,Paid Search
C001534,Pooja Sharma,Male,46,Jaipur,Jaipur,2023-06-20,Consumer,Organic Search
C001535,Nisha Singh,Female,39,Coimbatore,Coimbatore,2024-05-09,Consumer,Paid Search
C001536,Nikhil Rao,Unknown,28,Delhi,Delhi,2024-03-30,Corporate,Paid Search
C001537,Karan Verma,Male,19,Nagpur,Nagpur,2023-11-17,Consumer,Social Media
C001538,Manish Shah,Female,31,Bhopal,Bhopal,2022-10-22,Home Office,Email
C001539,Manish Sharma,Male,49,Kochi,Kochi,2022-05-24,Consumer,Email
C001540,Priya Sharma,Female,45,Gurugram,Gurugram,2023-04-02,Consumer,Organic Search
C001541,Sneha Kumar,Male,32,Jaipur,Jaipur,2025-11-12,Home Office,Email
C001542,Priya Mehta,Male,43,Mysuru,Mysuru,2023-05-24,Consumer,Marketplace
C001543,Riya Singh,Female,59,Unknown,Unknown,2024-06-07,Consumer,Paid Search
C001544,Pooja Sharma,Female,26,Indore,Indore,2025-07-05,Corporate,Social Media
C001545,Kabir Mehta,Male,60,Nagpur,Nagpur,2024-11-27,Consumer,Paid Search
C001546,Kabir Mishra,Female,38,Lucknow,Lucknow,2024-09-27,Corporate,Paid Search
C001547,Manish Bose,Female,21,Kochi,Kochi,2025-09-16,Consumer,Organic Search
C001548,Ananya Joshi,Female,42,Coimbatore,Coimbatore,2023-10-15,Consumer,Organic Search
C001549,Krishna Kapoor,Male,28,Gurugram,Gurugram,2025-02-23,Consumer,Marketplace
C001550,Riya Yadav,Non-Binary,25,Delhi,Delhi,2025-11-01,Consumer,Social Media
C001551,Arjun Joshi,Female,45,Patna,Patna,2024-04-15,Consumer,Paid Search
C001552,Isha Nair,Female,28,Mysuru,Mysuru,2024-08-10,Consumer,Marketplace
C001553,Pooja Malhotra,Male,36,Mysuru,Mysuru,2024-10-19,Consumer,Marketplace
C001554,Vivaan Chopra,Female,42,Hyderabad,Hyderabad,2023-06-15,Consumer,Organic Search
C001555,Siddharth Reddy,Female,25,Lucknow,Lucknow,2024-02-09,Consumer,Paid Search
C001556,Reyansh Nair,Male,18,Visakhapatnam,Visakhapatnam,2024-12-05,Corporate,Organic Search
C001557,Krishna Sharma,Male,27,Hyderabad,Hyderabad,2023-11-08,Consumer,Marketplace
C001558,Ishaan Mehta,Male,18,Bhopal,Bhopal,2022-03-17,Home Office,Social Media
C001559,Kabir Nair,Female,55,Guwahati,Guwahati,2022-06-13,Home Office,Marketplace
C001560,Priya Kapoor,Female,27,Kochi,Kochi,2022-09-11,Corporate,Paid Search
C001561,Arjun Rao,Male,18,Coimbatore,Coimbatore,2024-12-26,Consumer,Organic Search
C001562,Riya Singh,Female,49,Delhi,Delhi,,Consumer,Organic Search
C001563,Isha Yadav,Female,28,Mysuru,Mysuru,2023-10-16,Consumer,Organic Search
C001564,Karan Rao,Male,35,Lucknow,Lucknow,2025-02-15,Home Office,Organic Search
C001565,Vivaan Shah,Female,36,Gurugram,Gurugram,2022-08-18,Home Office,Social Media
C001566,Rahul Malhotra,Female,34,Kolkata,Kolkata,2022-09-02,Consumer,Referral
C001567,Sneha Chopra,Female,18,Noida,Noida,2022-10-14,Small Business,Organic Search
C001568,Aditya Shah,Male,47,Chandigarh,Chandigarh,2023-09-24,Small Business,Marketplace
C001569,Arjun Rao,Female,23,Lucknow,Lucknow,2024-07-30,Consumer,Organic Search
C001570,Vivaan Rao,Female,31,Guwahati,Guwahati,2024-11-25,Home Office,Organic Search
C001571,Isha Reddy,Male,38,Hyderabad,Hyderabad,2022-06-26,Consumer,Paid Search
C001572,Sneha Yadav,Female,39,Bengaluru,Bengaluru,2024-12-09,Consumer,Organic Search
C001573,Kabir Mehta,Male,52,Kochi,Kochi,2023-01-30,Consumer,Organic Search
C001574,aarav verma,Male,34,Delhi,Delhi,2023-03-01,Corporate,Paid Search
C001575,Nikhil Das,Female,39,Ahmedabad,Ahmedabad,2025-12-05,Consumer,Referral
C001576,Sneha Chopra,Female,22,Bhopal,Bhopal,2026-01-11,Consumer,Affiliate
C001577,Tanya Chopra,Female,18,Bhopal,Bhopal,2025-11-16,Consumer,Paid Search
C001578,Pooja Chopra,Female,37,Chennai,Chennai,2025-10-24,Consumer,Referral
C001579,Rahul Bose,Male,39,Hyderabad,Hyderabad,2025-12-27,Consumer,Marketplace
C001580,Manish Verma,Male,36,Hyderabad,Hyderabad,2024-12-07,Corporate,Social Media
C001581,Ananya Sharma,Female,39,Chandigarh,Chandigarh,2025-11-25,Consumer,Email
C001582,Rohan Yadav,Female,33,Mysuru,Mysuru,2022-02-24,Home Office,Organic Search
C001583,Neha Joshi,Female,57,Patna,Patna,2026-07-01,Home Office,Marketplace
C001584,Rahul Singh,Male,19,Ahmedabad,Ahmedabad,2025-12-31,Consumer,Organic Search
C001585,Aditya Joshi,Female,18,Chandigarh,Chandigarh,2026-05-07,Consumer,Email
C001586,Neha Yadav,Female,35,Nagpur,Nagpur,2023-03-07,Consumer,Paid Search
C001587,Varun Verma,Female,18,Kochi,Kochi,2023-08-10,Corporate,Paid Search
C001588,Meera Gupta,Female,30,Hyderabad,Hyderabad,2026-04-02,Consumer,Affiliate
C001589,Ishaan Joshi,Female,54,Guwahati,Guwahati,2023-11-10,Small Business,Referral
C001590,Sanya Kapoor,Female,31,Visakhapatnam,Visakhapatnam,2022-09-24,Consumer,Email
C001591,Karan Nair,Female,18,Guwahati,Guwahati,2024-08-17,Corporate,Paid Search
C001592,Kabir Singh,Female,29,Mysuru,Mysuru,2025-11-16,Consumer,Marketplace
C001593,Karan Kumar,Female,37,Ahmedabad,Ahmedabad,2026-06-24,Consumer,Referral
C001594,Siddharth Reddy,Female,29,Bhopal,Bhopal,2024-07-30,Consumer,Organic Search
C001595,Karan Gupta,Female,18,Kochi,Kochi,2026-07-20,Consumer,Marketplace
C001596,Aarav Kumar,Female,24,Nagpur,Nagpur,2022-03-31,Small Business,Email
C001597,Nikhil Kapoor,Female,32,Kolkata,Kolkata,2025-08-16,Consumer,Organic Search
C001598,Tanya Yadav,Non-Binary,18,Indore,Indore,2025-08-06,Small Business,Referral
C001599,Manish Das,Female,33,Kochi,Kochi,2022-12-31,Corporate,Referral
C001600,Pooja Kumar,Non-Binary,26,Visakhapatnam,Visakhapatnam,,Consumer,Organic Search
C001601,Varun Nair,Male,45,Indore,Indore,2024-06-14,Consumer,Email
C001602,Aditya Yadav,Male,18,Lucknow,Lucknow,2022-03-20,Consumer,Social Media
C001603,Kabir Verma,Female,22,Noida,Noida,2025-07-30,Consumer,Referral
C001604,Nikhil Das,Male,33,Mumbai,Mumbai,2022-12-02,Consumer,Paid Search
C001605,Riya Sharma,Female,40,Bhopal,Bhopal,2023-12-15,Consumer,Referral
C001606,Reyansh Joshi,Male,32,Lucknow,Lucknow,2023-12-07,Corporate,Paid Search
C001607,Manish Kumar,Male,36,Kolkata,Kolkata,2023-06-05,Corporate,Referral
C001608,Aditya Rao,Male,58,Bengaluru,Bengaluru,2022-08-21,Consumer,Referral
C001609,Pooja Rao,Male,23,Guwahati,Guwahati,2023-07-26,Consumer,Organic Search
C001610,Pooja Reddy,Male,35,Bengaluru,Bengaluru,2023-08-29,Consumer,Referral
C001611,Neha Rao,Female,40,Mumbai,Mumbai,2025-09-05,Consumer,Affiliate
C001612,Ananya Yadav,Male,21,Hyderabad,Hyderabad,2022-03-15,Home Office,Referral
C001613,Riya Yadav,Male,25,Kolkata,Kolkata,2022-04-01,Small Business,Social Media
C001614,Arjun Mehta,Male,28,Jaipur,Jaipur,2023-01-26,Corporate,Organic Search
C001615,Tanya Mishra,Female,27,Chandigarh,Chandigarh,2024-05-17,Consumer,Paid Search
C001616,Varun Gupta,Male,30,Bhubaneswar,Bhubaneswar,2023-11-16,Consumer,Organic Search
C001617,Isha Rao,Male,46,Noida,Noida,2022-09-25,Small Business,Affiliate
C001618,Riya Das,Non-Binary,26,Jaipur,Jaipur,2026-01-31,Consumer,Social Media
C001619,Reyansh Chopra,Female,24,Coimbatore,Coimbatore,2022-08-23,Consumer,Marketplace
C001620,Meera Nair,Female,24,Noida,Noida,2025-04-25,Consumer,Paid Search
C001621,Diya Verma,Male,31,Bhubaneswar,Bhubaneswar,2022-03-25,Home Office,Social Media
C001622,Vikram Mehta,Female,48,Bhopal,Bhopal,2022-09-19,Consumer,Marketplace
C001623,Sanya Reddy,Male,39,Bengaluru,Bengaluru,2025-12-15,Consumer,Organic Search
C001624,Sanya Nair,Female,40,Pune,Pune,2022-09-08,Consumer,Organic Search
C001625,Kabir Kapoor,Male,30,Bengaluru,Bengaluru,2026-05-14,Corporate,Organic Search
C001626,Sanya Kumar,Male,42,Visakhapatnam,Visakhapatnam,2024-04-20,Consumer,Organic Search
C001627,Sneha Nair,Male,34,Lucknow,Lucknow,2023-04-12,Consumer,Social Media
C001628,Pooja Das,Male,23,Visakhapatnam,Visakhapatnam,2024-05-05,Consumer,Email
C001629,Meera Kapoor,Female,33,Kochi,Kochi,2025-02-07,Consumer,Marketplace
C001630,Rahul Yadav,Male,30,Kochi,Kochi,2025-07-07,Consumer,Referral
C001631,Varun Iyer,Female,26,Nagpur,Nagpur,2023-04-25,Consumer,Email
C001632,Rohan Sharma,Female,18,Nagpur,Nagpur,2023-10-03,Consumer,Email
C001633,Meera Mishra,Female,33,Lucknow,Lucknow,2022-11-20,Home Office,Referral
C001634,Karan Iyer,Female,43,Guwahati,Guwahati,2025-10-31,Small Business,Marketplace
C001635,Manish Bose,Female,46,Jaipur,Jaipur,2022-08-15,Consumer,Organic Search
C001636,Varun Sharma,Female,20,Visakhapatnam,Visakhapatnam,2026-05-22,Small Business,Paid Search
C001637,Kavya Nair,Female,42,Ahmedabad,Ahmedabad,2025-09-17,Small Business,Social Media
C001638,Rohan Mishra,Male,18,Visakhapatnam,Visakhapatnam,2025-11-06,Corporate,Marketplace
C001639,Rohan Kumar,Male,46,Hyderabad,Hyderabad,2023-06-16,Home Office,Email
C001640,Ananya Yadav,Male,38,Pune,Pune,2023-10-08,Consumer,Paid Search
C001641,Varun Chopra,Female,38,Gurugram,Gurugram,2022-09-15,Consumer,Email
C001642,Manish Kapoor,Female,47,Guwahati,Guwahati,2022-05-06,Corporate,Paid Search
C001643,Nikhil Patel,Female,48,Bhubaneswar,Bhubaneswar,2024-03-29,Corporate,Social Media
C001644,Sanya Rao,Female,25,Jaipur,Jaipur,2023-10-07,Consumer,Social Media
C001645,Krishna Gupta,Female,28,Kolkata,Kolkata,2026-07-05,Consumer,Social Media
C001646,Rohan Singh,Male,51,Mysuru,Mysuru,2024-07-03,Consumer,Paid Search
C001647,Siddharth Das,Male,19,Mumbai,Mumbai,2022-03-04,Consumer,Social Media
C001648,Diya Joshi,Female,40,Kochi,Kochi,2025-06-27,Home Office,Paid Search
C001649,Diya Kumar,Male,32,Noida,Noida,2023-09-20,Consumer,Organic Search
C001650,Pooja Sharma,Female,21,Kolkata,Kolkata,2025-10-08,Consumer,Organic Search
C001651,Nisha Nair,Male,23,Gurugram,Gurugram,2023-12-26,Consumer,Marketplace
C001652,Rohan Kapoor,Male,35,Ahmedabad,Ahmedabad,2025-09-27,Consumer,Organic Search
C001653,Sneha Reddy,Non-Binary,23,Coimbatore,Coimbatore,2022-03-20,Home Office,Organic Search
C001654,Priya Gupta,Female,45,Noida,Noida,2024-03-21,Small Business,Paid Search
C001655,Manish Reddy,Male,35,Visakhapatnam,Visakhapatnam,2022-05-28,Consumer,Affiliate
C001656,Riya Bose,Male,18,Gurugram,Gurugram,2025-10-28,Consumer,Social Media
C001657,Rohan Sharma,Male,35,Bhopal,Bhopal,2026-03-04,Small Business,Email
C001658,Aditya Shah,Female,24,Ahmedabad,Ahmedabad,2022-01-16,Corporate,Affiliate
C001659,Kabir Mehta,Male,26,Hyderabad,Hyderabad,2025-02-05,Corporate,Email
C001660,Ananya Rao,Female,34,Mumbai,Mumbai,2023-12-09,Consumer,Social Media
C001661,Arjun Patel,Male,42,Bhopal,Bhopal,2023-06-11,Corporate,Paid Search
C001662,Sanya Kumar,Male,19,Chennai,Chennai,2022-07-09,Home Office,Affiliate
C001663,Ananya Bose,Female,28,Lucknow,Lucknow,2024-05-29,Corporate,Paid Search
C001664,Kabir Shah,Male,20,Coimbatore,Coimbatore,2022-07-03,Consumer,Social Media
C001665,Ananya Reddy,Male,38,Kolkata,Kolkata,2023-09-15,Consumer,Organic Search
C001666,Meera Chopra,Female,21,Kochi,Kochi,2026-05-03,Consumer,Social Media
C001667,Pooja Yadav,Female,33,Bhopal,Bhopal,2025-05-04,Consumer,Referral
C001668,Krishna Malhotra,Male,28,Chandigarh,Chandigarh,2025-12-13,Consumer,Social Media
C001669,Aarav Singh,Female,24,Lucknow,Lucknow,2022-07-15,Corporate,Paid Search
C001670,Ananya Patel,Female,18,Mumbai,Mumbai,2025-04-18,Consumer,Social Media
C001671,Neha Mehta,Male,40,Patna,Patna,2025-01-16,Small Business,Social Media
C001672,Aditya Reddy,Female,44,Lucknow,Lucknow,2024-03-19,Home Office,Marketplace
C001673,Krishna Kapoor,Male,38,Chennai,Chennai,2023-03-06,Consumer,Referral
C001674,Tanya Singh,Male,33,Mumbai,Mumbai,2023-08-14,Home Office,Paid Search
C001675,Tanya Mishra,Non-Binary,30,Indore,Indore,2023-04-09,Consumer,Referral
C001676,Priya Mehta,Male,28,Mumbai,Mumbai,2025-05-01,Consumer,Paid Search
C001677,Reyansh Joshi,Male,29,Bengaluru,Bengaluru,2022-11-18,Consumer,Social Media
C001678,Sanya Chopra,Male,47,Bhopal,Bhopal,2022-10-02,Corporate,Referral
C001679,Pooja Nair,Male,41,Lucknow,Lucknow,2023-06-28,Corporate,Organic Search
C001680,Arjun Sharma,Male,28,Visakhapatnam,Visakhapatnam,2023-07-29,Consumer,Organic Search
C001681,Rahul Chopra,Female,27,Surat,Surat,2025-03-09,Consumer,Organic Search
C001682,Arjun Sharma,Female,38,Chennai,Chennai,2023-12-17,Consumer,Organic Search
C001683,Aditi Das,Female,29,Bhubaneswar,Bhubaneswar,2025-12-26,Corporate,Marketplace
C001684,Aarav Iyer,Male,30,Bengaluru,Bengaluru,2025-12-22,Consumer,Email
C001685,Aditya Mishra,Female,35,Nagpur,Nagpur,2026-05-11,Consumer,Paid Search
C001686,Sneha Kapoor,Female,57,Delhi,Delhi,2022-03-26,Consumer,Organic Search
C001687,Aditya Mehta,Male,18,Nagpur,Nagpur,2023-06-30,Consumer,Organic Search
C001688,Aditi Malhotra,Female,23,Kolkata,Kolkata,2022-10-04,Home Office,Referral
C001689,Siddharth Shah,Female,37,Coimbatore,Coimbatore,2023-01-16,Consumer,Paid Search
C001690,Vivaan Kapoor,Female,51,Pune,Pune,2022-08-28,Consumer,Email
C001691,Tanya Verma,Female,39,Hyderabad,Hyderabad,2026-02-09,Small Business,Organic Search
C001692,Aditya Iyer,Male,29,Ahmedabad,Ahmedabad,2023-12-04,Consumer,Social Media
C001693,Vivaan Bose,Female,43,Bhopal,Bhopal,2022-10-30,Consumer,Organic Search
C001694,Diya Malhotra,Male,33,Ahmedabad,Ahmedabad,2024-09-18,Small Business,Referral
C001695,Rohan Reddy,Male,43,Chennai,Chennai,2024-01-31,Consumer,Paid Search
C001696,Nisha Gupta,Male,45,Chennai,Chennai,2024-04-26,Home Office,Paid Search
C001697,Diya Bose,Male,45,Guwahati,Guwahati,2024-12-07,Corporate,Organic Search
C001698,Karan Chopra,Female,24,Bengaluru,Bengaluru,2022-02-14,Home Office,Organic Search
C001699,Ananya Patel,Male,22,Delhi,Delhi,2025-02-02,Consumer,Referral
C001700,Krishna Mehta,Female,49,Ahmedabad,Ahmedabad,2025-07-02,Consumer,Organic Search
C001701,Meera Nair,Male,26,Lucknow,Lucknow,2026-01-29,Consumer,Referral
C001702,Sneha Mehta,Male,49,Chandigarh,Chandigarh,2023-09-09,Corporate,Email
C001703,Sneha Shah,Male,36,Coimbatore,Coimbatore,2026-01-19,Consumer,Paid Search
C001704,Riya Kumar,Female,32,Bengaluru,Bengaluru,2023-08-14,Consumer,Social Media
C001705,Rohan Reddy,Male,32,Nagpur,Nagpur,2022-01-04,Consumer,Organic Search
C001706,Priya Chopra,Male,25,Indore,Indore,2026-02-02,Corporate,Marketplace
C001707,Rahul Iyer,Female,32,Indore,Indore,2024-04-12,Home Office,Paid Search
C001708,Siddharth Gupta,Female,33,Kolkata,Kolkata,2022-03-09,Small Business,Organic Search
C001709,Krishna Verma,Male,43,Coimbatore,Coimbatore,2026-01-31,Consumer,Paid Search
C001710,Manish Yadav,Female,18,Hyderabad,Hyderabad,2022-11-15,Consumer,Referral
C001711,Rohan Singh,Female,18,Bhubaneswar,Bhubaneswar,2022-03-24,Corporate,Organic Search
C001712,Priya Singh,Female,32,Noida,Noida,2024-02-02,Consumer,Organic Search
C001713,Sanya Reddy,Female,42,Chandigarh,Chandigarh,2025-09-01,Consumer,Paid Search
C001714,Rohan Mehta,Female,18,Jaipur,Jaipur,2023-01-22,Home Office,Marketplace
C001715,Karan Chopra,Female,33,Ahmedabad,Ahmedabad,2025-11-18,Home Office,Marketplace
C001716,Rahul Verma,Female,42,Coimbatore,Coimbatore,2024-12-30,Consumer,Referral
C001717,Aarav Das,Female,33,Delhi,Delhi,2025-05-28,Small Business,Paid Search
C001718,Nikhil Das,Female,32,Mumbai,Mumbai,2024-05-12,Home Office,Organic Search
C001719,Vikram Iyer,Female,31,Delhi,Delhi,2023-03-08,Consumer,Paid Search
C001720,Vikram Kumar,Female,57,Bengaluru,Bengaluru,2026-01-31,Corporate,Social Media
C001721,Riya Shah,Male,45,Lucknow,Lucknow,2025-09-30,Consumer,Affiliate
C001722,Diya Iyer,Female,51,Gurugram,Gurugram,2022-04-23,Consumer,Paid Search
C001723,Varun Reddy,Female,51,Chandigarh,Chandigarh,2025-06-23,Consumer,Affiliate
C001724,Arjun Verma,Male,39,Indore,Indore,2024-10-14,Corporate,Social Media
C001725,Sanya Malhotra,Male,18,Surat,Surat,2023-07-27,Home Office,Email
C001726,Varun Reddy,Male,21,Bhubaneswar,Bhubaneswar,2024-07-29,Consumer,Email
C001727,Isha Kapoor,Female,34,Mysuru,Mysuru,2024-06-27,Consumer,Organic Search
C001728,Meera Gupta,Female,26,Visakhapatnam,Visakhapatnam,2022-02-21,Consumer,Referral
C001729,Ananya Das,Female,44,Pune,Pune,2022-04-01,Corporate,Paid Search
C001730,Priya Malhotra,Male,29,Delhi,Delhi,2026-05-05,Home Office,Referral
C001731,Vivaan Rao,Male,75,Patna,Patna,2025-07-09,Consumer,Organic Search
C001732,Nisha Sharma,Female,42,Lucknow,Lucknow,2022-03-25,Consumer,Marketplace
C001733,Varun Malhotra,Male,29,Kolkata,Kolkata,2024-04-24,Consumer,Paid Search
C001734,Arjun Iyer,Female,18,Nagpur,Nagpur,2023-01-13,Consumer,Paid Search
C001735,Kavya Sharma,Female,40,Pune,Pune,2022-10-28,Consumer,Organic Search
C001736,Nikhil Chopra,Male,24,Hyderabad,Hyderabad,2022-10-12,Small Business,Paid Search
C001737,Diya Chopra,Male,26,Pune,Pune,2024-06-27,Consumer,Organic Search
C001738,Sneha Iyer,Female,25,Lucknow,Lucknow,2023-05-15,Consumer,Social Media
C001739,Reyansh Iyer,Female,47,Bengaluru,Bengaluru,2022-08-04,Corporate,Affiliate
C001740,Vivaan Shah,Male,46,Hyderabad,Hyderabad,2023-12-11,Consumer,Paid Search
C001741,Tanya Singh,Female,34,Bhubaneswar,Bhubaneswar,2023-02-22,Home Office,Marketplace
C001742,Neha Patel,Male,43,Guwahati,Guwahati,2025-12-06,Corporate,Organic Search
C001743,Riya Das,Male,29,Noida,Noida,2026-07-21,Consumer,Organic Search
C001744,Priya Singh,Female,28,Gurugram,Gurugram,2023-01-11,Home Office,Referral
C001745,Rahul Nair,Female,33,Hyderabad,Hyderabad,2022-10-18,Corporate,Social Media
C001746,Varun Bose,Male,44,Kochi,Kochi,2024-12-04,Consumer,Organic Search
C001747,Tanya Bose,Female,39,Visakhapatnam,Visakhapatnam,2024-06-05,Consumer,Marketplace
C001748,Aarav Mehta,Female,44,Bhubaneswar,Bhubaneswar,2022-08-17,Consumer,Organic Search
C001749,Sneha Kumar,Female,30,Bhubaneswar,Bhubaneswar,2023-10-16,Consumer,Organic Search
C001750,Aarav Patel,Male,36,Mysuru,Mysuru,2022-10-29,Consumer,Marketplace
C001751,Vikram Patel,Female,32,Surat,Surat,2022-08-29,Corporate,Organic Search
C001752,Manish Das,Female,29,Delhi,Delhi,2025-03-05,Consumer,Paid Search
C001753,Reyansh Mehta,Male,36,Kolkata,Kolkata,2024-11-26,Corporate,Organic Search
C001754,Diya Kapoor,Male,52,Kolkata,Kolkata,2025-07-02,Home Office,Social Media
C001755,Aarav Shah,Female,35,Chandigarh,Chandigarh,2023-02-10,Consumer,Organic Search
C001756,Vivaan Yadav,Male,52,Guwahati,Guwahati,2022-11-14,Consumer,Referral
C001757,Siddharth Mishra,Male,64,Indore,Indore,2025-12-04,Corporate,Paid Search
C001758,Meera Malhotra,Female,24,Chennai,Chennai,2024-06-13,Consumer,Organic Search
C001759,Nisha Reddy,Female,49,Chandigarh,Chandigarh,2023-02-25,Corporate,Paid Search
C001760,Meera Bose,Female,39,Gurugram,Gurugram,2022-08-28,Consumer,Paid Search
C001761,Meera Verma,Female,28,Surat,Surat,2026-07-18,Small Business,Organic Search
C001762,Diya Chopra,Male,28,Kochi,Kochi,2023-12-12,Consumer,Social Media
C001763,Pooja Shah,Male,38,Bhubaneswar,Bhubaneswar,2025-05-26,Consumer,Email
C001764,Vivaan Das,Female,19,Bengaluru,Bengaluru,2023-01-14,Consumer,Email
C001765,Riya Yadav,Male,18,Indore,Indore,2022-06-09,Home Office,Organic Search
C001766,Aditya Iyer,Male,18,Pune,Pune,2026-07-10,Consumer,Organic Search
C001767,Varun Yadav,Female,23,Chandigarh,Chandigarh,2022-09-12,Consumer,Paid Search
C001768,Krishna Reddy,Female,20,Noida,Noida,2025-09-14,Consumer,Organic Search
C001769,Manish Sharma,Male,40,Coimbatore,Coimbatore,2025-03-06,Small Business,Organic Search
C001770,Varun Nair,Female,19,Noida,Noida,2023-05-18,Consumer,Social Media
C001771,Arjun Nair,Male,30,Surat,Surat,2025-09-09,Corporate,Referral
C001772,Rohan Rao,Male,48,Mysuru,Mysuru,2023-04-01,Consumer,Referral
C001773,Nisha Mishra,Male,44,Noida,Noida,2024-09-17,Consumer,Organic Search
C001774,Kabir Das,Female,53,Guwahati,Guwahati,2026-07-19,Home Office,Affiliate
C001775,Reyansh Kumar,Female,26,Patna,Patna,2023-08-01,Consumer,Social Media
C001776,Rohan Reddy,Female,58,Chennai,Chennai,2022-12-14,Consumer,Referral
C001777,Manish Singh,Female,33,Nagpur,Nagpur,2025-03-13,Consumer,Referral
C001778,Aditi Bose,Male,47,Ahmedabad,Ahmedabad,2025-12-10,Consumer,Marketplace
C001779,Krishna Joshi,Female,46,Mumbai,Mumbai,2026-05-31,Consumer,Marketplace
C001780,Diya Mehta,Male,35,Kolkata,Kolkata,2026-01-15,Consumer,Affiliate
C001781,Rohan Chopra,Female,27,Kochi,Kochi,2023-04-28,Consumer,Marketplace
C001782,Meera Yadav,Male,38,Visakhapatnam,Visakhapatnam,2023-12-04,Consumer,Social Media
C001783,Rahul Das,Male,22,Bhubaneswar,Bhubaneswar,2026-03-22,Consumer,Organic Search
C001784,Aditi Chopra,Male,37,Guwahati,Guwahati,2024-03-06,Consumer,Marketplace
C001785,Aditya Singh,Male,37,Guwahati,Guwahati,2023-12-18,Consumer,Organic Search
C001786,Tanya Reddy,Female,39,Coimbatore,Coimbatore,2025-08-13,Consumer,Social Media
C001787,Krishna Joshi,Male,35,Hyderabad,Hyderabad,2022-04-30,Home Office,Marketplace
C001788,Aditya Chopra,Male,41,Noida,Noida,2022-12-28,Consumer,Paid Search
C001789,Sneha Verma,Female,27,Gurugram,Gurugram,2024-07-04,Corporate,Paid Search
C001790,Kabir Iyer,Male,30,Coimbatore,Coimbatore,2022-04-18,Corporate,Marketplace
C001791,Sneha Mehta,Female,54,Kolkata,Kolkata,2023-07-29,Consumer,Social Media
C001792,Arjun Shah,Female,42,Noida,Noida,2022-01-03,Corporate,Social Media
C001793,Isha Yadav,Female,21,Mumbai,Mumbai,2023-01-29,Consumer,Marketplace
C001794,Nisha Verma,Female,21,Hyderabad,Hyderabad,2023-03-30,Consumer,Social Media
C001795,Aditya Singh,Male,28,Pune,Pune,2025-03-03,Small Business,Paid Search
C001796,Isha Chopra,Female,33,Kochi,Kochi,2024-02-20,Corporate,Organic Search
C001797,Tanya Singh,Male,22,Mysuru,Mysuru,2023-09-08,Consumer,Organic Search
C001798,Nikhil Sharma,Female,40,Bhubaneswar,Bhubaneswar,2026-03-24,Corporate,Social Media
C001799,Aditya Joshi,Male,18,Mysuru,Mysuru,2022-07-15,Corporate,Referral
C001800,Aarav Mishra,Female,28,Surat,Surat,2024-01-11,Consumer,Organic Search
C001801,Rahul Verma,Female,28,Bhopal,Bhopal,2023-05-23,Consumer,Email
C001802,Nikhil Sharma,Female,36,Coimbatore,Coimbatore,2025-07-26,Consumer,Social Media
C001803,Manish Shah,Male,36,Hyderabad,Hyderabad,2025-09-01,Home Office,Paid Search
C001804,Vivaan Nair,Female,35,Delhi,Delhi,2024-09-23,Home Office,Paid Search
C001805,Priya Kumar,Female,21,Lucknow,Lucknow,2026-04-11,Consumer,Affiliate
C001806,Ananya Chopra,Male,52,Hyderabad,Hyderabad,2025-09-19,Consumer,Organic Search
C001807,Krishna Shah,Female,27,Bhopal,Bhopal,2023-11-07,Consumer,Referral
C001808,Sneha Gupta,Male,40,Kochi,Kochi,2025-05-02,Consumer,Marketplace
C001809,Rohan Patel,Female,18,Kochi,Kochi,2025-04-13,Consumer,Referral
C001810,Kabir Iyer,Female,35,Nagpur,Nagpur,2022-07-08,Consumer,Paid Search
C001811,Kabir Malhotra,Female,20,Indore,Indore,2023-09-19,Consumer,Organic Search
C001812,Rohan Mishra,Female,31,Noida,Noida,2024-10-20,Consumer,Social Media
C001813,Sanya Chopra,Female,45,Gurugram,Gurugram,2024-08-07,Consumer,Organic Search
C001814,Isha Reddy,Female,33,Noida,Noida,2025-10-23,Corporate,Referral
C001815,Priya Shah,Male,68,Chandigarh,Chandigarh,2024-11-28,Consumer,Organic Search
C001816,Varun Iyer,Female,40,Indore,Indore,2024-07-11,Corporate,Social Media
C001817,Neha Mishra,Male,18,Visakhapatnam,Visakhapatnam,2023-09-28,Consumer,Email
C001818,Nisha Patel,Male,23,Patna,Patna,2026-03-14,Consumer,Social Media
C001819,Priya Gupta,Female,39,Lucknow,Lucknow,2024-03-17,Home Office,Referral
C001820,Manish Kumar,Female,28,Hyderabad,Hyderabad,2023-01-26,Consumer,Marketplace
C001821,Arjun Mehta,Male,40,Coimbatore,Coimbatore,2024-07-23,Consumer,Email
C001822,Aditi Gupta,Male,19,Noida,Noida,2024-03-06,Consumer,Paid Search
C001823,Aarav Reddy,Female,34,Guwahati,Guwahati,2024-02-12,Home Office,Social Media
C001824,Neha Verma,Male,30,Nagpur,Nagpur,2022-12-11,Corporate,Referral
C001825,Krishna Reddy,Female,29,Lucknow,Lucknow,2023-07-22,Consumer,Organic Search
C001826,Nikhil Rao,Female,18,Hyderabad,Hyderabad,2022-01-25,Consumer,Referral
C001827,Pooja Gupta,Female,59,Visakhapatnam,Visakhapatnam,2026-02-21,Consumer,Social Media
C001828,Ananya Mehta,Male,24,Lucknow,Lucknow,2026-03-07,Small Business,Referral
C001829,Nikhil Kumar,Male,27,Gurugram,Gurugram,2025-09-11,Consumer,Social Media
C001830,Nisha Joshi,Female,42,Coimbatore,Coimbatore,2022-09-20,Consumer,Organic Search
C001831,Isha Kumar,Male,20,Chennai,Chennai,2022-12-08,Consumer,Organic Search
C001832,Aditi Iyer,Female,22,Bhopal,Bhopal,2023-12-04,Consumer,Email
C001833,Diya Nair,Female,25,Pune,Pune,2026-06-03,Consumer,Organic Search
C001834,Nisha Patel,Male,32,Chennai,Chennai,2024-11-18,Consumer,Social Media
C001835,Vikram Nair,Male,29,Gurugram,Gurugram,2025-10-10,Home Office,Referral
C001836,Aarav Kapoor,Female,21,Mysuru,Mysuru,2024-02-05,Consumer,Referral
C001837,Krishna Joshi,Male,27,Patna,Patna,2022-08-06,Home Office,Referral
C001838,Arjun Kapoor,Male,21,Kolkata,Kolkata,2025-03-30,Consumer,Paid Search
C001839,Kavya Singh,Female,55,Pune,Pune,2022-05-03,Home Office,Paid Search
C001840,Aditi Shah,Male,40,Indore,Indore,2022-06-29,Consumer,Social Media
C001841,Ishaan Sharma,Female,23,Bengaluru,Bengaluru,2023-02-25,Small Business,Paid Search
C001842,Reyansh Joshi,Female,18,Kochi,Kochi,2024-10-14,Consumer,Paid Search
C001843,kabir rao,Non-Binary,25,Pune,Pune,2025-08-22,Corporate,Social Media
C001844,Siddharth Nair,Male,18,Pune,Pune,2022-07-21,Consumer,Referral
C001845,Nisha Shah,Male,18,Guwahati,Guwahati,2024-12-07,Consumer,Referral
C001846,Priya Sharma,Female,24,Coimbatore,Coimbatore,2023-06-03,Consumer,Paid Search
C001847,Diya Iyer,Female,46,Bhopal,Bhopal,2025-04-05,Consumer,Social Media
C001848,Priya Nair,Female,40,Mumbai,Mumbai,2025-04-13,Consumer,Email
C001849,Rohan Kumar,Male,34,Lucknow,Lucknow,2024-01-16,Corporate,Email
C001850,Vikram Bose,Female,38,Delhi,Delhi,2024-03-05,Consumer,Marketplace
C001851,Nisha Joshi,Male,29,Indore,Indore,2025-08-31,Consumer,Social Media
C001852,Vivaan Patel,Male,26,Hyderabad,Hyderabad,2025-06-04,Home Office,Social Media
C001853,Aarav Malhotra,Male,34,Visakhapatnam,Visakhapatnam,2024-04-29,Home Office,Paid Search
C001854,Rahul Verma,Female,38,Unknown,Unknown,2023-12-24,Consumer,Referral
C001855,Rohan Joshi,Male,38,Guwahati,Guwahati,2023-11-06,Consumer,Paid Search
C001856,Pooja Iyer,Female,19,Coimbatore,Coimbatore,2023-04-28,Consumer,Email
C001857,Nikhil Malhotra,Female,31,Chandigarh,Chandigarh,2025-03-14,Corporate,Social Media
C001858,Ananya Malhotra,Male,49,Guwahati,Guwahati,2022-05-29,Corporate,Organic Search
C001859,Rohan Nair,Male,44,Chennai,Chennai,2025-01-22,Corporate,Affiliate
C001860,Sanya Mishra,Female,19,Mumbai,Mumbai,2024-05-19,Home Office,Organic Search
C001861,Rohan Iyer,Female,18,Noida,Noida,2024-07-15,Consumer,Social Media
C001862,Vikram Bose,Female,30,Bhopal,Bhopal,2024-12-18,Consumer,Paid Search
C001863,Aarav Iyer,Male,33,Jaipur,Jaipur,,Consumer,Organic Search
C001864,Manish Rao,Female,45,Noida,Noida,2024-07-02,Consumer,Paid Search
C001865,Neha Verma,Female,44,Bhopal,Bhopal,2025-06-20,Consumer,Social Media
C001866,Siddharth Shah,Female,53,Ahmedabad,Ahmedabad,2024-06-12,Consumer,Paid Search
C001867,Riya Malhotra,Female,18,Nagpur,Nagpur,2024-12-11,Consumer,Referral
C001868,Vivaan Chopra,Male,45,Delhi,Delhi,2022-02-19,Consumer,Paid Search
C001869,Kavya Iyer,Male,31,Bhopal,Bhopal,2025-11-29,Home Office,Paid Search
C001870,Diya Das,Female,18,Visakhapatnam,Visakhapatnam,2023-04-17,Consumer,Paid Search
C001871,Varun Bose,Female,40,Ahmedabad,Ahmedabad,2023-07-11,Consumer,Paid Search
C001872,Nikhil Malhotra,Female,42,Visakhapatnam,Visakhapatnam,2023-12-31,Consumer,Marketplace
C001873,Riya Patel,Male,29,Unknown,Unknown,2025-07-15,Home Office,Paid Search
C001874,Vivaan Patel,Male,33,Delhi,Delhi,2025-01-30,Consumer,Social Media
C001875,Meera Verma,Male,34,Lucknow,Lucknow,2023-06-10,Home Office,Paid Search
C001876,Siddharth Kumar,Male,19,Pune,Pune,2024-07-08,Corporate,Paid Search
C001877,Nikhil Reddy,Female,34,Patna,Patna,2023-01-07,Consumer,Email
C001878,Sneha Chopra,Male,31,Ahmedabad,Ahmedabad,2025-09-04,Home Office,Paid Search
C001879,Vikram Kapoor,Female,39,Indore,Indore,2024-06-28,Consumer,Marketplace
C001880,Sanya Mishra,Female,32,Gurugram,Gurugram,2023-01-10,Consumer,Email
C001881,Priya Patel,Male,37,Kochi,Kochi,2023-05-10,Small Business,Paid Search
C001882,Aarav Mehta,Female,50,Bhopal,Bhopal,2024-03-19,Home Office,Organic Search
C001883,Karan Singh,Male,50,Coimbatore,Coimbatore,2022-07-02,Corporate,Paid Search
C001884,Manish Mehta,Male,61,Bengaluru,Bengaluru,2025-02-02,Small Business,Marketplace
C001885,Pooja Kapoor,Female,32,Bengaluru,Bengaluru,2023-05-06,Consumer,Paid Search
C001886,Pooja Singh,Female,35,Jaipur,Jaipur,2023-09-09,Consumer,Organic Search
C001887,Meera Nair,Male,34,Mysuru,Mysuru,2024-04-19,Consumer,Paid Search
C001888,Siddharth Chopra,Non-Binary,45,Indore,Indore,2025-07-04,Corporate,Organic Search
C001889,Priya Reddy,Male,28,Bengaluru,Bengaluru,2025-07-09,Consumer,Organic Search
C001890,Rahul Patel,Female,18,Lucknow,Lucknow,2023-09-12,Consumer,Email
C001891,Pooja Sharma,Female,55,Bhubaneswar,Bhubaneswar,2024-03-29,Consumer,Marketplace
C001892,Meera Verma,Female,31,Guwahati,Guwahati,2023-07-13,Consumer,Social Media
C001893,Karan Chopra,Male,19,Visakhapatnam,Visakhapatnam,2022-01-23,Home Office,Paid Search
C001894,Arjun Nair,Male,21,Chandigarh,Chandigarh,2025-03-02,Consumer,Organic Search
C001895,Reyansh Iyer,Female,26,Nagpur,Nagpur,2022-06-29,Home Office,Organic Search
C001896,Pooja Sharma,Male,39,Gurugram,Gurugram,2022-04-03,Corporate,Organic Search
C001897,Vivaan Mishra,Male,34,Kochi,Kochi,2023-10-04,Home Office,Organic Search
C001898,Aditi Gupta,Male,38,Guwahati,Guwahati,2024-02-25,Consumer,Organic Search
C001899,Nikhil Mehta,Female,27,Kochi,Kochi,2025-03-15,Consumer,Affiliate
C001900,Diya Malhotra,Male,37,Chandigarh,Chandigarh,2025-09-06,Consumer,Social Media
C001901,Vivaan Reddy,Female,31,Bhubaneswar,Bhubaneswar,2025-12-21,Home Office,Paid Search
C001902,Isha Verma,Female,18,Kochi,Kochi,2025-02-17,Consumer,Social Media
C001903,Siddharth Chopra,Male,23,Bengaluru,Bengaluru,2025-12-09,Consumer,Paid Search
C001904,Ishaan Nair,Female,18,Chennai,Chennai,2026-01-04,Corporate,Social Media
C001905,Rahul Yadav,Female,49,Surat,Surat,2022-06-26,Consumer,Social Media
C001906,Neha Gupta,Male,25,Pune,Pune,2025-09-20,Home Office,Marketplace
C001907,Riya Shah,Male,48,Unknown,Unknown,2026-05-03,Consumer,Paid Search
C001908,Arjun Gupta,Male,31,Bhubaneswar,Bhubaneswar,2025-05-09,Small Business,Social Media
C001909,Tanya Shah,Female,33,Surat,Surat,2026-02-10,Home Office,Social Media
C001910,Rahul Gupta,Male,36,Indore,Indore,2026-06-03,Consumer,Referral
C001911,Varun Kumar,Male,18,Chandigarh,Chandigarh,2022-11-28,Consumer,Organic Search
C001912,Ishaan Bose,Female,40,Bengaluru,Bengaluru,2024-06-21,Consumer,Organic Search
C001913,Rohan Sharma,Female,18,Lucknow,Lucknow,2024-12-11,Consumer,Email
C001914,Diya Chopra,Male,31,Surat,Surat,2022-08-07,Consumer,Social Media
C001915,Nisha Kumar,Male,34,Bengaluru,Bengaluru,2024-01-24,Corporate,Organic Search
C001916,Siddharth Malhotra,Male,27,Bhopal,Bhopal,2022-05-07,Consumer,Social Media
C001917,Vikram Iyer,Female,43,Gurugram,Gurugram,2025-11-17,Corporate,Organic Search
C001918,Nisha Verma,Male,23,Gurugram,Gurugram,2025-10-06,Consumer,Referral
C001919,Nisha Malhotra,Male,41,Indore,Indore,2024-03-30,Small Business,Social Media
C001920,Priya Verma,Female,36,Bhubaneswar,Bhubaneswar,2022-10-11,Small Business,Marketplace
C001921,Aditya Yadav,Male,29,Delhi,Delhi,2022-01-28,Consumer,Referral
C001922,Rohan Shah,Male,32,Chandigarh,Chandigarh,2022-04-29,Home Office,Paid Search
C001923,Arjun Bose,Male,57,Visakhapatnam,Visakhapatnam,2025-01-04,Consumer,Email
C001924,Isha Malhotra,Male,36,Ahmedabad,Ahmedabad,2022-08-29,Consumer,Marketplace
C001925,Riya Das,Female,18,Mysuru,Mysuru,2023-03-25,Consumer,Marketplace
C001926,Rahul Yadav,Male,39,Noida,Noida,2023-03-23,Consumer,Social Media
C001927,Arjun Nair,Male,21,Pune,Pune,2024-12-22,Corporate,Marketplace
C001928,Sanya Singh,Male,21,Delhi,Delhi,2026-06-16,Consumer,Organic Search
C001929,Nisha Rao,Female,33,Kochi,Kochi,2023-01-03,Consumer,Marketplace
C001930,Vivaan Malhotra,Male,33,Bengaluru,Bengaluru,2024-07-11,Consumer,Social Media
C001931,Arjun Nair,Female,50,Nagpur,Nagpur,2025-09-26,Home Office,Social Media
C001932,Manish Nair,Female,25,Bhopal,Bhopal,2022-05-29,Consumer,Social Media
C001933,Nikhil Mehta,Male,29,Gurugram,Gurugram,2026-07-22,Corporate,Social Media
C001934,Rohan Mishra,Male,41,Chandigarh,Chandigarh,2022-01-30,Small Business,Social Media
C001935,Arjun Yadav,Male,23,Bengaluru,Bengaluru,2026-02-25,Consumer,Social Media
C001936,Karan Yadav,Male,28,Bhubaneswar,Bhubaneswar,2022-04-03,Small Business,Paid Search
C001937,Isha Shah,Male,29,Mysuru,Mysuru,2022-03-16,Home Office,Paid Search
C001938,Pooja Reddy,Female,37,Guwahati,Guwahati,2022-04-02,Consumer,Marketplace
C001939,Meera Patel,Male,35,Chennai,Chennai,2026-03-17,Consumer,Paid Search
C001940,Rohan Shah,Female,34,Indore,Indore,2023-01-09,Consumer,Referral
C001941,Tanya Sharma,Male,23,Kochi,Kochi,2024-06-07,Small Business,Paid Search
C001942,Isha Kumar,Male,18,Guwahati,Guwahati,2025-10-17,Consumer,Social Media
C001943,Tanya Gupta,Male,44,Noida,Noida,2022-07-18,Consumer,Email
C001944,Arjun Patel,Male,31,Surat,Surat,2023-11-11,Consumer,Organic Search
C001945,Varun Mishra,Male,53,Kochi,Kochi,2024-02-11,Home Office,Referral
C001946,Priya Yadav,Male,50,Delhi,Delhi,2025-07-09,Consumer,Paid Search
C001947,Riya Mishra,Female,32,Bhubaneswar,Bhubaneswar,2026-05-23,Consumer,Paid Search
C001948,Aarav Reddy,Male,25,Mumbai,Mumbai,2026-07-19,Consumer,Marketplace
C001949,Kabir Das,Male,40,Bengaluru,Bengaluru,2023-09-16,Corporate,Marketplace
C001950,Rahul Rao,Female,18,Bhubaneswar,Bhubaneswar,2023-05-14,Consumer,Social Media
C001951,Sanya Patel,Male,30,Patna,Patna,2023-11-18,Corporate,Marketplace
C001952,Neha Patel,Female,18,Kolkata,Kolkata,2025-09-09,Consumer,Referral
C001953,Ishaan Chopra,Male,49,Visakhapatnam,Visakhapatnam,2022-05-23,Consumer,Social Media
C001954,Pooja Kapoor,Male,20,Bhopal,Bhopal,2022-10-20,Consumer,Social Media
C001955,Aditya Sharma,Male,26,Nagpur,Nagpur,2026-01-07,Consumer,Social Media
C001956,Aditi Sharma,Female,35,Gurugram,Gurugram,2022-02-19,Consumer,Social Media
C001957,Sneha Patel,Male,40,Nagpur,Nagpur,2025-11-21,Consumer,Referral
C001958,Siddharth Nair,Female,23,Gurugram,Gurugram,2023-06-30,Consumer,Organic Search
C001959,Nisha Kumar,Female,26,Coimbatore,Coimbatore,2025-06-08,Consumer,Social Media
C001960,Manish Reddy,Male,28,Coimbatore,Coimbatore,2024-07-09,Consumer,Paid Search
C001961,Sneha Bose,Male,25,Bhubaneswar,Bhubaneswar,2023-01-29,Consumer,Email
C001962,Aarav Shah,Male,45,Nagpur,Nagpur,2026-05-20,Consumer,Email
C001963,Pooja Bose,Female,38,Bengaluru,Bengaluru,2023-03-05,Small Business,Paid Search
C001964,Pooja Yadav,Female,44,Bhubaneswar,Bhubaneswar,2022-01-01,Consumer,Social Media
C001965,kavya malhotra,Female,33,Jaipur,Jaipur,2023-02-21,Home Office,Marketplace
C001966,Ananya Rao,Male,33,Delhi,Delhi,2023-07-27,Consumer,Organic Search
C001967,Vikram Mishra,Female,55,Mysuru,Mysuru,2025-04-10,Home Office,Email
C001968,Varun Joshi,Male,28,Kochi,Kochi,2025-12-15,Consumer,Referral
C001969,Meera Malhotra,Female,18,Delhi,Delhi,2024-08-10,Corporate,Paid Search
C001970,Sanya Rao,Male,35,Lucknow,Lucknow,2023-01-21,Consumer,Paid Search
C001971,Vikram Verma,Male,37,Ahmedabad,Ahmedabad,2025-06-29,Small Business,Organic Search
C001972,Sneha Kapoor,Male,41,Pune,Pune,2025-05-27,Consumer,Organic Search
C001973,Siddharth Chopra,Male,25,Mysuru,Mysuru,2026-03-18,Consumer,Social Media
C001974,Sanya Nair,Male,20,Guwahati,Guwahati,2023-06-09,Corporate,Organic Search
C001975,Rahul Patel,Male,35,Pune,Pune,,Home Office,Social Media
C001976,Sneha Sharma,Male,34,Delhi,Delhi,2025-06-01,Consumer,Affiliate
C001977,Isha Rao,Male,46,Kolkata,Kolkata,2026-04-29,Consumer,Social Media
C001978,Vivaan Yadav,Female,18,Nagpur,Nagpur,2022-01-26,Consumer,Organic Search
C001979,Rahul Malhotra,Female,37,Delhi,Delhi,2022-08-31,Home Office,Organic Search
C001980,Reyansh Patel,Male,30,Gurugram,Gurugram,2022-08-19,Consumer,Organic Search
C001981,Tanya Nair,Female,41,Surat,Surat,2024-04-25,Corporate,Email
C001982,Nisha Mehta,Male,36,Kolkata,Kolkata,2022-03-18,Consumer,Organic Search
C001983,Ananya Mehta,Male,44,Gurugram,Gurugram,2026-02-06,Corporate,Social Media
C001984,Kabir Rao,Male,19,Indore,Indore,2023-05-02,Small Business,Social Media
C001985,Ishaan Mehta,Female,22,Chennai,Chennai,2022-06-29,Consumer,Social Media
C001986,Nikhil Sharma,Female,27,Indore,Indore,2022-04-07,Corporate,Marketplace
C001987,Rohan Verma,Male,38,Jaipur,Jaipur,2026-04-19,Consumer,Social Media
C001988,Priya Iyer,Male,18,Gurugram,Gurugram,2023-04-14,Consumer,Marketplace
C001989,Nisha Singh,Male,24,Kolkata,Kolkata,2025-07-16,Corporate,Organic Search
C001990,Rohan Chopra,Female,33,Bhubaneswar,Bhubaneswar,2025-09-10,Home Office,Email
C001991,Meera Singh,Female,34,Surat,Surat,2025-10-17,Consumer,Email
C001992,Rohan Singh,Female,25,Kochi,Kochi,2023-10-14,Consumer,Referral
C001993,Reyansh Mishra,Male,41,Bhubaneswar,Bhubaneswar,2024-10-06,Consumer,Organic Search
C001994,Ananya Kumar,Female,38,Bengaluru,Bengaluru,2025-03-14,Consumer,Referral
C001995,Tanya Malhotra,Female,31,Chennai,Chennai,2024-09-17,Consumer,Organic Search
C001996,Nikhil Das,Male,35,Coimbatore,Coimbatore,2025-07-18,Home Office,Paid Search
C001997,Rohan Yadav,Male,34,Surat,Surat,2025-03-31,Home Office,Organic Search
C001998,Kavya Rao,Male,31,Bengaluru,Bengaluru,2025-08-26,Consumer,Referral
C001999,Kabir Patel,Female,18,Mumbai,Mumbai,2025-05-08,Home Office,Paid Search
C002000,Karan Sharma,Male,25,Bhubaneswar,Bhubaneswar,2023-10-11,Small Business,Organic Search
C002001,Meera Singh,Female,27,Bhopal,Bhopal,2023-03-03,Consumer,Organic Search
C002002,Meera Joshi,Male,26,Lucknow,Lucknow,2026-05-13,Corporate,Paid Search
C002003,Diya Das,Male,38,Mysuru,Mysuru,2025-01-08,Small Business,Referral
C002004,Manish Singh,Female,34,Mumbai,Mumbai,2024-06-03,Consumer,Paid Search
C002005,Diya Reddy,Female,37,Mysuru,Mysuru,2025-03-23,Consumer,Paid Search
C002006,Diya Verma,Female,56,Hyderabad,Hyderabad,2022-09-10,Consumer,Paid Search
C002007,ANANYA PATEL,Female,33,Bhubaneswar,Bhubaneswar,2023-10-04,Corporate,Paid Search
C002008,Rahul Das,Female,25,Bhubaneswar,Bhubaneswar,2022-04-04,Consumer,Email
C002009,Isha Patel,Female,22,Visakhapatnam,Visakhapatnam,2025-12-01,Consumer,Paid Search
C002010,Manish Iyer,Male,31,Bhubaneswar,Bhubaneswar,2024-10-09,Corporate,Organic Search
C002011,Diya Gupta,Female,40,Ahmedabad,Ahmedabad,2022-06-05,Small Business,Paid Search
C002012,Priya Bose,Male,36,Coimbatore,Coimbatore,2022-07-22,Consumer,Email
C002013,Isha Verma,Female,44,Noida,Noida,2022-01-10,Corporate,Paid Search
C002014,Nikhil Malhotra,Male,39,Chennai,Chennai,2024-01-05,Corporate,Social Media
C002015,Ananya Nair,Female,36,Ahmedabad,Ahmedabad,2025-05-08,Consumer,Paid Search
C002016,Isha Kapoor,Female,22,Kolkata,Kolkata,2023-05-15,Consumer,Affiliate
C002017,Vikram Reddy,Male,35,Nagpur,Nagpur,2025-11-15,Consumer,Organic Search
C002018,Isha Mishra,Female,34,Chandigarh,Chandigarh,2022-12-06,Consumer,Organic Search
C002019,Aditya Yadav,Female,34,Patna,Patna,2026-07-24,Consumer,Marketplace
C002020,Ishaan Reddy,Female,18,Lucknow,Lucknow,2025-09-30,Small Business,Paid Search
C002021,Neha Rao,Male,49,Bhopal,Bhopal,2022-01-06,Corporate,Social Media
C002022,Aditya Nair,Male,21,Chennai,Chennai,2025-10-03,Consumer,Social Media
C002023,Rahul Sharma,Female,52,Guwahati,Guwahati,2023-05-19,Consumer,Organic Search
C002024,Rahul Kumar,Male,27,Delhi,Delhi,2024-08-29,Consumer,Social Media
C002025,Nikhil Malhotra,Male,45,Ahmedabad,Ahmedabad,2022-07-08,Consumer,Referral
C002026,Rahul Nair,Male,29,Pune,Pune,2025-06-05,Consumer,Social Media
C002027,Sanya Kapoor,Male,19,Chandigarh,Chandigarh,2022-03-04,Consumer,Affiliate
C002028,Meera Bose,Female,21,Kochi,Kochi,2026-07-23,Corporate,Marketplace
C002029,Priya Mishra,Female,31,Kolkata,Kolkata,2024-11-10,Consumer,Social Media
C002030,Ananya Mehta,Male,36,Chandigarh,Chandigarh,2023-12-02,Consumer,Affiliate
C002031,Vikram Verma,Male,48,Guwahati,Guwahati,2023-07-03,Small Business,Organic Search
C002032,Nisha Das,Female,44,Pune,Pune,2023-10-06,Consumer,Referral
C002033,Vikram Chopra,Female,48,Bhopal,Bhopal,2025-04-14,Corporate,Organic Search
C002034,Krishna Sharma,Male,18,Indore,Indore,2024-06-26,Consumer,Social Media
C002035,Reyansh Kapoor,Male,18,Coimbatore,Coimbatore,2022-06-06,Consumer,Social Media
C002036,Sneha Nair,Male,18,Ahmedabad,Ahmedabad,2023-11-17,Consumer,Paid Search
C002037,Diya Malhotra,Male,40,Ahmedabad,Ahmedabad,2024-02-18,Home Office,Referral
C002038,Vikram Chopra,Male,34,Ahmedabad,Ahmedabad,2023-06-15,Corporate,Social Media
C002039,Nisha Singh,Male,28,Guwahati,Guwahati,2024-08-11,Consumer,Paid Search
C002040,Vikram Das,Female,19,Bhopal,Bhopal,2023-08-22,Consumer,Social Media
C002041,Priya Das,Female,18,Ahmedabad,Ahmedabad,2022-07-19,Small Business,Social Media
C002042,Manish Das,Female,39,Kolkata,Kolkata,2024-07-04,Consumer,Paid Search
C002043,Siddharth Bose,Male,18,Indore,Indore,2025-02-22,Consumer,Marketplace
C002044,Pooja Kapoor,Female,27,Visakhapatnam,Visakhapatnam,2023-10-27,Consumer,Marketplace
C002045,Ishaan Iyer,Female,46,Chennai,Chennai,2026-03-06,Corporate,Email
C002046,Vivaan Malhotra,Female,18,Gurugram,Gurugram,2025-05-21,Corporate,Email
C002047,Meera Gupta,Female,25,Patna,Patna,2022-09-19,Home Office,Paid Search
C002048,Neha Nair,Male,46,Gurugram,Gurugram,2023-06-13,Consumer,Organic Search
C002049,Isha Nair,Male,28,Gurugram,Gurugram,2026-01-27,Corporate,Social Media
C002050,Vivaan Bose,Male,23,Visakhapatnam,Visakhapatnam,2024-12-21,Corporate,Organic Search
C002051,Riya Shah,Female,20,Jaipur,Jaipur,2024-03-25,Consumer,Social Media
C002052,Krishna Reddy,Male,25,Guwahati,Guwahati,2026-06-02,Consumer,Social Media
C002053,Manish Gupta,Male,18,Bhopal,Bhopal,2024-08-02,Consumer,Social Media
C002054,Varun Iyer,Male,29,Bhopal,Bhopal,2024-01-17,Corporate,Organic Search
C002055,VIVAAN KUMAR,Male,34,Nagpur,Nagpur,2024-10-18,Consumer,Organic Search
C002056,Karan Singh,Male,33,Hyderabad,Hyderabad,2025-09-17,Consumer,Social Media
C002057,Tanya Reddy,Female,27,Visakhapatnam,Visakhapatnam,2023-05-20,Small Business,Affiliate
C002058,Rahul Verma,Female,26,Ahmedabad,Ahmedabad,2024-06-27,Consumer,Email
C002059,Priya Kumar,Female,31,Bhopal,Bhopal,2026-01-04,Corporate,Social Media
C002060,Aarav Malhotra,Male,40,Chennai,Chennai,2024-12-27,Consumer,Organic Search
C002061,Aditya Patel,Male,30,Surat,Surat,2023-05-03,Consumer,Referral
C002062,Rohan Malhotra,Male,41,Chandigarh,Chandigarh,2023-06-07,Consumer,Email
C002063,Nisha Bose,Male,23,Bengaluru,Bengaluru,2023-04-27,Home Office,Social Media
C002064,Rahul Chopra,Female,35,Chandigarh,Chandigarh,2026-03-16,Corporate,Organic Search
C002065,Vivaan Verma,Female,31,Chandigarh,Chandigarh,2026-03-04,Consumer,Paid Search
C002066,Priya Singh,Male,60,Mumbai,Mumbai,2025-12-31,Corporate,Organic Search
C002067,Ishaan Malhotra,Female,41,Lucknow,Lucknow,2024-06-05,Consumer,Email
C002068,Neha Das,Male,37,Chennai,Chennai,2025-02-27,Consumer,Organic Search
C002069,Nikhil Singh,Male,30,Jaipur,Jaipur,2024-12-06,Small Business,Marketplace
C002070,Meera Das,Male,32,Nagpur,Nagpur,2025-07-09,Consumer,Referral
C002071,Aditi Joshi,Male,34,Bhopal,Bhopal,2024-07-17,Consumer,Marketplace
C002072,Vikram Patel,Male,39,Bhubaneswar,Bhubaneswar,2023-04-02,Corporate,Marketplace
C002073,Tanya Sharma,Female,29,Gurugram,Gurugram,2026-03-17,Consumer,Email
C002074,Riya Shah,Male,34,Guwahati,Guwahati,2023-01-01,Corporate,Paid Search
C002075,Kavya Chopra,Non-Binary,37,Kolkata,Kolkata,2025-01-05,Consumer,Email
C002076,Karan Mishra,Female,22,Mumbai,Mumbai,2026-07-11,Consumer,Paid Search
C002077,Tanya Yadav,Female,34,Noida,Noida,2024-04-27,Small Business,Referral
C002078,Ishaan Bose,Female,25,Bhopal,Bhopal,2024-05-28,Consumer,Paid Search
C002079,Unknown,Male,39,Nagpur,Nagpur,2024-07-12,Corporate,Affiliate
C002080,Nikhil Reddy,Male,46,Patna,Patna,2026-06-15,Small Business,Referral
C002081,Kavya Bose,Female,33,Patna,Patna,2024-08-23,Consumer,Social Media
C002082,Kabir Malhotra,Male,44,Visakhapatnam,Visakhapatnam,2023-05-19,Consumer,Paid Search
C002083,Riya Patel,Male,26,Hyderabad,Hyderabad,2022-12-18,Consumer,Organic Search
C002084,Vikram Mishra,Female,46,Guwahati,Guwahati,2022-12-30,Corporate,Organic Search
C002085,Nikhil Malhotra,Male,34,Chennai,Chennai,2025-08-20,Small Business,Organic Search
C002086,Sanya Verma,Female,50,Chandigarh,Chandigarh,2024-08-24,Consumer,Marketplace
C002087,Aditi Joshi,Male,21,Bhopal,Bhopal,2026-02-06,Consumer,Marketplace
C002088,Varun Rao,Female,30,Guwahati,Guwahati,2024-06-26,Home Office,Referral
C002089,Aditi Malhotra,Female,43,Bhubaneswar,Bhubaneswar,2026-06-04,Consumer,Email
C002090,Tanya Sharma,Female,31,Delhi,Delhi,2024-05-23,Consumer,Organic Search
C002091,Rahul Singh,Female,34,Chennai,Chennai,2026-05-11,Small Business,Referral
C002092,Varun Singh,Female,20,Kolkata,Kolkata,2025-06-23,Consumer,Referral
C002093,Aarav Iyer,Female,32,Kolkata,Kolkata,2024-11-18,Consumer,Social Media
C002094,Reyansh Chopra,Male,39,Guwahati,Guwahati,,Consumer,Paid Search
C002095,Ishaan Mehta,Male,32,Nagpur,Nagpur,2022-06-20,Corporate,Paid Search
C002096,Sneha Bose,Female,18,Surat,Surat,2025-09-18,Corporate,Paid Search
C002097,Varun Joshi,Male,22,Kochi,Kochi,2023-07-23,Small Business,Organic Search
C002098,Vikram Malhotra,Female,33,Ahmedabad,Ahmedabad,2023-11-11,Consumer,Organic Search
C002099,Riya Yadav,Male,34,Noida,Noida,2023-05-16,Consumer,Social Media
C002100,Varun Singh,Male,60,Hyderabad,Hyderabad,2026-05-15,Consumer,Paid Search
C002101,Reyansh Joshi,Male,48,Coimbatore,Coimbatore,2023-11-03,Consumer,Marketplace
C002102,Ananya Joshi,Male,37,Pune,Pune,2024-09-16,Consumer,Social Media
C002103,Isha Bose,Male,18,Bhubaneswar,Bhubaneswar,2026-06-23,Consumer,Affiliate
C002104,Rahul Shah,Male,30,Lucknow,Lucknow,2026-07-28,Home Office,Paid Search
C002105,Reyansh Verma,Female,26,Gurugram,Gurugram,2023-09-04,Consumer,Social Media
C002106,Sneha Kapoor,Male,34,Kolkata,Kolkata,2025-05-18,Consumer,Affiliate
C002107,Sneha Chopra,Male,43,Patna,Patna,2024-02-21,Consumer,Social Media
C002108,Rohan Joshi,Male,53,Surat,Surat,2023-06-01,Consumer,Marketplace
C002109,Pooja Mishra,Female,48,Bengaluru,Bengaluru,2024-12-16,Consumer,Organic Search
C002110,Isha Patel,Male,38,Mumbai,Mumbai,2022-11-25,Consumer,Referral
C002111,Neha Bose,Male,48,Patna,Patna,2023-04-22,Consumer,Social Media
C002112,Rahul Yadav,Male,26,Lucknow,Lucknow,2025-05-18,Home Office,Organic Search
C002113,Nikhil Kumar,Female,52,Patna,Patna,2022-03-22,Consumer,Paid Search
C002114,Priya Singh,Male,41,Coimbatore,Coimbatore,2024-03-01,Consumer,Paid Search
C002115,Kavya Nair,Male,38,Guwahati,Guwahati,2026-03-30,Consumer,Social Media
C002116,Vikram Kumar,Female,55,Lucknow,Lucknow,2022-01-28,Home Office,Organic Search
C002117,Rahul Sharma,Male,37,Kolkata,Kolkata,2022-01-05,Consumer,Affiliate
C002118,Rohan Mehta,Female,45,Kolkata,Kolkata,2022-05-11,Small Business,Paid Search
C002119,Sneha Chopra,Female,45,Noida,Noida,2025-02-27,Unknown,Social Media
C002120,Varun Kumar,Female,52,Ahmedabad,Ahmedabad,2025-12-08,Consumer,Social Media
C002121,Kabir Reddy,Female,32,Guwahati,Guwahati,2022-12-10,Consumer,Paid Search
C002122,Neha Malhotra,Male,27,Jaipur,Jaipur,2026-07-06,Consumer,Referral
C002123,Vikram Rao,Female,35,Patna,Patna,2022-11-24,Consumer,Organic Search
C002124,Unknown,Male,53,Lucknow,Lucknow,2023-12-03,Corporate,Referral
C002125,Kavya Bose,Male,18,Gurugram,Gurugram,2022-09-02,Corporate,Marketplace
C002126,Neha Sharma,Male,57,Mumbai,Mumbai,2024-03-20,Home Office,Affiliate
C002127,Nikhil Kumar,Female,50,Visakhapatnam,Visakhapatnam,2023-02-06,Consumer,Organic Search
C002128,Sneha Patel,Male,19,Kolkata,Kolkata,2022-12-18,Small Business,Paid Search
C002129,Meera Mehta,Male,47,Nagpur,Nagpur,2024-06-18,Consumer,Referral
C002130,Ananya Yadav,Female,48,Gurugram,Gurugram,2026-06-03,Corporate,Organic Search
C002131,Arjun Mishra,Female,30,Guwahati,Guwahati,2024-11-24,Small Business,Organic Search
C002132,Nisha Iyer,Male,18,Guwahati,Guwahati,2022-03-07,Corporate,Organic Search
C002133,Aarav Patel,Male,26,Kolkata,Kolkata,2023-06-02,Consumer,Organic Search
C002134,Varun Malhotra,Female,18,Ahmedabad,Ahmedabad,2025-10-02,Consumer,Organic Search
C002135,Isha Mishra,Male,32,Visakhapatnam,Visakhapatnam,2025-07-19,Small Business,Paid Search
C002136,Riya Singh,Male,30,Delhi,Delhi,2024-12-07,Home Office,Social Media
C002137,Nisha Patel,Female,33,Delhi,Delhi,2024-02-14,Corporate,Email
C002138,Pooja Reddy,Female,47,Guwahati,Guwahati,2024-12-16,Home Office,Email
C002139,Ishaan Gupta,Female,40,Ahmedabad,Ahmedabad,2026-03-25,Corporate,Paid Search
C002140,Kavya Mishra,Male,18,Bhopal,Bhopal,2024-03-26,Consumer,Email
C002141,Nisha Patel,Female,39,Visakhapatnam,Visakhapatnam,2025-04-22,Consumer,Social Media
C002142,Siddharth Patel,Female,29,Lucknow,Lucknow,2022-07-03,Corporate,Referral
C002143,Meera Gupta,Male,40,Hyderabad,Hyderabad,2026-04-04,Consumer,Social Media
C002144,Siddharth Mehta,Female,55,Patna,Patna,2024-08-25,Home Office,Paid Search
C002145,Ananya Bose,Male,50,Ahmedabad,Ahmedabad,2022-11-15,Consumer,Organic Search
C002146,Diya Bose,Male,30,Gurugram,Gurugram,2024-12-02,Consumer,Marketplace
C002147,Sneha Reddy,Male,44,Hyderabad,Hyderabad,2023-05-23,Consumer,Organic Search
C002148,Siddharth Malhotra,Female,39,Ahmedabad,Ahmedabad,2025-04-23,Consumer,Paid Search
C002149,Karan Kapoor,Male,43,Kolkata,Kolkata,2023-09-02,Consumer,Organic Search
C002150,Aarav Singh,Female,48,Indore,Indore,2025-08-08,Consumer,Organic Search
C002151,Nikhil Malhotra,Female,36,Lucknow,Lucknow,2024-11-16,Consumer,Social Media
C002152,Kavya Iyer,Male,31,Jaipur,Jaipur,2024-03-20,Consumer,Organic Search
C002153,Varun Das,Female,35,Surat,Surat,2024-07-04,Home Office,Paid Search
C002154,Rohan Das,Female,25,Gurugram,Gurugram,2023-02-20,Corporate,Organic Search
C002155,Riya Chopra,Male,41,Ahmedabad,Ahmedabad,2022-01-24,Small Business,Referral
C002156,Varun Iyer,Female,35,Coimbatore,Coimbatore,2023-10-09,Consumer,Social Media
C002157,Aditi Malhotra,Female,28,Chandigarh,Chandigarh,2023-07-27,Consumer,Social Media
C002158,Aditya Gupta,Female,29,Kolkata,Kolkata,2022-07-26,Consumer,Affiliate
C002159,Krishna Gupta,Female,36,Kochi,Kochi,2023-03-14,Consumer,Paid Search
C002160,Pooja Iyer,Male,31,Jaipur,Jaipur,2025-01-13,Small Business,Marketplace
C002161,Rohan Gupta,Male,37,Pune,Pune,2022-07-22,Home Office,Marketplace
C002162,Aarav Nair,Female,24,Bhopal,Bhopal,2026-06-15,Consumer,Paid Search
C002163,Priya Das,Unknown,30,Bhubaneswar,Bhubaneswar,2023-04-02,Home Office,Marketplace
C002164,Sneha Rao,Female,64,Nagpur,Nagpur,2023-11-22,Consumer,Paid Search
C002165,Sneha Rao,Female,34,Visakhapatnam,Visakhapatnam,2022-05-16,Consumer,Paid Search
C002166,Aditya Kapoor,Female,27,Ahmedabad,Ahmedabad,2025-01-09,Consumer,Social Media
C002167,Varun Das,Female,34,Chennai,Chennai,2022-03-31,Consumer,Paid Search
C002168,Krishna Singh,Non-Binary,29,Surat,Surat,2023-03-28,Consumer,Email
C002169,Aarav Nair,Female,34,Hyderabad,Hyderabad,2025-12-22,Consumer,Social Media
C002170,Varun Mehta,Male,32,Kolkata,Kolkata,2023-11-22,Home Office,Social Media
C002171,Nikhil Shah,Male,37,Bhubaneswar,Bhubaneswar,2023-05-24,Consumer,Email
C002172,Neha Bose,Female,37,Kolkata,Kolkata,2024-01-22,Corporate,Social Media
C002173,Meera Patel,Female,30,Coimbatore,Coimbatore,2026-01-16,Consumer,Paid Search
C002174,Riya Kumar,Male,49,Bengaluru,Bengaluru,2025-01-12,Consumer,Organic Search
C002175,Ananya Kapoor,Female,38,Ahmedabad,Ahmedabad,2022-04-15,Consumer,Organic Search
C002176,Isha Patel,Male,37,Chennai,Chennai,2022-03-22,Home Office,Marketplace
C002177,Sanya Mehta,Female,18,Noida,Noida,2022-06-10,Small Business,Organic Search
C002178,Diya Kapoor,Female,52,Delhi,Delhi,2022-12-20,Corporate,Email
C002179,Neha Patel,Female,59,Visakhapatnam,Visakhapatnam,2026-05-16,Consumer,Social Media
C002180,Reyansh Chopra,Male,39,Delhi,Delhi,2022-05-17,Consumer,Organic Search
C002181,Aarav Bose,Female,32,Noida,Noida,2025-08-25,Consumer,Referral
C002182,Rahul Nair,Male,33,Surat,Surat,2025-05-26,Consumer,Referral
C002183,Siddharth Patel,Male,25,Coimbatore,Coimbatore,2025-06-13,Consumer,Organic Search
C002184,Pooja Verma,Male,38,Surat,Surat,2023-08-13,Consumer,Email
C002185,Ananya Sharma,Female,29,Mumbai,Mumbai,2023-09-12,Small Business,Marketplace
C002186,Rahul Malhotra,Female,48,Lucknow,Lucknow,2023-08-30,Consumer,Social Media
C002187,Aditi Nair,Female,47,Patna,Patna,2024-05-23,Consumer,Affiliate
C002188,Nikhil Joshi,Male,24,Hyderabad,Hyderabad,2025-09-26,Consumer,Social Media
C002189,Vivaan Kapoor,Male,48,Visakhapatnam,Visakhapatnam,2022-03-29,Consumer,Organic Search
C002190,Nisha Rao,Female,18,Bhopal,Bhopal,2022-07-07,Consumer,Organic Search
C002191,Nisha Chopra,Male,41,Kochi,Kochi,2025-06-20,Home Office,Paid Search
C002192,Aditi Kumar,Female,53,Ahmedabad,Ahmedabad,2022-04-15,Corporate,Marketplace
C002193,Ananya Das,Male,24,Coimbatore,Coimbatore,2025-12-15,Consumer,Social Media
C002194,Sneha Sharma,Male,41,Hyderabad,Hyderabad,2023-11-29,Home Office,Referral
C002195,Pooja Iyer,Male,40,Ahmedabad,Ahmedabad,2023-01-07,Small Business,Paid Search
C002196,Ishaan Bose,Male,29,Lucknow,Lucknow,2025-06-06,Consumer,Social Media
C002197,Varun Mehta,Male,34,Bhopal,Bhopal,2023-11-16,Corporate,Social Media
C002198,Pooja Nair,Male,31,Ahmedabad,Ahmedabad,2023-09-12,Consumer,Affiliate
C002199,Aditya Singh,Female,45,Lucknow,Lucknow,2023-09-15,Consumer,Marketplace
C002200,Priya Reddy,Female,18,Chandigarh,Chandigarh,2024-07-10,Consumer,Social Media
C002201,Kavya Sharma,Female,37,Pune,Pune,2024-01-27,Consumer,Social Media
C002202,Ishaan Rao,Male,18,Patna,Patna,2025-04-15,Consumer,Social Media
C002203,Vikram Patel,Male,27,Bhubaneswar,Bhubaneswar,2023-07-06,Small Business,Email
C002204,Karan Mishra,Female,26,Delhi,Delhi,2022-01-19,Home Office,Marketplace
C002205,Diya Kumar,Female,31,Indore,Indore,2022-04-17,Consumer,Referral
C002206,Riya Reddy,Female,42,Hyderabad,Hyderabad,2024-12-03,Consumer,Marketplace
C002207,Isha Gupta,Female,35,Mysuru,Mysuru,2024-06-22,Consumer,Referral
C002208,Priya Mishra,Female,22,Chennai,Chennai,2023-09-23,Consumer,Paid Search
C002209,Pooja Shah,Female,38,Guwahati,Guwahati,2024-09-29,Consumer,Email
C002210,Nikhil Iyer,Female,43,Delhi,Delhi,2022-04-02,Consumer,Social Media
C002211,Siddharth Verma,Female,25,Visakhapatnam,Visakhapatnam,2024-03-04,Consumer,Social Media
C002212,Karan Yadav,Female,51,Bengaluru,Bengaluru,2022-06-21,Home Office,Paid Search
C002213,Priya Iyer,Unknown,28,Coimbatore,Coimbatore,2022-05-18,Home Office,Social Media
C002214,Priya Reddy,Non-Binary,47,Bhopal,Bhopal,2024-01-09,Consumer,Paid Search
C002215,Aditi Shah,Male,27,Kochi,Kochi,2026-01-15,Corporate,Social Media
C002216,Aditi Patel,Female,49,Kolkata,Kolkata,2024-03-23,Corporate,Marketplace
C002217,Ishaan Nair,Female,40,Kolkata,Kolkata,2022-03-27,Consumer,Referral
C002218,Karan Bose,Female,34,Lucknow,Lucknow,2026-07-10,Consumer,Paid Search
C002219,Sneha Malhotra,Male,28,Patna,Patna,2024-10-03,Consumer,Organic Search
C002220,Sanya Chopra,Female,18,Kolkata,Kolkata,2026-03-26,Consumer,Referral
C002221,Varun Joshi,Female,37,Ahmedabad,Ahmedabad,2024-08-26,Home Office,Organic Search
C002222,Aarav Shah,Female,25,Kolkata,Kolkata,2025-12-07,Consumer,Organic Search
C002223,Priya Mehta,Male,30,Hyderabad,Hyderabad,2023-05-19,Consumer,Paid Search
C002224,Riya Bose,Female,42,Bengaluru,Bengaluru,2022-09-19,Consumer,Organic Search
C002225,Riya Mehta,Female,19,Coimbatore,Coimbatore,2026-06-14,Home Office,Referral
C002226,Meera Nair,Female,44,Coimbatore,Coimbatore,2026-04-10,Home Office,Social Media
C002227,Rahul Verma,Male,22,Delhi,Delhi,2022-06-27,Consumer,Social Media
C002228,Nikhil Mishra,Male,34,Pune,Pune,2025-02-23,Consumer,Organic Search
C002229,Sanya Rao,Male,18,Gurugram,Gurugram,2022-06-13,Consumer,Organic Search
C002230,Ananya Iyer,Male,29,Ahmedabad,Ahmedabad,2023-10-18,Home Office,Paid Search
C002231,Tanya Bose,Male,36,Pune,Pune,2022-07-28,Small Business,Organic Search
C002232,Rohan Bose,Male,20,Kochi,Kochi,2024-04-25,Consumer,Organic Search
C002233,Varun Kapoor,Female,18,Kochi,Kochi,2023-10-12,Corporate,Paid Search
C002234,Siddharth Shah,Male,45,Gurugram,Gurugram,2024-03-09,Home Office,Social Media
C002235,Aarav Das,Female,19,Chennai,Chennai,2023-10-12,Corporate,Organic Search
C002236,Nisha Kumar,Male,31,Hyderabad,Hyderabad,2023-09-17,Corporate,Email
C002237,Siddharth Bose,Male,36,Mumbai,Mumbai,2023-02-15,Consumer,Social Media
C002238,Diya Gupta,Female,31,Guwahati,Guwahati,2024-04-15,Consumer,Email
C002239,Rohan Kapoor,Female,37,Indore,Indore,2025-07-04,Consumer,Social Media
C002240,Manish Malhotra,Male,45,Kochi,Kochi,2024-07-19,Small Business,Social Media
C002241,Nisha Iyer,Male,21,Bengaluru,Bengaluru,2023-03-31,Home Office,Affiliate
C002242,Krishna Gupta,Female,27,Indore,Indore,2025-08-18,Consumer,Affiliate
C002243,Sanya Rao,Female,18,Mysuru,Mysuru,2025-05-31,Small Business,Social Media
C002244,Rohan Patel,Female,20,Chandigarh,Chandigarh,2022-01-01,Small Business,Social Media
C002245,Karan Chopra,Male,44,Kochi,Kochi,2023-08-26,Home Office,Marketplace
C002246,Pooja Kumar,Female,41,Gurugram,Gurugram,2023-05-04,Consumer,Organic Search
C002247,Rahul Rao,Female,55,Kochi,Kochi,2025-10-16,Consumer,Affiliate
C002248,Aditya Nair,Male,66,Lucknow,Lucknow,2024-09-14,Home Office,Organic Search
C002249,Pooja Mishra,Female,34,Delhi,Delhi,2023-08-05,Corporate,Social Media
C002250,Diya Rao,Female,22,Jaipur,Jaipur,2025-01-14,Consumer,Social Media
C002251,Diya Sharma,Male,46,Noida,Noida,2023-12-05,Consumer,Organic Search
C002252,Isha Mehta,Female,18,Gurugram,Gurugram,2025-09-29,Consumer,Organic Search
C002253,Vivaan Reddy,Male,34,Kolkata,Kolkata,2023-06-09,Corporate,Social Media
C002254,Tanya Verma,Female,26,Bhubaneswar,Bhubaneswar,2024-11-01,Consumer,Marketplace
C002255,Reyansh Verma,Female,19,Patna,Patna,2024-05-14,Consumer,Paid Search
C002256,Neha Chopra,Male,29,Kolkata,Kolkata,2022-11-02,Corporate,Email
C002257,Krishna Bose,Female,26,Gurugram,Gurugram,2023-10-13,Consumer,Organic Search
C002258,Ananya Chopra,Female,37,Patna,Patna,2026-07-06,Consumer,Paid Search
C002259,Siddharth Mehta,Female,36,Delhi,Delhi,2026-05-05,Home Office,Paid Search
C002260,Nisha Mehta,Male,42,Hyderabad,Hyderabad,2024-05-06,Consumer,Paid Search
C002261,Krishna Chopra,Male,26,Lucknow,Lucknow,2026-01-17,Consumer,Organic Search
C002262,Isha Mehta,Female,28,Visakhapatnam,Visakhapatnam,2022-11-14,Consumer,Marketplace
C002263,Krishna Das,Female,26,Kolkata,Kolkata,2022-12-23,Consumer,Paid Search
C002264,Vikram Rao,Female,33,Noida,Noida,2025-11-06,Corporate,Paid Search
C002265,Sanya Gupta,Female,36,Bhubaneswar,Bhubaneswar,2023-09-20,Home Office,Organic Search
C002266,Manish Mishra,Male,39,Chennai,Chennai,2022-03-15,Corporate,Organic Search
C002267,Rahul Malhotra,Male,30,Coimbatore,Coimbatore,2025-03-22,Small Business,Organic Search
C002268,Kabir Kumar,Male,43,Kochi,Kochi,2025-09-17,Home Office,Organic Search
C002269,Aditi Kapoor,Male,32,Patna,Patna,2025-05-17,Corporate,Social Media
C002270,Riya Das,Female,35,Pune,Pune,2022-06-11,Consumer,Organic Search
C002271,Isha Malhotra,Female,44,Lucknow,Lucknow,2026-03-18,Consumer,Social Media
C002272,Vivaan Chopra,Female,39,Indore,Indore,2023-04-12,Consumer,Paid Search
C002273,Vikram Gupta,Female,20,Mysuru,Mysuru,2023-05-07,Consumer,Social Media
C002274,Meera Mishra,Male,22,Visakhapatnam,Visakhapatnam,2023-03-01,Consumer,Affiliate
C002275,Kabir Mehta,Female,48,Noida,Noida,2022-11-05,Home Office,Marketplace
C002276,Krishna Sharma,Male,18,Guwahati,Guwahati,2026-02-20,Consumer,Affiliate
C002277,Aditi Rao,Non-Binary,37,Bengaluru,Bengaluru,2025-11-08,Consumer,Organic Search
C002278,Aditya Kumar,Male,35,Coimbatore,Coimbatore,2025-06-17,Consumer,Organic Search
C002279,Sneha Yadav,Male,41,Bengaluru,Bengaluru,2022-05-28,Consumer,Social Media
C002280,Siddharth Sharma,Female,24,Nagpur,Nagpur,2023-10-30,Small Business,Marketplace
C002281,Priya Patel,Male,27,Kochi,Kochi,2024-07-03,Corporate,Organic Search
C002282,Vikram Singh,Female,35,Noida,Noida,2024-05-13,Consumer,Organic Search
C002283,Nikhil Malhotra,Female,18,Bhubaneswar,Bhubaneswar,2024-03-07,Consumer,Paid Search
C002284,Pooja Shah,Male,21,Indore,Indore,2024-01-05,Small Business,Organic Search
C002285,Diya Kapoor,Male,22,Kolkata,Kolkata,2023-02-06,Consumer,Paid Search
C002286,Riya Bose,Female,35,Lucknow,Lucknow,2025-07-11,Home Office,Organic Search
C002287,Pooja Verma,Male,44,Pune,Pune,2024-05-23,Consumer,Organic Search
C002288,Ishaan Yadav,Female,22,Jaipur,Jaipur,2023-02-06,Consumer,Organic Search
C002289,Kabir Malhotra,Female,36,Delhi,Delhi,2024-07-13,Consumer,Social Media
C002290,Krishna Rao,Male,48,Mysuru,Mysuru,2022-11-29,Consumer,Social Media
C002291,Ishaan Joshi,Female,27,Ahmedabad,Ahmedabad,2024-07-01,Consumer,Social Media
C002292,Rohan Rao,Female,26,Jaipur,Jaipur,2023-10-18,Consumer,Social Media
C002293,Nisha Rao,Male,65,Gurugram,Gurugram,2025-12-22,Consumer,Email
C002294,Karan Rao,Female,55,Bhopal,Bhopal,2022-02-04,Consumer,Marketplace
C002295,Aditi Mishra,Non-Binary,19,Kochi,Kochi,2023-05-02,Home Office,Social Media
C002296,Nikhil Joshi,Male,25,Ahmedabad,Ahmedabad,2024-10-17,Consumer,Paid Search
C002297,Nisha Kumar,Male,30,Jaipur,Jaipur,2025-01-30,Consumer,Marketplace
C002298,Sneha Chopra,Male,42,Surat,Surat,2025-07-22,Consumer,Referral
C002299,Karan Nair,Female,54,Surat,Surat,2025-06-08,Consumer,Social Media
C002300,Diya Mehta,Male,37,Chandigarh,Chandigarh,2026-04-23,Corporate,Paid Search
C002301,Tanya Reddy,Unknown,44,Mumbai,Mumbai,2025-01-29,Home Office,Organic Search
C002302,Sneha Iyer,Male,21,Noida,Noida,2026-05-22,Consumer,Organic Search
C002303,Manish Patel,Non-Binary,41,Visakhapatnam,Visakhapatnam,2025-11-02,Consumer,Referral
C002304,Aarav Bose,Female,36,Jaipur,Jaipur,2024-09-11,Consumer,Organic Search
C002305,Varun Das,Male,18,Patna,Patna,2022-06-22,Consumer,Referral
C002306,Reyansh Joshi,Female,36,Indore,Indore,2024-05-09,Consumer,Social Media
C002307,Nisha Chopra,Male,28,Bengaluru,Bengaluru,2024-01-03,Corporate,Social Media
C002308,Sneha Kumar,Female,42,Jaipur,Jaipur,2024-01-03,Consumer,Social Media
C002309,Ishaan Chopra,Female,26,Chandigarh,Chandigarh,2026-07-13,Consumer,Affiliate
C002310,Riya Mishra,Female,29,Delhi,Delhi,2025-09-03,Small Business,Paid Search
C002311,Kavya Patel,Female,18,Ahmedabad,Ahmedabad,2024-02-20,Corporate,Organic Search
C002312,Sanya Patel,Unknown,18,Coimbatore,Coimbatore,2023-11-25,Consumer,Referral
C002313,Kavya Rao,Male,49,Nagpur,Nagpur,2026-02-24,Consumer,Organic Search
C002314,Varun Mishra,Male,25,Mysuru,Mysuru,2023-01-07,Consumer,Referral
C002315,Kabir Mehta,Female,41,Delhi,Delhi,2025-01-30,Consumer,Social Media
C002316,Sanya Chopra,Female,24,Mysuru,Mysuru,2025-02-24,Consumer,Marketplace
C002317,Sanya Sharma,Male,37,Chennai,Chennai,2022-02-27,Consumer,Email
C002318,Neha Yadav,Female,18,Lucknow,Lucknow,2026-07-09,Small Business,Organic Search
C002319,ROHAN CHOPRA,Male,38,Gurugram,Gurugram,2025-04-05,Consumer,Marketplace
C002320,Diya Gupta,Female,51,Visakhapatnam,Visakhapatnam,2024-06-07,Consumer,Social Media
C002321,Diya Shah,Male,65,Lucknow,Lucknow,2023-07-02,Small Business,Affiliate
C002322,Krishna Reddy,Male,29,Coimbatore,Coimbatore,2023-10-14,Consumer,Organic Search
C002323,Krishna Gupta,Male,24,Indore,Indore,2026-01-26,Home Office,Referral
C002324,Arjun Patel,Female,18,Kolkata,Kolkata,2025-03-26,Consumer,Referral
C002325,Isha Gupta,Male,44,Chennai,Chennai,2025-07-28,Consumer,Organic Search
C002326,Diya Bose,Male,45,Mysuru,Mysuru,2023-05-09,Consumer,Referral
C002327,Neha Yadav,Male,18,Bhubaneswar,Bhubaneswar,2023-01-05,Corporate,Organic Search
C002328,Reyansh Joshi,Female,36,Coimbatore,Coimbatore,2023-12-02,Corporate,Referral
C002329,Kabir Nair,Female,30,Bengaluru,Bengaluru,2026-07-16,Corporate,Affiliate
C002330,Rohan Mehta,Female,25,Mumbai,Mumbai,2026-06-21,Consumer,Social Media
C002331,Nikhil Gupta,Male,30,Lucknow,Lucknow,2025-08-20,Corporate,Affiliate
C002332,Isha Iyer,Male,25,Guwahati,Guwahati,2022-11-15,Consumer,Marketplace
C002333,Arjun Patel,Female,61,Coimbatore,Coimbatore,2025-12-16,Corporate,Affiliate
C002334,Krishna Iyer,Male,22,Bhopal,Bhopal,2024-07-08,Home Office,Affiliate
C002335,Aarav Reddy,Female,18,Jaipur,Jaipur,2026-06-03,Consumer,Paid Search
C002336,Nikhil Nair,Female,35,Pune,Pune,2023-09-15,Consumer,Social Media
C002337,Sneha Singh,Male,32,Coimbatore,Coimbatore,2024-07-24,Consumer,Email
C002338,Arjun Reddy,Female,21,Mumbai,Mumbai,2025-09-29,Consumer,Marketplace
C002339,Reyansh Singh,Female,29,Hyderabad,Hyderabad,2022-10-21,Consumer,Paid Search
C002340,Aditya Iyer,Male,23,Ahmedabad,Ahmedabad,2025-05-15,Consumer,Organic Search
C002341,Riya Reddy,Female,38,Bhubaneswar,Bhubaneswar,2025-01-20,Consumer,Social Media
C002342,Diya Mishra,Female,41,Surat,Surat,2022-04-11,Consumer,Organic Search
C002343,Aditi Joshi,Female,36,Kochi,Kochi,2022-04-24,Consumer,Marketplace
C002344,Krishna Reddy,Female,33,Indore,Indore,2026-07-01,Consumer,Organic Search
C002345,Meera Malhotra,Male,32,Guwahati,Guwahati,2026-01-13,Small Business,Marketplace
C002346,Kavya Yadav,Male,33,Bhubaneswar,Bhubaneswar,2022-06-02,Consumer,Referral
C002347,Ishaan Nair,Female,42,Coimbatore,Coimbatore,2023-09-07,Home Office,Paid Search
C002348,Ananya Reddy,Male,34,Lucknow,Lucknow,2024-06-24,Home Office,Social Media
C002349,Karan Kapoor,Male,36,Kochi,Kochi,2023-09-10,Consumer,Organic Search
C002350,Karan Singh,Non-Binary,35,Gurugram,Gurugram,2022-05-03,Home Office,Marketplace
C002351,Isha Gupta,Female,28,Coimbatore,Coimbatore,2022-02-01,Consumer,Social Media
C002352,Aarav Chopra,Male,56,Bhopal,Bhopal,2024-03-01,Consumer,Referral
C002353,Nikhil Shah,Female,41,Delhi,Delhi,2022-01-13,Consumer,Organic Search
C002354,Sanya Joshi,Male,37,Nagpur,Nagpur,2023-01-23,Small Business,Referral
C002355,Riya Reddy,Male,47,Kolkata,Kolkata,2024-04-16,Corporate,Affiliate
C002356,Diya Reddy,Male,54,Chandigarh,Chandigarh,2026-04-13,Home Office,Organic Search
C002357,Ishaan Verma,Male,48,Nagpur,Nagpur,2024-10-02,Corporate,Organic Search
C002358,Krishna Sharma,Male,39,Gurugram,Gurugram,2022-04-11,Consumer,Organic Search
C002359,Priya Gupta,Male,32,Pune,Pune,2025-04-30,Small Business,Marketplace
C002360,Diya Singh,Female,18,Hyderabad,Hyderabad,2025-06-16,Consumer,Organic Search
C002361,Kavya Iyer,Female,49,Kochi,Kochi,2024-09-26,Consumer,Referral
C002362,Riya Shah,Male,18,Ahmedabad,Ahmedabad,2026-07-13,Home Office,Email
C002363,Aditi Sharma,Male,45,Bhubaneswar,Bhubaneswar,2022-07-04,Home Office,Paid Search
C002364,Karan Das,Female,19,Delhi,Delhi,2024-04-19,Consumer,Social Media
C002365,Isha Iyer,Female,20,Chandigarh,Chandigarh,2025-11-28,Consumer,Paid Search
C002366,Sneha Reddy,Female,26,Bhubaneswar,Bhubaneswar,2022-04-15,Consumer,Affiliate
C002367,Ananya Mishra,Male,48,Mysuru,Mysuru,2024-03-13,Home Office,Paid Search
C002368,Aditya Reddy,Male,40,Pune,Pune,2022-09-13,Home Office,Social Media
C002369,Rahul Singh,Female,26,Lucknow,Lucknow,2025-04-26,Consumer,Referral
C002370,Aditya Mehta,Male,38,Lucknow,Lucknow,2025-02-20,Home Office,Paid Search
C002371,Pooja Reddy,Male,42,Surat,Surat,2026-04-25,Consumer,Organic Search
C002372,Karan Mehta,Male,38,Bhubaneswar,Bhubaneswar,2022-08-14,Home Office,Organic Search
C002373,Kavya Sharma,Female,33,Surat,Surat,2024-09-18,Consumer,Email
C002374,Isha Chopra,Female,30,Ahmedabad,Ahmedabad,2023-09-27,Consumer,Paid Search
C002375,Vivaan Gupta,Male,24,Chennai,Chennai,2022-08-01,Consumer,Organic Search
C002376,Krishna Malhotra,Male,26,Delhi,Delhi,2024-11-30,Small Business,Paid Search
C002377,Nikhil Kapoor,Male,47,Guwahati,Guwahati,2022-06-16,Consumer,Organic Search
C002378,Rohan Bose,Female,41,Chennai,Chennai,2022-06-12,Consumer,Social Media
C002379,Meera Bose,Male,26,Guwahati,Guwahati,2026-07-26,Consumer,Paid Search
C002380,reyansh mishra,Female,28,Delhi,Delhi,2022-12-14,Consumer,Social Media
C002381,Riya Rao,Female,47,Lucknow,Lucknow,2023-11-17,Consumer,Social Media
C002382,Sanya Kumar,Female,28,Chennai,Chennai,2022-05-21,Home Office,Email
C002383,Arjun Rao,Female,38,Bhopal,Bhopal,2025-08-26,Consumer,Organic Search
C002384,Kavya Singh,Male,36,Chandigarh,Chandigarh,2026-07-07,Small Business,Organic Search
C002385,Manish Sharma,Female,18,Nagpur,Nagpur,2022-06-14,Consumer,Marketplace
C002386,Aditi Singh,Female,55,Indore,Indore,,Small Business,Social Media
C002387,Pooja Joshi,Female,29,Kochi,Kochi,2026-02-01,Consumer,Organic Search
C002388,Nisha Malhotra,Male,37,Kochi,Kochi,2026-07-11,Small Business,Social Media
C002389,Nikhil Mehta,Male,34,Bengaluru,Bengaluru,2023-02-19,Consumer,Organic Search
C002390,Kavya Mehta,Male,18,Bhopal,Bhopal,2026-07-30,Corporate,Organic Search
C002391,Reyansh Patel,Male,38,Bengaluru,Bengaluru,2025-02-20,Corporate,Organic Search
C002392,Sanya Iyer,Female,42,Ahmedabad,Ahmedabad,2024-05-03,Consumer,Email
C002393,Aditi Yadav,Male,27,Lucknow,Lucknow,2023-04-18,Consumer,Social Media
C002394,Pooja Joshi,Female,41,Pune,Pune,2023-07-07,Consumer,Marketplace
C002395,Kavya Yadav,Female,65,Bengaluru,Bengaluru,2025-03-02,Consumer,Organic Search
C002396,Sneha Das,Female,40,Gurugram,Gurugram,2022-03-20,Consumer,Social Media
C002397,Karan Patel,Female,22,Bhopal,Bhopal,2025-11-18,Corporate,Social Media
C002398,Sneha Kumar,Male,44,Kolkata,Kolkata,2023-01-12,Small Business,Social Media
C002399,Meera Bose,Male,29,Gurugram,Gurugram,2022-11-22,Consumer,Organic Search
C002400,Krishna Gupta,Male,28,Patna,Patna,2022-03-20,Consumer,Organic Search
C002401,Reyansh Verma,Male,41,Mumbai,Mumbai,2026-02-24,Corporate,Marketplace
C002402,Rohan Sharma,Male,31,Visakhapatnam,Visakhapatnam,2022-03-22,Consumer,Email
C002403,Priya Chopra,Female,39,Bengaluru,Bengaluru,2022-05-19,Corporate,Organic Search
C002404,Ananya Sharma,Female,32,Kochi,Kochi,2023-09-06,Consumer,Organic Search
C002405,Diya Sharma,Female,39,Lucknow,Lucknow,2024-05-15,Home Office,Social Media
C002406,Aarav Mishra,Male,37,Gurugram,Gurugram,2026-04-16,Corporate,Social Media
C002407,Ishaan Reddy,Male,41,Delhi,Delhi,2023-01-25,Consumer,Email
C002408,Priya Sharma,Female,18,Patna,Patna,2023-03-15,Consumer,Organic Search
C002409,Sanya Kumar,Male,21,Patna,Patna,2026-07-11,Consumer,Referral
C002410,Isha Iyer,Female,18,Nagpur,Nagpur,2025-07-12,Consumer,Referral
C002411,Siddharth Nair,Male,19,Mumbai,Mumbai,2024-09-21,Consumer,Paid Search
C002412,Tanya Patel,Male,21,Indore,Indore,2025-04-02,Consumer,Social Media
C002413,Aarav Gupta,Female,31,Chennai,Chennai,2022-12-18,Home Office,Paid Search
C002414,Sanya Shah,Male,29,Gurugram,Gurugram,2023-01-06,Consumer,Organic Search
C002415,Rahul Joshi,Male,41,Gurugram,Gurugram,2025-01-07,Consumer,Social Media
C002416,Ananya Mehta,Female,36,Delhi,Delhi,2023-03-05,Consumer,Organic Search
C002417,Manish Iyer,Male,41,Mumbai,Mumbai,2025-03-13,Corporate,Marketplace
C002418,Vikram Shah,Female,18,Hyderabad,Hyderabad,,Small Business,Social Media
C002419,Reyansh Kumar,Female,29,Chennai,Chennai,2022-05-13,Corporate,Organic Search
C002420,NISHA PATEL,Female,36,Surat,Surat,2022-08-17,Consumer,Paid Search
C002421,Isha Joshi,Female,27,Chennai,Chennai,2024-04-06,Small Business,Organic Search
C002422,Tanya Das,Female,34,Bhopal,Bhopal,2025-11-06,Consumer,Organic Search
C002423,Aditi Das,Female,23,Kochi,Kochi,2022-04-23,Home Office,Referral
C002424,Vivaan Kumar,Non-Binary,26,Surat,Surat,2023-09-03,Consumer,Organic Search
C002425,aarav mehta,Female,42,Ahmedabad,Ahmedabad,2026-05-12,Consumer,Organic Search
C002426,Nisha Malhotra,Male,46,Nagpur,Nagpur,2023-09-01,Consumer,Organic Search
C002427,Krishna Bose,Male,30,Delhi,Delhi,2024-07-15,Consumer,Affiliate
C002428,Vikram Shah,Male,48,Noida,Noida,2024-10-28,Home Office,Email
C002429,Aditya Mehta,Female,30,Bengaluru,Bengaluru,2023-11-21,Consumer,Marketplace
C002430,Sanya Verma,Male,18,Noida,Noida,2025-10-26,Consumer,Email
C002431,Neha Kumar,Female,58,Chennai,Chennai,2024-09-22,Consumer,Referral
C002432,Vivaan Gupta,Male,37,Kochi,Kochi,2024-11-09,Consumer,Paid Search
C002433,Neha Nair,Male,36,Coimbatore,Coimbatore,2023-04-06,Consumer,Marketplace
C002434,Aditya Verma,Female,39,Chandigarh,Chandigarh,2022-04-15,Consumer,Paid Search
C002435,Aditi Kumar,Female,33,Chandigarh,Chandigarh,2024-09-11,Consumer,Organic Search
C002436,Tanya Das,Male,54,Chandigarh,Chandigarh,2023-02-26,Consumer,Social Media
C002437,Sanya Kumar,Female,38,Kolkata,Kolkata,2025-04-19,Home Office,Marketplace
C002438,Rohan Patel,Male,28,Kolkata,Kolkata,2026-06-27,Consumer,Marketplace
C002439,Varun Das,Male,31,Patna,Patna,2022-07-20,Consumer,Social Media
C002440,Nisha Kapoor,Male,37,Ahmedabad,Ahmedabad,2024-01-19,Home Office,Marketplace
C002441,Aditya Malhotra,Male,54,Surat,Surat,2023-12-23,Small Business,Paid Search
C002442,Krishna Shah,Female,26,Bhubaneswar,Bhubaneswar,2023-12-21,Consumer,Organic Search
C002443,Vikram Mishra,Male,20,Chennai,Chennai,2024-10-10,Consumer,Social Media
C002444,Diya Sharma,Male,38,Chennai,Chennai,2026-04-05,Consumer,Marketplace
C002445,Kavya Chopra,Female,21,Bhopal,Bhopal,2024-07-13,Consumer,Marketplace
C002446,Ananya Nair,Female,30,Lucknow,Lucknow,2022-04-17,Consumer,Referral
C002447,Arjun Chopra,Male,25,Chennai,Chennai,2023-08-21,Consumer,Social Media
C002448,Priya Rao,Male,18,Chandigarh,Chandigarh,2025-03-14,Consumer,Organic Search
C002449,Vivaan Kapoor,Female,18,Bhopal,Bhopal,2023-10-04,Consumer,Referral
C002450,Reyansh Iyer,Female,58,Mysuru,Mysuru,2023-02-18,Consumer,Paid Search
C002451,Aditya Gupta,Male,46,Kolkata,Kolkata,2024-11-19,Corporate,Organic Search
C002452,Aditi Malhotra,Male,28,Nagpur,Nagpur,2025-04-23,Consumer,Social Media
C002453,Manish Kumar,Female,52,Mysuru,Mysuru,2023-07-22,Consumer,Organic Search
C002454,Isha Nair,Female,26,Coimbatore,Coimbatore,2024-07-06,Consumer,Social Media
C002455,Meera Singh,Female,36,Chandigarh,Chandigarh,2023-11-26,Consumer,Marketplace
C002456,Nisha Bose,Male,48,Bengaluru,Bengaluru,2025-05-10,Consumer,Paid Search
C002457,Karan Chopra,Male,33,Bhopal,Bhopal,2022-10-04,Corporate,Email
C002458,Sneha Patel,Female,20,Bhubaneswar,Bhubaneswar,2023-02-01,Consumer,Social Media
C002459,Vikram Verma,Male,45,Surat,Surat,2022-08-06,Consumer,Marketplace
C002460,Nikhil Mehta,Female,27,Mysuru,Mysuru,2025-09-11,Consumer,Marketplace
C002461,Siddharth Iyer,Female,38,Chennai,Chennai,2022-03-02,Corporate,Organic Search
C002462,Reyansh Verma,Male,38,Chandigarh,Chandigarh,2023-06-25,Corporate,Organic Search
C002463,Isha Chopra,Male,24,Noida,Noida,2025-01-25,Consumer,Social Media
C002464,Karan Shah,Male,35,Bengaluru,Bengaluru,2025-06-28,Consumer,Paid Search
C002465,Krishna Iyer,Male,31,Lucknow,Lucknow,2025-06-19,Small Business,Affiliate
C002466,Siddharth Malhotra,Female,40,Pune,Pune,2025-06-25,Consumer,Social Media
C002467,Varun Mishra,Male,18,Ahmedabad,Ahmedabad,2025-04-01,Corporate,Paid Search
C002468,Nikhil Patel,Female,24,Kochi,Kochi,2022-10-02,Small Business,Paid Search
C002469,Ananya Gupta,Male,42,Chandigarh,Chandigarh,2022-02-04,Home Office,Organic Search
C002470,Aarav Kapoor,Male,31,Pune,Pune,2023-09-30,Corporate,Organic Search
C002471,Manish Gupta,Male,58,Indore,Indore,2024-04-10,Consumer,Organic Search
C002472,Tanya Iyer,Female,26,Lucknow,Lucknow,2025-04-24,Home Office,Social Media
C002473,Kavya Bose,Female,21,Jaipur,Jaipur,2022-12-18,Small Business,Social Media
C002474,Kavya Nair,Female,51,Chandigarh,Chandigarh,2024-05-02,Consumer,Organic Search
C002475,Reyansh Malhotra,Male,23,Pune,Pune,2024-09-20,Consumer,Social Media
C002476,Rohan Shah,Female,34,Pune,Pune,2025-09-09,Home Office,Email
C002477,Karan Sharma,Unknown,39,Jaipur,Jaipur,2026-05-17,Consumer,Paid Search
C002478,Krishna Yadav,Male,42,Chandigarh,Chandigarh,2025-09-28,Consumer,Social Media
C002479,Krishna Chopra,Female,38,Mumbai,Mumbai,2024-12-16,Consumer,Referral
C002480,Ananya Kumar,Male,60,Gurugram,Gurugram,2023-06-09,Small Business,Email
C002481,Meera Malhotra,Female,35,Bhubaneswar,Bhubaneswar,2026-05-13,Small Business,Referral
C002482,Vivaan Sharma,Female,39,Kolkata,Kolkata,2023-08-30,Consumer,Affiliate
C002483,Rahul Nair,Female,27,Indore,Indore,2022-10-09,Corporate,Organic Search
C002484,Rahul Das,Male,22,Bhubaneswar,Bhubaneswar,2024-10-14,Consumer,Affiliate
C002485,Aditi Chopra,Male,20,Ahmedabad,Ahmedabad,2025-12-12,Consumer,Marketplace
C002486,Varun Rao,Female,47,Ahmedabad,Ahmedabad,2024-02-23,Home Office,Referral
C002487,Karan Bose,Male,25,Gurugram,Gurugram,2023-11-28,Consumer,Social Media
C002488,Diya Kumar,Female,65,Bhubaneswar,Bhubaneswar,2026-07-14,Consumer,Organic Search
C002489,Varun Das,Male,28,Indore,Indore,2025-06-09,Consumer,Email
C002490,Nisha Das,Female,26,Chandigarh,Chandigarh,2022-06-08,Home Office,Referral
C002491,Krishna Singh,Male,35,Nagpur,Nagpur,2023-05-21,Consumer,Marketplace
C002492,Aditya Malhotra,Female,18,Bhubaneswar,Bhubaneswar,2024-03-28,Home Office,Paid Search
C002493,Siddharth Mehta,Male,31,Chandigarh,Chandigarh,2026-05-30,Consumer,Email
C002494,Siddharth Bose,Male,41,Bhopal,Bhopal,2024-02-16,Consumer,Social Media
C002495,Isha Mishra,Female,32,Bhubaneswar,Bhubaneswar,2024-03-30,Consumer,Referral
C002496,Isha Malhotra,Male,58,Chandigarh,Chandigarh,2022-02-23,Consumer,Paid Search
C002497,Ananya Mishra,Male,32,Patna,Patna,2025-09-06,Consumer,Affiliate
C002498,Sneha Yadav,Unknown,36,Ahmedabad,Ahmedabad,2026-03-18,Home Office,Organic Search
C002499,Manish Kapoor,Female,35,Chennai,Chennai,2023-04-10,Home Office,Marketplace
C002500,Diya Shah,Female,36,Kochi,Kochi,2025-02-25,Consumer,Referral
C002501,Rohan Verma,Female,24,Unknown,Unknown,2023-03-09,Consumer,Marketplace
C002502,Sneha Yadav,Male,27,Mumbai,Mumbai,2026-05-02,Corporate,Organic Search
C002503,Siddharth Nair,Male,37,Visakhapatnam,Visakhapatnam,2025-12-10,Consumer,Email
C002504,Varun Bose,Female,32,Surat,Surat,2025-01-21,Consumer,Organic Search
C002505,Nikhil Bose,Female,51,Kolkata,Kolkata,2024-06-30,Consumer,Referral
C002506,Sanya Das,Female,47,Jaipur,Jaipur,2024-04-30,Consumer,Organic Search
C002507,Tanya Das,Male,18,Delhi,Delhi,2024-11-16,Consumer,Social Media
C002508,Aditi Rao,Female,36,Bhubaneswar,Bhubaneswar,2023-01-14,Consumer,Paid Search
C002509,Riya Iyer,Male,47,Jaipur,Jaipur,2024-10-06,Consumer,Social Media
C002510,Tanya Malhotra,Female,41,Surat,Surat,2022-01-09,Consumer,Paid Search
C002511,Diya Mehta,Male,26,Coimbatore,Coimbatore,2024-03-14,Consumer,Email
C002512,Sneha Das,Male,18,Jaipur,Jaipur,2022-02-21,Consumer,Marketplace
C002513,Ananya Malhotra,Male,31,Indore,Indore,2024-11-29,Small Business,Social Media
C002514,Priya Yadav,Male,18,Hyderabad,Hyderabad,2025-06-27,Corporate,Referral
C002515,Vikram Singh,Male,44,Jaipur,Jaipur,2025-07-15,Consumer,Social Media
C002516,Rohan Mehta,Male,42,Visakhapatnam,Visakhapatnam,2022-08-26,Home Office,Email
C002517,Meera Iyer,Male,18,Bhubaneswar,Bhubaneswar,2022-06-06,Consumer,Social Media
C002518,Vikram Verma,Female,40,Mumbai,Mumbai,2025-05-05,Consumer,Affiliate
C002519,Kavya Yadav,Female,21,Bhubaneswar,Bhubaneswar,2026-02-01,Small Business,Social Media
C002520,Vivaan Joshi,Female,36,Chandigarh,Chandigarh,2022-06-11,Consumer,Affiliate
C002521,Rahul Bose,Female,29,Coimbatore,Coimbatore,2025-08-07,Consumer,Referral
C002522,Vikram Shah,Male,37,Kolkata,Kolkata,2023-01-06,Corporate,Referral
C002523,Arjun Iyer,Female,37,Jaipur,Jaipur,2025-05-23,Corporate,Social Media
C002524,Rahul Iyer,Male,18,Kolkata,Kolkata,2022-04-26,Consumer,Referral
C002525,Karan Malhotra,Male,34,Jaipur,Jaipur,2022-11-16,Consumer,Organic Search
C002526,Vikram Singh,Male,35,Jaipur,Jaipur,2025-01-13,Home Office,Organic Search
C002527,Rahul Nair,Female,45,Indore,Indore,2023-02-24,Consumer,Marketplace
C002528,Isha Rao,Female,18,Hyderabad,Hyderabad,2023-12-13,Consumer,Paid Search
C002529,Tanya Das,Female,30,Gurugram,Gurugram,2022-07-02,Corporate,Email
C002530,Ananya Sharma,Female,39,Lucknow,Lucknow,2023-04-16,Consumer,Social Media
C002531,Pooja Nair,Male,21,Surat,Surat,2022-06-25,Consumer,Social Media
C002532,Neha Chopra,Female,30,Jaipur,Jaipur,2022-01-16,Corporate,Referral
C002533,Tanya Gupta,Female,46,Noida,Noida,2025-12-31,Consumer,Paid Search
C002534,Ishaan Nair,Female,23,Visakhapatnam,Visakhapatnam,2022-09-11,Corporate,Email
C002535,Diya Iyer,Non-Binary,36,Hyderabad,Hyderabad,2026-07-26,Consumer,Organic Search
C002536,Aditi Kapoor,Male,39,Chennai,Chennai,2023-10-09,Consumer,Organic Search
C002537,Meera Sharma,Female,21,Hyderabad,Hyderabad,2025-12-25,Consumer,Organic Search
C002538,Isha Mehta,Male,41,Noida,Noida,2026-02-04,Small Business,Social Media
C002539,Karan Patel,Female,30,Bhopal,Bhopal,2025-06-01,Home Office,Social Media
C002540,Arjun Bose,Male,42,Nagpur,Nagpur,2025-03-12,Corporate,Marketplace
C002541,Vikram Iyer,Female,32,Lucknow,Lucknow,2022-01-23,Consumer,Social Media
C002542,Ishaan Malhotra,Male,18,Lucknow,Lucknow,2025-09-14,Consumer,Paid Search
C002543,Sanya Nair,Female,18,Patna,Patna,2026-05-23,Small Business,Organic Search
C002544,Aditi Malhotra,Female,22,Visakhapatnam,Visakhapatnam,2022-09-08,Home Office,Marketplace
C002545,Nikhil Kapoor,Female,42,Mysuru,Mysuru,2022-09-11,Corporate,Paid Search
C002546,Rohan Yadav,Male,40,Delhi,Delhi,2022-10-04,Small Business,Social Media
C002547,Isha Shah,Male,26,Noida,Noida,2025-07-02,Corporate,Social Media
C002548,Varun Iyer,Female,38,Coimbatore,Coimbatore,2024-08-09,Consumer,Referral
C002549,Krishna Rao,Male,41,Bhopal,Bhopal,2026-06-30,Consumer,Paid Search
C002550,Nikhil Sharma,Non-Binary,37,Mysuru,Mysuru,2025-06-16,Consumer,Paid Search
C002551,Ishaan Malhotra,Male,33,Nagpur,Nagpur,2024-06-01,Consumer,Affiliate
C002552,Riya Nair,Female,37,Bhopal,Bhopal,2023-09-26,Home Office,Paid Search
C002553,Manish Sharma,Male,24,Lucknow,Lucknow,2022-09-13,Corporate,Referral
C002554,Karan Sharma,Female,31,Chandigarh,Chandigarh,2026-05-23,Consumer,Organic Search
C002555,Kabir Verma,Male,18,Mysuru,Mysuru,2025-10-22,Consumer,Referral
C002556,Varun Sharma,Female,31,Indore,Indore,2024-08-03,Small Business,Referral
C002557,Ishaan Joshi,Female,28,Nagpur,Nagpur,2025-12-01,Corporate,Referral
C002558,KRISHNA VERMA,Female,36,Bengaluru,Bengaluru,2022-10-16,Home Office,Organic Search
C002559,Sneha Kumar,Male,30,Bhopal,Bhopal,2025-09-09,Consumer,Social Media
C002560,Krishna Iyer,Female,28,Jaipur,Jaipur,2023-01-03,Small Business,Paid Search
C002561,Ishaan Reddy,Male,32,Mumbai,Mumbai,2023-05-14,Home Office,Paid Search
C002562,Sanya Shah,Male,22,Kolkata,Kolkata,2025-08-17,Consumer,Organic Search
C002563,Isha Mishra,Male,28,Bhopal,Bhopal,2022-10-02,Small Business,Affiliate
C002564,Vikram Joshi,Female,27,Mysuru,Mysuru,2022-04-18,Consumer,Referral
C002565,Diya Nair,Male,18,Noida,Noida,2025-01-31,Home Office,Marketplace
C002566,Arjun Shah,Female,33,Lucknow,Lucknow,2024-04-09,Small Business,Organic Search
C002567,Nisha Kumar,Female,33,Visakhapatnam,Visakhapatnam,2026-04-18,Home Office,Affiliate
C002568,Manish Mehta,Male,21,Kochi,Kochi,2023-09-17,Corporate,Organic Search
C002569,Vikram Kapoor,Male,18,Pune,Pune,2023-02-16,Home Office,Paid Search
C002570,Neha Singh,Male,32,Bhopal,Bhopal,2025-03-31,Corporate,Email
C002571,Nikhil Bose,Female,27,Delhi,Delhi,2024-02-27,Consumer,Affiliate
C002572,Vivaan Verma,Male,47,Delhi,Delhi,2025-11-28,Consumer,Social Media
C002573,Krishna Bose,Female,18,Noida,Noida,2023-09-07,Consumer,Organic Search
C002574,Arjun Mehta,Male,27,Mumbai,Mumbai,2024-02-23,Consumer,Organic Search
C002575,Ishaan Kapoor,Female,25,Chennai,Chennai,2024-11-03,Corporate,Organic Search
C002576,Neha Singh,Male,37,Kochi,Kochi,2022-01-29,Consumer,Social Media
C002577,Meera Yadav,Male,51,Bhubaneswar,Bhubaneswar,2023-06-17,Corporate,Social Media
C002578,Reyansh Iyer,Female,32,Pune,Pune,2026-03-29,Home Office,Organic Search
C002579,Aditya Mishra,Female,26,Lucknow,Lucknow,2025-06-24,Consumer,Organic Search
C002580,Isha Patel,Female,36,Bengaluru,Bengaluru,2022-07-17,Consumer,Organic Search
C002581,Priya Kapoor,Male,45,Hyderabad,Hyderabad,2024-05-11,Home Office,Organic Search
C002582,Manish Malhotra,Male,41,Kolkata,Kolkata,2023-08-23,Consumer,Paid Search
C002583,Meera Joshi,Female,21,Kolkata,Kolkata,2025-06-02,Consumer,Organic Search
C002584,Tanya Verma,Male,23,Surat,Surat,2022-07-27,Home Office,Organic Search
C002585,Kabir Shah,Female,29,Bhopal,Bhopal,2024-05-17,Corporate,Paid Search
C002586,Riya Iyer,Male,37,Mumbai,Mumbai,2022-05-29,Consumer,Organic Search
C002587,Sneha Joshi,Female,39,Coimbatore,Coimbatore,2024-10-06,Consumer,Organic Search
C002588,Aditya Mishra,Male,37,Coimbatore,Coimbatore,2022-04-01,Consumer,Paid Search
C002589,Nikhil Das,Female,23,Gurugram,Gurugram,2025-10-21,Consumer,Unknown
C002590,Reyansh Sharma,Male,18,Mumbai,Mumbai,2025-08-08,Corporate,Social Media
C002591,Aarav Mehta,Female,30,Ahmedabad,Ahmedabad,2025-01-18,Corporate,Email
C002592,Arjun Nair,Male,43,Visakhapatnam,Visakhapatnam,2023-06-18,Consumer,Referral
C002593,Vivaan Kapoor,Male,37,Jaipur,Jaipur,2023-07-20,Consumer,Social Media
C002594,Aditya Chopra,Male,28,Lucknow,Lucknow,2022-09-25,Home Office,Paid Search
C002595,Diya Das,Male,40,Ahmedabad,Ahmedabad,2022-03-02,Consumer,Social Media
C002596,Meera Kapoor,Male,38,Coimbatore,Coimbatore,2022-06-03,Consumer,Organic Search
C002597,Nikhil Patel,Female,20,Bhubaneswar,Bhubaneswar,2022-02-07,Consumer,Paid Search
C002598,Tanya Chopra,Male,48,Mysuru,Mysuru,2022-11-09,Consumer,Organic Search
C002599,Sanya Chopra,Male,39,Jaipur,Jaipur,2023-07-01,Home Office,Paid Search
C002600,Neha Bose,Female,22,Jaipur,Jaipur,2025-12-24,Home Office,Organic Search
C002601,Rohan Gupta,Female,45,Chandigarh,Chandigarh,2024-01-02,Home Office,Paid Search
C002602,Aarav Singh,Male,31,Bhubaneswar,Bhubaneswar,2022-02-10,Consumer,Referral
C002603,Isha Mehta,Male,49,Mysuru,Mysuru,2026-03-22,Consumer,Organic Search
C002604,Sanya Patel,Male,23,Nagpur,Nagpur,2022-12-09,Home Office,Organic Search
C002605,Meera Patel,Female,18,Ahmedabad,Ahmedabad,2024-06-20,Home Office,Social Media
C002606,Nikhil Bose,Male,42,Gurugram,Gurugram,2023-03-20,Corporate,Paid Search
C002607,Kabir Iyer,Male,37,Kolkata,Kolkata,2022-05-02,Corporate,Email
C002608,Krishna Gupta,Female,27,Delhi,Delhi,2023-02-21,Consumer,Affiliate
C002609,Rohan Joshi,Female,27,Guwahati,Guwahati,2024-04-01,Consumer,Paid Search
C002610,Neha Mehta,Female,24,Patna,Patna,2024-10-22,Home Office,Social Media
C002611,Diya Kumar,Female,36,Chennai,Chennai,2022-11-04,Small Business,Social Media
C002612,Rohan Mehta,Male,27,Chandigarh,Chandigarh,2025-07-17,Consumer,Social Media
C002613,Varun Bose,Female,39,Ahmedabad,Ahmedabad,2025-06-04,Consumer,Paid Search
C002614,Rohan Shah,Male,33,Coimbatore,Coimbatore,2025-05-15,Consumer,Referral
C002615,Kabir Malhotra,Female,18,Hyderabad,Hyderabad,2022-08-09,Consumer,Organic Search
C002616,Rohan Chopra,Male,25,Mysuru,Mysuru,2023-02-21,Consumer,Affiliate
C002617,Manish Nair,Male,50,Noida,Noida,2023-08-14,Home Office,Email
C002618,Aditya Verma,Male,38,Bhubaneswar,Bhubaneswar,2024-06-09,Home Office,Organic Search
C002619,Neha Patel,Male,49,Mumbai,Mumbai,2022-03-08,Consumer,Organic Search
C002620,Neha Patel,Female,34,Bhubaneswar,Bhubaneswar,2022-05-29,Consumer,Referral
C002621,Ananya Singh,Male,45,Mysuru,Mysuru,2023-10-06,Consumer,Unknown
C002622,Krishna Joshi,Male,45,Hyderabad,Hyderabad,2022-11-15,Home Office,Paid Search
C002623,Isha Gupta,Female,42,Noida,Noida,2025-05-12,Consumer,Organic Search
C002624,Reyansh Rao,Female,18,Hyderabad,Hyderabad,2023-11-02,Consumer,Social Media
C002625,Neha Das,Female,53,Delhi,Delhi,2025-07-14,Small Business,Organic Search
C002626,Rohan Chopra,Female,41,Kolkata,Kolkata,2022-08-24,Corporate,Email
C002627,Nisha Iyer,Male,23,Visakhapatnam,Visakhapatnam,2024-12-08,Consumer,Referral
C002628,Sneha Verma,Male,20,Noida,Noida,,Unknown,Organic Search
C002629,Tanya Rao,Female,55,Nagpur,Nagpur,2024-10-18,Consumer,Social Media
C002630,Aditya Joshi,Male,43,Coimbatore,Coimbatore,2022-04-14,Consumer,Organic Search
C002631,Diya Gupta,Male,25,Patna,Patna,2025-12-30,Consumer,Paid Search
C002632,Manish Verma,Unknown,32,Gurugram,Gurugram,2025-12-31,Home Office,Marketplace
C002633,Rohan Patel,Male,24,Mumbai,Mumbai,2023-03-02,Home Office,Marketplace
C002634,Ananya Patel,Male,44,Mysuru,Mysuru,2022-10-22,Corporate,Paid Search
C002635,Priya Singh,Female,64,Indore,Indore,2025-07-08,Small Business,Organic Search
C002636,Kabir Patel,Female,27,Kolkata,Kolkata,2025-08-06,Consumer,Referral
C002637,Arjun Mishra,Female,18,Indore,Indore,2025-12-03,Consumer,Social Media
C002638,Nisha Patel,Female,49,Bhubaneswar,Bhubaneswar,2024-09-12,Consumer,Organic Search
C002639,Karan Malhotra,Non-Binary,45,Mumbai,Mumbai,2025-11-30,Home Office,Email
C002640,Pooja Rao,Male,48,Lucknow,Lucknow,2022-05-04,Consumer,Social Media
C002641,Reyansh Joshi,Male,33,Jaipur,Jaipur,2025-02-06,Consumer,Paid Search
C002642,Meera Kumar,Male,30,Chandigarh,Chandigarh,2026-02-28,Consumer,Social Media
C002643,Reyansh Chopra,Male,52,Mysuru,Mysuru,2023-03-10,Consumer,Email
C002644,Ishaan Kumar,Unknown,36,Delhi,Delhi,2023-07-12,Consumer,Social Media
C002645,Aditi Verma,Female,30,Visakhapatnam,Visakhapatnam,2025-07-25,Consumer,Paid Search
C002646,Krishna Mishra,Male,34,Indore,Indore,2024-12-26,Consumer,Marketplace
C002647,Aarav Das,Female,29,Kochi,Kochi,2022-12-30,Consumer,Social Media
C002648,Meera Chopra,Female,31,Chandigarh,Chandigarh,2023-08-08,Home Office,Organic Search
C002649,Diya Chopra,Male,18,Chandigarh,Chandigarh,2023-12-17,Consumer,Social Media
C002650,Rahul Gupta,Male,43,Hyderabad,Hyderabad,2022-09-14,Consumer,Social Media
C002651,Neha Nair,Female,30,Nagpur,Nagpur,2022-03-30,Consumer,Organic Search
C002652,Aditya Rao,Male,33,Patna,Patna,2026-02-19,Consumer,Paid Search
C002653,Sanya Sharma,Male,42,Mumbai,Mumbai,2026-07-30,Home Office,Organic Search
C002654,Tanya Mehta,Female,40,Kochi,Kochi,2026-02-06,Consumer,Paid Search
C002655,Sneha Bose,Female,33,Ahmedabad,Ahmedabad,2024-05-19,Corporate,Organic Search
C002656,Karan Mehta,Female,21,Delhi,Delhi,2023-07-23,Consumer,Email
C002657,Siddharth Yadav,Male,35,Bhopal,Bhopal,2022-03-10,Consumer,Affiliate
C002658,Nisha Joshi,Female,18,Mumbai,Mumbai,2022-10-27,Consumer,Organic Search
C002659,Aditi Rao,Male,40,Mumbai,Mumbai,2022-03-03,Home Office,Social Media
C002660,Reyansh Iyer,Male,32,Ahmedabad,Ahmedabad,2022-11-27,Home Office,Affiliate
C002661,Manish Mishra,Male,38,Chandigarh,Chandigarh,2022-04-27,Corporate,Email
C002662,Rahul Gupta,Male,46,Ahmedabad,Ahmedabad,2026-01-04,Small Business,Paid Search
C002663,Aditi Kumar,Male,41,Patna,Patna,2025-02-02,Consumer,Paid Search
C002664,Ishaan Das,Male,24,Pune,Pune,2025-03-15,Corporate,Organic Search
C002665,Vivaan Bose,Male,37,Guwahati,Guwahati,2022-03-16,Consumer,Affiliate
C002666,Vivaan Chopra,Female,26,Noida,Noida,2026-03-01,Consumer,Email
C002667,Reyansh Gupta,Female,18,Kolkata,Kolkata,2025-09-02,Consumer,Organic Search
C002668,Kabir Sharma,Male,28,Ahmedabad,Ahmedabad,2026-07-29,Corporate,Marketplace
C002669,Aarav Patel,Male,26,Coimbatore,Coimbatore,2024-08-02,Consumer,Paid Search
C002670,Diya Kumar,Male,28,Guwahati,Guwahati,2024-11-29,Consumer,Email
C002671,Diya Nair,Female,42,Guwahati,Guwahati,2024-12-06,Consumer,Social Media
C002672,Vikram Malhotra,Female,52,Bhopal,Bhopal,2022-05-12,Small Business,Referral
C002673,Rahul Yadav,Female,55,Guwahati,Guwahati,2025-01-15,Consumer,Organic Search
C002674,Manish Verma,Female,37,Mumbai,Mumbai,2024-10-05,Corporate,Referral
C002675,Vikram Bose,Female,34,Pune,Pune,2023-10-02,Consumer,Affiliate
C002676,Meera Nair,Female,46,Surat,Surat,2023-03-27,Consumer,Marketplace
C002677,Rohan Singh,Male,35,Lucknow,Lucknow,2023-01-01,Consumer,Social Media
C002678,Isha Shah,Female,46,Patna,Patna,2025-11-06,Consumer,Social Media
C002679,Kavya Patel,Male,20,Chennai,Chennai,2022-12-07,Small Business,Organic Search
C002680,Kavya Kapoor,Female,43,Surat,Surat,2023-12-02,Consumer,Paid Search
C002681,Tanya Chopra,Male,38,Hyderabad,Hyderabad,2024-01-25,Consumer,Paid Search
C002682,Sneha Shah,Male,34,Pune,Pune,2025-04-21,Consumer,Social Media
C002683,Rahul Kapoor,Female,43,Chandigarh,Chandigarh,2022-11-04,Consumer,Social Media
C002684,Isha Iyer,Male,25,Chennai,Chennai,2023-05-23,Consumer,Referral
C002685,Reyansh Das,Female,22,Chennai,Chennai,2022-12-09,Corporate,Marketplace
C002686,Aditya Gupta,Female,28,Coimbatore,Coimbatore,2022-06-21,Consumer,Social Media
C002687,Rahul Nair,Male,32,Ahmedabad,Ahmedabad,,Consumer,Social Media
C002688,Manish Das,Female,35,Lucknow,Lucknow,2023-08-22,Small Business,Social Media
C002689,Vikram Sharma,Male,30,Chandigarh,Chandigarh,2022-02-16,Consumer,Organic Search
C002690,Rohan Gupta,Male,42,Surat,Surat,2025-06-13,Small Business,Organic Search
C002691,Rahul Bose,Male,21,Guwahati,Guwahati,2022-04-05,Small Business,Organic Search
C002692,Aditya Das,Male,39,Pune,Pune,2024-12-26,Corporate,Social Media
C002693,Rohan Rao,Female,45,Bengaluru,Bengaluru,2022-10-20,Consumer,Social Media
C002694,Varun Reddy,Male,46,Indore,Indore,2023-04-29,Corporate,Paid Search
C002695,Varun Gupta,Male,46,Mumbai,Mumbai,2025-01-07,Consumer,Referral
C002696,Neha Rao,Male,30,Patna,Patna,2022-03-21,Home Office,Social Media
C002697,Arjun Sharma,Female,31,Noida,Noida,2024-06-04,Corporate,Organic Search
C002698,Vivaan Verma,Female,29,Gurugram,Gurugram,2022-11-27,Consumer,Social Media
C002699,Nisha Nair,Male,19,Surat,Surat,2022-11-12,Consumer,Paid Search
C002700,Manish Verma,Male,28,Kochi,Kochi,2025-01-24,Small Business,Email
C002701,Kavya Malhotra,Male,18,Bhubaneswar,Bhubaneswar,2025-04-16,Consumer,Email
C002702,Riya Sharma,Female,41,Chandigarh,Chandigarh,2025-10-06,Consumer,Paid Search
C002703,Aditya Singh,Female,36,Bhopal,Bhopal,2026-06-05,Home Office,Marketplace
C002704,Manish Bose,Female,37,Lucknow,Lucknow,2026-02-14,Consumer,Marketplace
C002705,Neha Gupta,Female,23,Bengaluru,Bengaluru,2023-06-21,Consumer,Organic Search
C002706,Reyansh Rao,Female,20,Bhubaneswar,Bhubaneswar,2022-02-18,Corporate,Affiliate
C002707,Neha Malhotra,Female,27,Mysuru,Mysuru,2025-12-06,Consumer,Social Media
C002708,Diya Shah,Male,18,Noida,Noida,2026-06-09,Consumer,Marketplace
C002709,Neha Mishra,Female,36,Guwahati,Guwahati,2025-11-22,Corporate,Organic Search
C002710,Nisha Iyer,Female,59,Chandigarh,Chandigarh,2023-05-27,Corporate,Organic Search
C002711,Varun Kapoor,Female,20,Surat,Surat,2022-01-25,Corporate,Referral
C002712,Siddharth Mishra,Male,40,Patna,Patna,2025-09-21,Small Business,Referral
C002713,Kavya Gupta,Male,44,Kolkata,Kolkata,,Consumer,Referral
C002714,Pooja Kapoor,Female,32,Visakhapatnam,Visakhapatnam,2024-09-19,Home Office,Marketplace
C002715,Nikhil Patel,Female,30,Surat,Surat,2024-04-20,Corporate,Paid Search
C002716,Diya Yadav,Male,30,Lucknow,Lucknow,2025-12-19,Consumer,Email
C002717,Pooja Bose,Male,21,Patna,Patna,2023-07-26,Corporate,Organic Search
C002718,Riya Mishra,Male,29,Nagpur,Nagpur,2024-04-12,Small Business,Social Media
C002719,Karan Kumar,Female,37,Mysuru,Mysuru,2023-06-10,Consumer,Social Media
C002720,Manish Kumar,Female,53,Bengaluru,Bengaluru,2024-06-15,Small Business,Social Media
C002721,Isha Malhotra,Female,32,Bhubaneswar,Bhubaneswar,2022-03-20,Consumer,Email
C002722,TANYA NAIR,Male,22,Hyderabad,Hyderabad,2024-09-14,Consumer,Referral
C002723,Nikhil Kapoor,Female,33,Gurugram,Gurugram,2022-01-03,Corporate,Paid Search
C002724,Nikhil Patel,Female,24,Bengaluru,Bengaluru,2023-05-28,Consumer,Paid Search
C002725,Krishna Nair,Male,23,Bhubaneswar,Bhubaneswar,2024-02-12,Consumer,Social Media
C002726,Rahul Shah,Female,45,Kochi,Kochi,2025-01-05,Consumer,Paid Search
C002727,Priya Joshi,Female,48,Indore,Indore,2022-11-03,Small Business,Social Media
C002728,Karan Mishra,Male,34,Patna,Patna,2025-03-17,Home Office,Email
C002729,Diya Chopra,Female,38,Jaipur,Jaipur,2025-01-27,Corporate,Organic Search
C002730,Nikhil Yadav,Male,30,Surat,Surat,2023-07-05,Consumer,Social Media
C002731,Aditya Verma,Male,39,Bhopal,Bhopal,2025-11-02,Consumer,Organic Search
C002732,Varun Iyer,Female,35,Surat,Surat,2024-06-25,Corporate,Paid Search
C002733,Vivaan Patel,Male,38,Ahmedabad,Ahmedabad,2023-05-20,Consumer,Organic Search
C002734,Neha Yadav,Female,37,Hyderabad,Hyderabad,2022-04-23,Consumer,Marketplace
C002735,Vikram Kumar,Female,41,Kochi,Kochi,2022-07-14,Consumer,Marketplace
C002736,Priya Iyer,Male,27,Delhi,Delhi,2022-02-22,Consumer,Organic Search
C002737,Sneha Iyer,Male,56,Bhopal,Bhopal,2022-11-25,Corporate,Organic Search
C002738,Riya Nair,Male,32,Indore,Indore,2024-07-11,Consumer,Organic Search
C002739,Arjun Chopra,Female,34,Chennai,Chennai,2026-05-30,Consumer,Marketplace
C002740,Kabir Yadav,Female,49,Hyderabad,Hyderabad,2025-04-23,Consumer,Social Media
C002741,Sneha Iyer,Female,36,Ahmedabad,Ahmedabad,2022-07-10,Consumer,Marketplace
C002742,Nikhil Patel,Male,25,Pune,Pune,2025-11-01,Home Office,Marketplace
C002743,Rahul Das,Male,18,Mysuru,Mysuru,2022-06-15,Consumer,Paid Search
C002744,Sneha Yadav,Male,53,Guwahati,Guwahati,2025-09-08,Small Business,Organic Search
C002745,Sanya Mehta,Male,30,Hyderabad,Hyderabad,2025-07-06,Consumer,Organic Search
C002746,Aarav Mishra,Female,18,Kochi,Kochi,2023-03-02,Home Office,Paid Search
C002747,Meera Kumar,Male,34,Bhubaneswar,Bhubaneswar,2023-05-09,Corporate,Email
C002748,Sanya Nair,Male,29,Mumbai,Mumbai,2022-06-25,Consumer,Email
C002749,Kavya Rao,Male,31,Kolkata,Kolkata,2023-09-27,Small Business,Organic Search
C002750,Arjun Kapoor,Female,28,Mysuru,Mysuru,2023-10-05,Consumer,Organic Search
C002751,Nisha Nair,Female,25,Patna,Patna,2025-07-30,Consumer,Social Media
C002752,Sanya Gupta,Female,39,Delhi,Delhi,2023-04-23,Consumer,Referral
C002753,Diya Reddy,Female,25,Hyderabad,Hyderabad,2022-06-12,Small Business,Marketplace
C002754,Pooja Sharma,Male,22,Kochi,Kochi,2023-07-27,Consumer,Email
C002755,Riya Nair,Male,34,Patna,Patna,2025-03-11,Consumer,Email
C002756,Aditya Nair,Female,27,Bengaluru,Bengaluru,2024-01-25,Consumer,Paid Search
C002757,Isha Joshi,Male,38,Coimbatore,Coimbatore,2022-07-21,Consumer,Social Media
C002758,Sanya Kapoor,Female,18,Indore,Indore,2024-05-15,Consumer,Marketplace
C002759,Arjun Kapoor,Female,28,Pune,Pune,2023-05-25,Corporate,Organic Search
C002760,Aarav Nair,Non-Binary,35,Nagpur,Nagpur,2025-07-07,Consumer,Referral
C002761,Ishaan Malhotra,Female,26,Ahmedabad,Ahmedabad,2022-12-21,Consumer,Email
C002762,priya joshi,Male,41,Noida,Noida,2022-11-15,Consumer,Email
C002763,Sanya Chopra,Female,63,Coimbatore,Coimbatore,2026-02-21,Consumer,Marketplace
C002764,Arjun Mehta,Female,47,Kochi,Kochi,2025-11-02,Consumer,Organic Search
C002765,Diya Sharma,Female,29,Chandigarh,Chandigarh,2026-06-12,Home Office,Email
C002766,Priya Das,Male,37,Patna,Patna,2023-08-03,Home Office,Referral
C002767,Rohan Sharma,Female,40,Hyderabad,Hyderabad,2025-08-27,Consumer,Social Media
C002768,Rohan Das,Female,33,Kochi,Kochi,,Consumer,Social Media
C002769,Kavya Iyer,Male,44,Gurugram,Gurugram,2025-06-07,Consumer,Referral
C002770,Vivaan Singh,Female,34,Surat,Surat,2026-04-13,Consumer,Email
C002771,Meera Joshi,Female,33,Ahmedabad,Ahmedabad,2024-12-30,Consumer,Paid Search
C002772,Sanya Kumar,Female,32,Patna,Patna,2026-07-14,Home Office,Social Media
C002773,Karan Chopra,Male,20,Bhubaneswar,Bhubaneswar,2022-08-24,Home Office,Organic Search
C002774,Aditya Mehta,Female,35,Gurugram,Gurugram,2025-08-06,Consumer,Referral
C002775,Sneha Iyer,Male,48,Nagpur,Nagpur,2022-08-07,Consumer,Organic Search
C002776,Neha Gupta,Female,36,Pune,Pune,2023-12-11,Consumer,Social Media
C002777,Siddharth Patel,Male,52,Mumbai,Mumbai,2026-03-23,Consumer,Social Media
C002778,Vikram Patel,Female,34,Nagpur,Nagpur,2026-02-01,Consumer,Email
C002779,Aditi Malhotra,Female,43,Ahmedabad,Ahmedabad,2023-10-01,Small Business,Social Media
C002780,Arjun Kumar,Female,41,Bhopal,Bhopal,2024-11-16,Consumer,Marketplace
C002781,Aarav Iyer,Male,41,Pune,Pune,2024-11-29,Consumer,Paid Search
C002782,Vivaan Gupta,Male,44,Bengaluru,Bengaluru,2025-01-08,Consumer,Social Media
C002783,Nikhil Rao,Male,36,Mysuru,Mysuru,2025-07-17,Consumer,Organic Search
C002784,Priya Bose,Female,31,Bhopal,Bhopal,2026-07-06,Consumer,Organic Search
C002785,Diya Kumar,Male,18,Ahmedabad,Ahmedabad,2023-10-12,Consumer,Organic Search
C002786,Riya Mishra,Male,39,Jaipur,Jaipur,2022-01-25,Consumer,Paid Search
C002787,Ananya Chopra,Male,18,Mumbai,Mumbai,2025-02-06,Consumer,Referral
C002788,Arjun Kumar,Male,47,Visakhapatnam,Visakhapatnam,2024-03-25,Consumer,Marketplace
C002789,Nikhil Shah,Female,21,Kolkata,Kolkata,2022-11-17,Consumer,Organic Search
C002790,Siddharth Nair,Male,28,Hyderabad,Hyderabad,2023-10-02,Consumer,Paid Search
C002791,Kabir Yadav,Female,18,Chandigarh,Chandigarh,2024-12-06,Consumer,Paid Search
C002792,Siddharth Rao,Female,42,Pune,Pune,2024-08-04,Corporate,Organic Search
C002793,Rahul Reddy,Female,26,Chennai,Chennai,2022-09-30,Consumer,Paid Search
C002794,Isha Shah,Male,37,Jaipur,Jaipur,2023-11-29,Consumer,Paid Search
C002795,Krishna Gupta,Male,21,Coimbatore,Coimbatore,2025-04-01,Consumer,Affiliate
C002796,Meera Iyer,Male,32,Hyderabad,Hyderabad,2026-05-19,Consumer,Paid Search
C002797,Aditi Yadav,Female,52,Visakhapatnam,Visakhapatnam,2026-07-24,Consumer,Referral
C002798,Diya Singh,Female,35,Kochi,Kochi,2023-12-01,Corporate,Paid Search
C002799,Kabir Yadav,Female,18,Mysuru,Mysuru,2025-08-15,Consumer,Organic Search
C002800,Reyansh Verma,Male,39,Guwahati,Guwahati,2024-02-04,Consumer,Paid Search
C002801,Arjun Gupta,Female,18,Indore,Indore,2022-11-14,Consumer,Organic Search
C002802,Nikhil Joshi,Male,43,Patna,Patna,2022-07-21,Consumer,Organic Search
C002803,Nisha Malhotra,Female,52,Patna,Patna,2025-11-22,Corporate,Referral
C002804,Ananya Mehta,Female,31,Visakhapatnam,Visakhapatnam,2022-05-09,Consumer,Paid Search
C002805,Neha Kapoor,Female,20,Jaipur,Jaipur,2024-10-30,Corporate,Email
C002806,Nikhil Das,Female,25,Mysuru,Mysuru,2023-04-09,Consumer,Marketplace
C002807,Karan Kapoor,Female,20,Hyderabad,Hyderabad,2025-06-12,Consumer,Paid Search
C002808,Sneha Reddy,Male,36,Kochi,Kochi,2026-01-20,Consumer,Organic Search
C002809,Kavya Sharma,Non-Binary,46,Mysuru,Mysuru,2024-06-08,Home Office,Organic Search
C002810,Manish Mishra,Female,18,Surat,Surat,2024-04-16,Consumer,Paid Search
C002811,Priya Shah,Male,39,Bhopal,Bhopal,2025-11-07,Consumer,Referral
C002812,Riya Joshi,Non-Binary,27,Visakhapatnam,Visakhapatnam,2024-10-01,Consumer,Social Media
C002813,Reyansh Verma,Female,29,Coimbatore,Coimbatore,2024-03-27,Consumer,Paid Search
C002814,Diya Rao,Female,44,Ahmedabad,Ahmedabad,2023-02-10,Consumer,Organic Search
C002815,Sneha Reddy,Female,39,Patna,Patna,2024-09-28,Consumer,Marketplace
C002816,Vivaan Chopra,Female,52,Kolkata,Kolkata,2025-09-12,Small Business,Social Media
C002817,Manish Verma,Male,22,Mumbai,Mumbai,2025-10-31,Home Office,Social Media
C002818,Pooja Rao,Male,34,Nagpur,Nagpur,2024-11-29,Corporate,Social Media
C002819,Vivaan Mishra,Male,18,Guwahati,Guwahati,2025-03-21,Consumer,Paid Search
C002820,Sneha Kapoor,Female,37,Kochi,Kochi,2023-01-27,Consumer,Organic Search
C002821,Vivaan Iyer,Female,39,Jaipur,Jaipur,2024-11-04,Consumer,Referral
C002822,Nikhil Shah,Male,18,Delhi,Delhi,2024-07-03,Small Business,Social Media
C002823,Nisha Verma,Female,18,Bengaluru,Bengaluru,2022-04-21,Consumer,Paid Search
C002824,Reyansh Iyer,Female,30,Bhopal,Bhopal,2023-04-29,Consumer,Organic Search
C002825,Aditya Gupta,Female,18,Mumbai,Mumbai,2024-02-13,Consumer,Paid Search
C002826,Nikhil Nair,Male,20,Lucknow,Lucknow,2024-07-20,Consumer,Paid Search
C002827,Kabir Malhotra,Female,34,Nagpur,Nagpur,2022-07-04,Corporate,Paid Search
C002828,Priya Malhotra,Male,32,Surat,Surat,2022-06-21,Home Office,Organic Search
C002829,REYANSH YADAV,Male,41,Jaipur,Jaipur,2022-06-16,Corporate,Marketplace
C002830,Ananya Yadav,Male,45,Kolkata,Kolkata,2024-02-26,Consumer,Paid Search
C002831,Vikram Chopra,Female,43,Surat,Surat,2023-03-17,Consumer,Email
C002832,Aarav Sharma,Female,18,Kolkata,Kolkata,2022-10-05,Consumer,Social Media
C002833,Priya Iyer,Male,38,Bengaluru,Bengaluru,2025-10-23,Consumer,Referral
C002834,Karan Mehta,Female,25,Gurugram,Gurugram,2023-08-08,Consumer,Organic Search
C002835,Tanya Das,Female,35,Patna,Patna,2024-05-13,Home Office,Referral
C002836,Rahul Verma,Female,38,Bhubaneswar,Bhubaneswar,2026-06-18,Consumer,Organic Search
C002837,Nisha Patel,Female,24,Ahmedabad,Ahmedabad,2023-02-03,Corporate,Social Media
C002838,Riya Iyer,Male,24,Bhubaneswar,Bhubaneswar,2024-09-19,Consumer,Marketplace
C002839,Aditi Malhotra,Male,32,Ahmedabad,Ahmedabad,2023-05-13,Consumer,Organic Search
C002840,Kabir Sharma,Male,40,Kolkata,Kolkata,2024-11-23,Home Office,Paid Search
C002841,Kavya Rao,Female,23,Bhopal,Bhopal,2026-03-17,Consumer,Organic Search
C002842,Aarav Patel,Male,35,Indore,Indore,2026-02-04,Consumer,Email
C002843,Ishaan Iyer,Male,25,Kolkata,Kolkata,2025-07-16,Corporate,Affiliate
C002844,Sanya Malhotra,Male,34,Guwahati,Guwahati,2022-02-09,Consumer,Marketplace
C002845,Aarav Kumar,Male,18,Lucknow,Lucknow,2025-06-19,Consumer,Organic Search
C002846,Sanya Joshi,Female,23,Surat,Surat,2023-01-28,Consumer,Organic Search
C002847,Meera Mishra,Male,37,Mumbai,Mumbai,2024-12-02,Consumer,Social Media
C002848,Nikhil Rao,Female,43,Surat,Surat,2023-01-18,Consumer,Paid Search
C002849,Kavya Iyer,Female,35,Ahmedabad,Ahmedabad,2024-12-03,Consumer,Paid Search
C002850,Riya Malhotra,Male,43,Chennai,Chennai,2026-05-11,Small Business,Organic Search
C002851,Kavya Patel,Female,18,Pune,Pune,2022-05-17,Consumer,Organic Search
C002852,Ananya Joshi,Male,22,Indore,Indore,2024-06-12,Consumer,Paid Search
C002853,Manish Sharma,Female,38,Indore,Indore,2026-06-06,Consumer,Paid Search
C002854,Varun Rao,Female,29,Indore,Indore,2025-09-30,Consumer,Referral
C002855,Priya Chopra,Female,45,Mumbai,Mumbai,2022-09-13,Consumer,Organic Search
C002856,Pooja Kumar,Male,25,Kolkata,Kolkata,2023-07-12,Corporate,Organic Search
C002857,Karan Bose,Male,54,Ahmedabad,Ahmedabad,2022-08-10,Consumer,Social Media
C002858,Rahul Malhotra,Female,32,Lucknow,Lucknow,2024-08-26,Consumer,Social Media
C002859,Sanya Chopra,Male,39,Ahmedabad,Ahmedabad,2023-07-28,Corporate,Marketplace
C002860,Pooja Iyer,Female,34,Jaipur,Jaipur,2023-10-15,Corporate,Social Media
C002861,Unknown,Male,33,Hyderabad,Hyderabad,2026-02-28,Consumer,Paid Search
C002862,Arjun Gupta,Male,60,Kolkata,Kolkata,2023-05-22,Consumer,Referral
C002863,Karan Kapoor,Female,36,Chandigarh,Chandigarh,2025-10-03,Consumer,Organic Search
C002864,Nisha Bose,Male,30,Nagpur,Nagpur,2024-07-05,Consumer,Social Media
C002865,Sanya Kumar,Male,26,Coimbatore,Coimbatore,2025-12-09,Consumer,Paid Search
C002866,Aditi Joshi,Female,50,Lucknow,Lucknow,2024-02-27,Consumer,Marketplace
C002867,Vivaan Reddy,Female,29,Bengaluru,Bengaluru,2022-03-20,Consumer,Paid Search
C002868,Priya Reddy,Unknown,27,Hyderabad,Hyderabad,2022-07-29,Consumer,Referral
C002869,Kavya Reddy,Male,41,Kochi,Kochi,2024-05-01,Small Business,Social Media
C002870,Varun Mishra,Male,30,Nagpur,Nagpur,2026-05-16,Consumer,Paid Search
C002871,Ananya Kumar,Female,27,Coimbatore,Coimbatore,2024-10-23,Home Office,Organic Search
C002872,Kavya Yadav,Male,35,Chennai,Chennai,2025-01-01,Small Business,Organic Search
C002873,Sneha Mishra,Male,31,Kochi,Kochi,2024-05-20,Corporate,Email
C002874,Kabir Chopra,Female,24,Bhubaneswar,Bhubaneswar,2026-06-07,Consumer,Social Media
C002875,Rahul Bose,Male,22,Bhopal,Bhopal,2022-05-23,Consumer,Paid Search
C002876,Krishna Patel,Male,21,Bhubaneswar,Bhubaneswar,2025-11-14,Consumer,Paid Search
C002877,Sneha Rao,Female,30,Hyderabad,Hyderabad,2022-07-21,Consumer,Organic Search
C002878,Aditi Nair,Male,18,Gurugram,Gurugram,2023-09-05,Small Business,Organic Search
C002879,Sneha Mishra,Male,18,Gurugram,Gurugram,2022-08-31,Home Office,Social Media
C002880,Diya Joshi,Female,27,Bhubaneswar,Bhubaneswar,2022-09-03,Corporate,Social Media
C002881,Ananya Mehta,Male,47,Indore,Indore,2025-05-23,Consumer,Email
C002882,Isha Das,Male,34,Coimbatore,Coimbatore,2024-10-14,Consumer,Social Media
C002883,Rahul Mehta,Male,40,Nagpur,Nagpur,2024-09-11,Home Office,Social Media
C002884,Aditi Verma,Male,35,Ahmedabad,Ahmedabad,2025-03-03,Corporate,Marketplace
C002885,Sanya Kumar,Male,28,Pune,Pune,2022-08-25,Consumer,Social Media
C002886,Vikram Das,Male,48,Patna,Patna,2025-11-08,Consumer,Organic Search
C002887,Aarav Iyer,Female,37,Mysuru,Mysuru,2023-02-06,Corporate,Social Media
C002888,Manish Das,Female,19,Visakhapatnam,Visakhapatnam,2025-10-14,Corporate,Social Media
C002889,Tanya Sharma,Male,32,Visakhapatnam,Visakhapatnam,2025-10-30,Corporate,Marketplace
C002890,Meera Kapoor,Male,23,Ahmedabad,Ahmedabad,2024-08-08,Consumer,Paid Search
C002891,Kavya Sharma,Male,38,Visakhapatnam,Visakhapatnam,2026-03-12,Consumer,Organic Search
C002892,Ananya Patel,Female,22,Kolkata,Kolkata,2025-09-06,Consumer,Paid Search
C002893,Isha Chopra,Male,31,Coimbatore,Coimbatore,2022-04-25,Corporate,Social Media
C002894,Arjun Sharma,Male,50,Bengaluru,Bengaluru,2023-08-16,Consumer,Social Media
C002895,Nisha Bose,Male,24,Surat,Surat,2023-06-17,Corporate,Paid Search
C002896,Meera Gupta,Male,20,Jaipur,Jaipur,2023-08-17,Corporate,Affiliate
C002897,Kavya Das,Female,43,Chandigarh,Chandigarh,2025-03-24,Consumer,Social Media
C002898,Tanya Iyer,Male,32,Indore,Indore,2026-02-22,Consumer,Organic Search
C002899,Aarav Rao,Male,53,Visakhapatnam,Visakhapatnam,2022-12-23,Consumer,Paid Search
C002900,Sanya Sharma,Male,34,Kochi,Kochi,2025-10-04,Consumer,Organic Search
C002901,Siddharth Sharma,Male,19,Bengaluru,Bengaluru,2025-08-16,Corporate,Organic Search
C002902,Aditya Verma,Female,20,Bengaluru,Bengaluru,2024-03-29,Consumer,Referral
C002903,Diya Mishra,Male,45,Patna,Patna,2023-12-15,Small Business,Marketplace
C002904,Rahul Kapoor,Female,25,Noida,Noida,2023-03-16,Consumer,Referral
C002905,Ananya Malhotra,Female,20,Bhopal,Bhopal,,Consumer,Social Media
C002906,Ishaan Verma,Male,36,Chennai,Chennai,2025-10-04,Consumer,Marketplace
C002907,Kavya Bose,Female,25,Hyderabad,Hyderabad,2023-08-17,Corporate,Organic Search
C002908,Riya Malhotra,Female,37,Gurugram,Gurugram,2026-04-14,Home Office,Organic Search
C002909,Sanya Rao,Male,32,Mysuru,Mysuru,2024-07-09,Consumer,Organic Search
C002910,Aditi Shah,Male,33,Noida,Noida,2022-01-28,Consumer,Organic Search
C002911,Reyansh Mehta,Male,32,Bhubaneswar,Bhubaneswar,2022-01-21,Small Business,Organic Search
C002912,Aditya Rao,Female,36,Hyderabad,Hyderabad,2026-01-17,Corporate,Organic Search
C002913,Varun Sharma,Male,40,Patna,Patna,2025-02-28,Small Business,Organic Search
C002914,Ananya Iyer,Female,41,Delhi,Delhi,2022-04-10,Consumer,Marketplace
C002915,Aditya Kapoor,Male,26,Indore,Indore,2025-10-22,Consumer,Paid Search
C002916,Rohan Reddy,Female,53,Kochi,Kochi,2026-05-04,Consumer,Organic Search
C002917,Karan Rao,Male,37,Chandigarh,Chandigarh,2025-01-20,Consumer,Marketplace
C002918,Priya Chopra,Male,29,Patna,Patna,2025-06-19,Consumer,Email
C002919,Reyansh Joshi,Female,30,Patna,Patna,2025-01-17,Consumer,Referral
C002920,Tanya Joshi,Female,58,Mysuru,Mysuru,2024-09-12,Consumer,Social Media
C002921,Sanya Nair,Female,27,Patna,Patna,2022-01-18,Consumer,Social Media
C002922,Riya Shah,Non-Binary,35,Lucknow,Lucknow,2024-03-28,Home Office,Social Media
C002923,Pooja Rao,Male,38,Kolkata,Kolkata,2025-07-16,Consumer,Organic Search
C002924,Arjun Singh,Male,32,Nagpur,Nagpur,2022-10-09,Consumer,Organic Search
C002925,Krishna Das,Male,18,Mumbai,Mumbai,2025-12-22,Consumer,Organic Search
C002926,Vikram Singh,Female,23,Chennai,Chennai,2023-10-12,Home Office,Marketplace
C002927,Aditya Kapoor,Female,30,Chandigarh,Chandigarh,2022-03-24,Small Business,Organic Search
C002928,Ishaan Nair,Female,60,Lucknow,Lucknow,2024-02-05,Consumer,Social Media
C002929,Meera Singh,Male,18,Chennai,Chennai,2023-09-01,Consumer,Paid Search
C002930,Karan Bose,Female,34,Jaipur,Jaipur,2024-05-23,Corporate,Paid Search
C002931,Rahul Joshi,Male,30,Kolkata,Kolkata,2024-11-08,Consumer,Affiliate
C002932,Vivaan Joshi,Male,38,Patna,Patna,2022-05-13,Home Office,Organic Search
C002933,Sanya Joshi,Male,22,Coimbatore,Coimbatore,2026-05-26,Small Business,Marketplace
C002934,Varun Patel,Male,21,Kochi,Kochi,2024-01-19,Consumer,Referral
C002935,Krishna Rao,Female,18,Visakhapatnam,Visakhapatnam,2026-03-08,Home Office,Email
C002936,Varun Mehta,Male,24,Mysuru,Mysuru,2023-06-23,Consumer,Marketplace
C002937,Tanya Nair,Female,52,Jaipur,Jaipur,2025-04-17,Small Business,Organic Search
C002938,Ishaan Singh,Male,18,Ahmedabad,Ahmedabad,2022-06-15,Consumer,Organic Search
C002939,Aditya Mehta,Male,35,Nagpur,Nagpur,2022-11-28,Home Office,Referral
C002940,Diya Iyer,Male,55,Guwahati,Guwahati,2022-08-09,Consumer,Paid Search
C002941,Rohan Reddy,Male,18,Ahmedabad,Ahmedabad,2024-05-22,Consumer,Affiliate
C002942,Nisha Nair,Female,30,Visakhapatnam,Visakhapatnam,2023-07-23,Consumer,Email
C002943,Priya Yadav,Male,35,Kochi,Kochi,2024-10-02,Corporate,Email
C002944,Rohan Rao,Male,43,Mysuru,Mysuru,2024-10-19,Consumer,Organic Search
C002945,Siddharth Mishra,Female,18,Kolkata,Kolkata,2024-05-01,Small Business,Marketplace
C002946,Ananya Rao,Female,34,Hyderabad,Hyderabad,2025-08-24,Consumer,Social Media
C002947,Nikhil Kumar,Male,33,Bengaluru,Bengaluru,2025-05-22,Consumer,Referral
C002948,Karan Rao,Female,48,Visakhapatnam,Visakhapatnam,2023-07-07,Home Office,Social Media
C002949,Priya Joshi,Unknown,39,Mumbai,Mumbai,2023-06-15,Consumer,Social Media
C002950,Sanya Singh,Male,18,Surat,Surat,2024-01-08,Consumer,Social Media
C002951,Manish Singh,Male,24,Coimbatore,Coimbatore,2022-10-13,Consumer,Organic Search
C002952,Riya Yadav,Female,50,Chennai,Chennai,2023-09-20,Corporate,Social Media
C002953,Riya Das,Female,47,Gurugram,Gurugram,2023-01-17,Consumer,Organic Search
C002954,Ishaan Joshi,Female,43,Surat,Surat,2024-04-11,Consumer,Paid Search
C002955,Neha Joshi,Female,32,Hyderabad,Hyderabad,2022-07-05,Consumer,Organic Search
C002956,Rahul Shah,Female,25,Nagpur,Nagpur,2022-11-25,Consumer,Social Media
C002957,Neha Iyer,Female,18,Gurugram,Gurugram,2023-07-13,Corporate,Paid Search
C002958,Siddharth Yadav,Male,35,Visakhapatnam,Visakhapatnam,2023-07-21,Consumer,Email
C002959,Aarav Verma,Female,49,Mysuru,Mysuru,2026-04-24,Home Office,Marketplace
C002960,Aarav Kapoor,Male,47,Chennai,Chennai,2024-10-13,Consumer,Paid Search
C002961,Reyansh Rao,Male,44,Gurugram,Gurugram,2023-11-22,Corporate,Social Media
C002962,Varun Reddy,Female,42,Kochi,Kochi,2026-06-28,Consumer,Referral
C002963,Neha Verma,Female,40,Gurugram,Gurugram,2022-03-05,Corporate,Marketplace
C002964,Ananya Iyer,Female,43,Noida,Noida,2023-11-13,Consumer,Paid Search
C002965,Aarav Iyer,Female,35,Guwahati,Guwahati,2024-09-26,Consumer,Organic Search
C002966,Sneha Verma,Male,33,Mysuru,Mysuru,2025-02-14,Corporate,Social Media
C002967,Sanya Iyer,Male,30,Surat,Surat,2026-01-07,Consumer,Paid Search
C002968,Kabir Kumar,Male,23,Guwahati,Guwahati,2023-12-15,Consumer,Referral
C002969,Tanya Gupta,Male,48,Patna,Patna,2024-10-22,Consumer,Social Media
C002970,Diya Rao,Male,31,Kochi,Kochi,2023-12-07,Consumer,Email
C002971,Siddharth Singh,Female,42,Delhi,Delhi,2025-03-07,Consumer,Organic Search
C002972,Kabir Shah,Male,37,Mysuru,Mysuru,2025-05-12,Consumer,Affiliate
C002973,Siddharth Mehta,Male,29,Pune,Pune,2024-07-14,Corporate,Organic Search
C002974,Pooja Rao,Male,32,Noida,Noida,2024-06-03,Home Office,Referral
C002975,Reyansh Shah,Female,28,Patna,Patna,2025-11-08,Corporate,Email
C002976,Reyansh Patel,Male,23,Coimbatore,Coimbatore,2024-02-04,Consumer,Affiliate
C002977,Vivaan Das,Female,43,Bhubaneswar,Bhubaneswar,2025-10-25,Consumer,Social Media
C002978,Kavya Kapoor,Female,35,Indore,Indore,2023-01-01,Consumer,Paid Search
C002979,Rahul Kumar,Male,46,Delhi,Delhi,2024-01-07,Consumer,Social Media
C002980,Kavya Nair,Female,25,Jaipur,Jaipur,2025-12-15,Consumer,Email
C002981,Ananya Mishra,Male,33,Patna,Patna,2022-02-08,Consumer,Organic Search
C002982,Nikhil Verma,Male,30,Nagpur,Nagpur,2026-03-05,Corporate,Paid Search
C002983,Kabir Rao,Male,34,Lucknow,Lucknow,,Consumer,Affiliate
C002984,Diya Yadav,Female,41,Coimbatore,Coimbatore,2025-01-29,Consumer,Social Media
C002985,Siddharth Das,Male,33,Kochi,Kochi,2025-10-01,Consumer,Organic Search
C002986,Tanya Iyer,Male,25,Chandigarh,Chandigarh,2026-06-11,Small Business,Marketplace
C002987,Nikhil Iyer,Male,36,Ahmedabad,Ahmedabad,,Small Business,Affiliate
C002988,Aditi Das,Female,39,Chandigarh,Chandigarh,2023-05-25,Consumer,Referral
C002989,Sneha Mishra,Male,28,Coimbatore,Coimbatore,2023-09-23,Corporate,Organic Search
C002990,Manish Sharma,Female,45,Chandigarh,Chandigarh,2024-06-20,Consumer,Organic Search
C002991,Nikhil Yadav,Female,33,Bhopal,Bhopal,2024-06-26,Consumer,Marketplace
C002992,Sanya Das,Female,26,Kochi,Kochi,2023-03-01,Home Office,Email
C002993,Reyansh Singh,Male,32,Visakhapatnam,Visakhapatnam,2026-01-30,Consumer,Email
C002994,Meera Kapoor,Male,33,Visakhapatnam,Visakhapatnam,2024-09-28,Consumer,Organic Search
C002995,Ananya Singh,Male,40,Visakhapatnam,Visakhapatnam,2024-11-01,Consumer,Social Media
C002996,Nikhil Chopra,Female,23,Chennai,Chennai,2026-02-02,Consumer,Organic Search
C002997,Priya Mishra,Female,18,Mumbai,Mumbai,2022-07-03,Consumer,Paid Search
C002998,Priya Das,Male,35,Mysuru,Mysuru,2024-06-24,Consumer,Organic Search
C002999,Isha Bose,Male,41,Surat,Surat,2023-02-16,Corporate,Social Media
C003000,Varun Yadav,Female,29,Delhi,Delhi,2026-02-06,Consumer,Email
C003001,Karan Malhotra,Male,37,Bengaluru,Bengaluru,2023-09-19,Small Business,Social Media
C003002,Reyansh Patel,Male,31,Bengaluru,Bengaluru,2024-07-18,Home Office,Organic Search
C003003,Ananya Mishra,Female,30,Bhopal,Bhopal,2024-04-24,Consumer,Paid Search
C003004,Sanya Verma,Male,24,Coimbatore,Coimbatore,2026-04-02,Consumer,Email
C003005,Sneha Chopra,Male,31,Noida,Noida,2025-09-05,Consumer,Paid Search
C003006,Nikhil Nair,Male,34,Delhi,Delhi,2026-07-06,Consumer,Social Media
C003007,Aarav Bose,Non-Binary,44,Bengaluru,Bengaluru,2024-03-17,Consumer,Email
C003008,Vikram Iyer,Male,22,Nagpur,Nagpur,2026-02-28,Home Office,Email
C003009,Sanya Reddy,Male,18,Chandigarh,Chandigarh,2026-02-12,Corporate,Referral
C003010,Kavya Chopra,Male,45,Bengaluru,Bengaluru,2024-04-14,Consumer,Paid Search
C003011,Meera Patel,Male,33,Visakhapatnam,Visakhapatnam,2023-05-10,Consumer,Affiliate
C003012,Aarav Verma,Male,56,Noida,Noida,2025-08-16,Consumer,Marketplace
C003013,Meera Yadav,Male,28,Surat,Surat,2022-07-12,Consumer,Organic Search
C003014,Nisha Malhotra,Female,18,Jaipur,Jaipur,2024-07-22,Consumer,Paid Search
C003015,Isha Mishra,Female,49,Ahmedabad,Ahmedabad,2022-08-01,Corporate,Social Media
C003016,Kabir Das,Male,39,Jaipur,Jaipur,2022-09-29,Consumer,Paid Search
C003017,Riya Kumar,Female,52,Mysuru,Mysuru,2023-04-02,Consumer,Organic Search
C003018,Kabir Yadav,Female,34,Jaipur,Jaipur,2025-04-14,Consumer,Organic Search
C003019,Krishna Mishra,Female,43,Visakhapatnam,Visakhapatnam,2022-04-03,Home Office,Organic Search
C003020,Arjun Kumar,Male,39,Pune,Pune,2024-08-06,Corporate,Organic Search
C003021,Aditi Joshi,Male,34,Delhi,Delhi,2024-03-03,Consumer,Referral
C003022,Aditya Malhotra,Female,22,Ahmedabad,Ahmedabad,2023-11-11,Consumer,Organic Search
C003023,Neha Rao,Female,41,Noida,Noida,2022-10-12,Consumer,Organic Search
C003024,TANYA RAO,Female,44,Nagpur,Nagpur,2026-06-13,Home Office,Paid Search
C003025,Vivaan Kumar,Female,32,Pune,Pune,2023-08-05,Corporate,Organic Search
C003026,Isha Bose,Female,41,Chandigarh,Chandigarh,2022-04-16,Consumer,Paid Search
C003027,Rahul Das,Female,55,Mysuru,Mysuru,2023-05-04,Consumer,Organic Search
C003028,Aditya Mehta,Male,29,Bengaluru,Bengaluru,2024-10-28,Home Office,Paid Search
C003029,Meera Gupta,Male,35,Delhi,Delhi,2024-05-04,Corporate,Social Media
C003030,Rahul Chopra,Female,35,Ahmedabad,Ahmedabad,2022-09-20,Consumer,Marketplace
C003031,Ishaan Sharma,Female,34,Surat,Surat,2023-10-02,Consumer,Organic Search
C003032,Siddharth Sharma,Female,30,Chandigarh,Chandigarh,2022-11-30,Corporate,Social Media
C003033,Kabir Chopra,Male,39,Nagpur,Nagpur,2022-09-14,Corporate,Social Media
C003034,Varun Bose,Female,40,Ahmedabad,Ahmedabad,2025-12-06,Corporate,Social Media
C003035,Tanya Kapoor,Female,20,Mumbai,Mumbai,2025-10-06,Corporate,Paid Search
C003036,Meera Patel,Male,30,Bhubaneswar,Bhubaneswar,2023-08-17,Home Office,Paid Search
C003037,Vikram Rao,Male,41,Mumbai,Mumbai,2023-12-12,Corporate,Referral
C003038,Aditya Rao,Male,18,Hyderabad,Hyderabad,2024-05-21,Consumer,Email
C003039,Sneha Nair,Female,38,Visakhapatnam,Visakhapatnam,2023-09-28,Consumer,Email
C003040,Aditi Malhotra,Female,35,Bengaluru,Bengaluru,2024-10-04,Home Office,Organic Search
C003041,Riya Verma,Male,40,Bengaluru,Bengaluru,2022-08-16,Consumer,Referral
C003042,Manish Iyer,Female,23,Gurugram,Gurugram,2023-06-22,Home Office,Organic Search
C003043,Kavya Kumar,Female,42,Pune,Pune,2024-11-12,Home Office,Organic Search
C003044,Isha Rao,Female,48,Nagpur,Nagpur,2024-11-27,Small Business,Social Media
C003045,Arjun Kapoor,Male,25,Indore,Indore,2026-07-15,Small Business,Organic Search
C003046,Isha Das,Male,32,Indore,Indore,2026-07-30,Corporate,Organic Search
C003047,Ananya Rao,Female,29,Mumbai,Mumbai,2022-10-08,Consumer,Email
C003048,Reyansh Nair,Female,29,Mysuru,Mysuru,2023-01-13,Consumer,Paid Search
C003049,Isha Kumar,Male,18,Surat,Surat,2023-05-14,Consumer,Organic Search
C003050,Rohan Iyer,Male,34,Jaipur,Jaipur,2024-12-02,Corporate,Affiliate
C003051,Aarav Patel,Male,25,Visakhapatnam,Visakhapatnam,2023-03-11,Consumer,Paid Search
C003052,Diya Das,Male,36,Ahmedabad,Ahmedabad,2022-06-06,Consumer,Referral
C003053,Nisha Mehta,Female,36,Chandigarh,Chandigarh,2023-07-04,Corporate,Email
C003054,Siddharth Mehta,Male,26,Visakhapatnam,Visakhapatnam,2023-08-01,Consumer,Marketplace
C003055,Pooja Reddy,Female,43,Patna,Patna,2023-01-30,Consumer,Social Media
C003056,Tanya Verma,Female,30,Chandigarh,Chandigarh,2024-07-24,Consumer,Marketplace
C003057,Tanya Patel,Male,19,Pune,Pune,2025-03-22,Consumer,Organic Search
C003058,Kabir Das,Female,29,Coimbatore,Coimbatore,2025-02-24,Consumer,Organic Search
C003059,Arjun Shah,Male,46,Ahmedabad,Ahmedabad,2024-08-08,Home Office,Referral
C003060,Riya Verma,Female,29,Chennai,Chennai,2025-12-11,Consumer,Paid Search
C003061,Varun Kumar,Male,26,Guwahati,Guwahati,2024-09-28,Home Office,Referral
C003062,Kabir Iyer,Male,34,Lucknow,Lucknow,2023-10-02,Consumer,Marketplace
C003063,Pooja Chopra,Male,36,Visakhapatnam,Visakhapatnam,2023-02-05,Consumer,Paid Search
C003064,Neha Kapoor,Male,26,Indore,Indore,2022-02-02,Corporate,Organic Search
C003065,Aditya Patel,Female,39,Mumbai,Mumbai,2022-10-16,Home Office,Social Media
C003066,Meera Gupta,Female,43,Chandigarh,Chandigarh,2022-06-14,Consumer,Email
C003067,Vivaan Sharma,Male,37,Mysuru,Mysuru,2025-03-28,Corporate,Marketplace
C003068,Riya Patel,Female,36,Unknown,Unknown,2022-08-01,Home Office,Organic Search
C003069,Nisha Kumar,Female,31,Bengaluru,Bengaluru,2022-05-23,Corporate,Social Media
C003070,Krishna Mehta,Male,48,Chandigarh,Chandigarh,2022-06-14,Corporate,Social Media
C003071,Riya Sharma,Female,31,Hyderabad,Hyderabad,2022-01-14,Consumer,Paid Search
C003072,Kabir Verma,Female,28,Indore,Indore,2022-07-02,Consumer,Organic Search
C003073,priya mehta,Female,54,Kochi,Kochi,2024-05-23,Consumer,Email
C003074,Kavya Shah,Female,19,Surat,Surat,2025-03-21,Corporate,Organic Search
C003075,Riya Iyer,Male,39,Chennai,Chennai,2022-06-26,Consumer,Referral
C003076,Siddharth Mishra,Female,53,Mumbai,Mumbai,2024-06-15,Consumer,Organic Search
C003077,Diya Chopra,Female,34,Chennai,Chennai,2023-04-07,Consumer,Referral
C003078,Vikram Joshi,Male,34,Surat,Surat,2026-01-27,Consumer,Paid Search
C003079,Riya Yadav,Male,35,Nagpur,Nagpur,2023-05-12,Corporate,Email
C003080,Karan Verma,Female,34,Noida,Noida,2023-02-07,Consumer,Social Media
C003081,Aditi Malhotra,Female,18,Bhopal,Bhopal,2022-05-26,Home Office,Referral
C003082,Priya Malhotra,Male,48,Bhubaneswar,Bhubaneswar,2022-12-02,Consumer,Organic Search
C003083,Varun Mehta,Male,52,Mysuru,Mysuru,2023-10-03,Consumer,Social Media
C003084,Krishna Mehta,Male,32,Patna,Patna,2023-01-22,Small Business,Organic Search
C003085,Sneha Yadav,Male,18,Guwahati,Guwahati,2026-01-28,Corporate,Marketplace
C003086,Tanya Singh,Male,37,Lucknow,Lucknow,2025-05-10,Corporate,Paid Search
C003087,Sneha Shah,Male,37,Pune,Pune,2024-12-06,Consumer,Referral
C003088,Varun Nair,Male,31,Bhubaneswar,Bhubaneswar,2023-07-16,Consumer,Paid Search
C003089,Vikram Rao,Male,39,Hyderabad,Hyderabad,2022-07-17,Corporate,Paid Search
C003090,Vikram Malhotra,Male,43,Patna,Patna,2024-05-20,Consumer,Social Media
C003091,Sneha Sharma,Female,40,Indore,Indore,2022-01-14,Corporate,Affiliate
C003092,Vivaan Verma,Male,18,Bhubaneswar,Bhubaneswar,2022-10-08,Consumer,Organic Search
C003093,Diya Mehta,Female,36,Delhi,Delhi,2025-09-27,Consumer,Social Media
C003094,Tanya Shah,Female,48,Hyderabad,Hyderabad,2022-04-23,Consumer,Paid Search
C003095,Siddharth Gupta,Female,42,Gurugram,Gurugram,2023-01-02,Consumer,Referral
C003096,Kabir Mehta,Female,25,Delhi,Delhi,2023-04-23,Consumer,Referral
C003097,Nisha Rao,Male,53,Hyderabad,Hyderabad,2024-06-20,Consumer,Marketplace
C003098,Karan Iyer,Male,18,Bhubaneswar,Bhubaneswar,2025-09-09,Consumer,Paid Search
C003099,Pooja Verma,Male,31,Lucknow,Lucknow,2025-11-30,Consumer,Organic Search
C003100,Diya Malhotra,Female,45,Bhopal,Bhopal,2026-07-05,Corporate,Social Media
C003101,Meera Patel,Male,18,Mysuru,Mysuru,2023-11-11,Consumer,Organic Search
C003102,Siddharth Singh,Female,34,Guwahati,Guwahati,2026-01-02,Consumer,Organic Search
C003103,Arjun Sharma,Female,31,Ahmedabad,Ahmedabad,2025-05-31,Corporate,Marketplace
C003104,Reyansh Iyer,Female,48,Visakhapatnam,Visakhapatnam,2022-06-11,Consumer,Social Media
C003105,Vivaan Gupta,Female,67,Jaipur,Jaipur,2024-07-15,Consumer,Marketplace
C003106,Siddharth Mishra,Female,42,Ahmedabad,Ahmedabad,2022-02-05,Small Business,Referral
C003107,Diya Yadav,Male,48,Chennai,Chennai,2022-05-03,Consumer,Paid Search
C003108,Nikhil Bose,Male,28,Bengaluru,Bengaluru,2025-10-29,Corporate,Organic Search
C003109,Riya Yadav,Female,54,Mysuru,Mysuru,2023-10-20,Consumer,Organic Search
C003110,Kabir Das,Male,40,Mysuru,Mysuru,2023-03-08,Consumer,Social Media
C003111,Pooja Chopra,Female,21,Bengaluru,Bengaluru,2026-01-02,Consumer,Referral
C003112,Vivaan Reddy,Female,24,Hyderabad,Hyderabad,2025-02-24,Consumer,Paid Search
C003113,Aditi Malhotra,Male,49,Chennai,Chennai,2023-11-22,Consumer,Referral
C003114,Nikhil Rao,Male,41,Ahmedabad,Ahmedabad,2022-03-20,Consumer,Organic Search
C003115,Aarav Joshi,Female,48,Jaipur,Jaipur,2026-02-10,Corporate,Referral
C003116,Ananya Kapoor,Male,36,Pune,Pune,2025-05-30,Consumer,Organic Search
C003117,Ishaan Kapoor,Female,33,Pune,Pune,2024-05-06,Corporate,Social Media
C003118,Rohan Iyer,Female,48,Delhi,Delhi,2023-05-05,Small Business,Referral
C003119,Nisha Nair,Male,43,Patna,Patna,2023-07-28,Consumer,Referral
C003120,Priya Joshi,Male,37,Patna,Patna,2024-09-30,Corporate,Paid Search
C003121,Pooja Singh,Female,24,Jaipur,Jaipur,2022-11-21,Consumer,Referral
C003122,Vikram Kumar,Male,40,Delhi,Delhi,2024-06-07,Small Business,Referral
C003123,Isha Chopra,Female,37,Gurugram,Gurugram,2022-10-17,Home Office,Paid Search
C003124,Kavya Singh,Male,22,Chennai,Chennai,2023-05-25,Corporate,Marketplace
C003125,Nisha Shah,Female,33,Bengaluru,Bengaluru,2025-08-01,Corporate,Email
C003126,Aditya Singh,Male,33,Chandigarh,Chandigarh,2023-03-16,Consumer,Social Media
C003127,Rohan Mishra,Female,18,Nagpur,Nagpur,2026-01-02,Home Office,Organic Search
C003128,Ananya Kapoor,Male,38,Jaipur,Jaipur,2024-08-16,Small Business,Paid Search
C003129,Nisha Das,Male,43,Bengaluru,Bengaluru,2023-09-25,Consumer,Paid Search
C003130,Aditya Bose,Female,47,Indore,Indore,2024-09-17,Consumer,Social Media
C003131,Vikram Kapoor,Male,18,Lucknow,Lucknow,2024-02-09,Small Business,Organic Search
C003132,Sneha Yadav,Male,34,Visakhapatnam,Visakhapatnam,2024-06-13,Home Office,Paid Search
C003133,Rohan Reddy,Female,49,Pune,Pune,2025-03-15,Consumer,Referral
C003134,Aarav Rao,Male,33,Lucknow,Lucknow,2024-01-04,Home Office,Paid Search
C003135,Rohan Shah,Female,31,Gurugram,Gurugram,2025-09-10,Small Business,Affiliate
C003136,Manish Kumar,Male,33,Lucknow,Lucknow,2025-04-20,Consumer,Social Media
C003137,Vikram Malhotra,Non-Binary,41,Chandigarh,Chandigarh,2025-07-19,Corporate,Organic Search
C003138,Rahul Rao,Male,42,Guwahati,Guwahati,2026-06-13,Home Office,Paid Search
C003139,Meera Sharma,Male,46,Mumbai,Mumbai,2023-03-27,Home Office,Paid Search
C003140,Varun Verma,Male,23,Guwahati,Guwahati,2026-06-12,Corporate,Affiliate
C003141,Nisha Verma,Male,22,Bhubaneswar,Bhubaneswar,2025-05-11,Corporate,Organic Search
C003142,Neha Malhotra,Male,18,Mumbai,Mumbai,2023-04-12,Consumer,Affiliate
C003143,Tanya Reddy,Female,30,Indore,Indore,2024-10-22,Consumer,Social Media
C003144,Ananya Iyer,Male,18,Hyderabad,Hyderabad,2022-09-29,Consumer,Paid Search
C003145,Karan Mishra,Male,41,Delhi,Delhi,2025-05-28,Home Office,Social Media
C003146,Reyansh Chopra,Male,18,Ahmedabad,Ahmedabad,2022-10-21,Consumer,Social Media
C003147,Sneha Kapoor,Female,34,Chandigarh,Chandigarh,2023-11-20,Consumer,Affiliate
C003148,Tanya Nair,Male,28,Chandigarh,Chandigarh,2022-10-07,Consumer,Social Media
C003149,Reyansh Iyer,Female,18,Hyderabad,Hyderabad,2023-07-20,Small Business,Organic Search
C003150,Ananya Gupta,Female,32,Noida,Noida,2023-03-11,Consumer,Referral
C003151,Aditi Das,Male,25,Patna,Patna,2024-06-02,Small Business,Social Media
C003152,Vivaan Verma,Female,34,Surat,Surat,2022-09-12,Corporate,Organic Search
C003153,Tanya Malhotra,Male,18,Coimbatore,Coimbatore,2025-02-06,Consumer,Paid Search
C003154,Isha Singh,Female,25,Kolkata,Kolkata,2023-07-26,Consumer,Social Media
C003155,Siddharth Mehta,Female,35,Hyderabad,Hyderabad,2022-02-06,Consumer,Paid Search
C003156,Kabir Mishra,Female,26,Gurugram,Gurugram,2024-03-18,Consumer,Paid Search
C003157,Ishaan Kumar,Female,42,Noida,Noida,2024-11-18,Home Office,Organic Search
C003158,Pooja Malhotra,Male,25,Bhubaneswar,Bhubaneswar,2022-05-17,Corporate,Paid Search
C003159,Vikram Shah,Female,32,Kochi,Kochi,2024-07-14,Small Business,Email
C003160,Sneha Patel,Non-Binary,18,Bengaluru,Bengaluru,2025-11-21,Consumer,Organic Search
C003161,Reyansh Malhotra,Male,40,Patna,Patna,2025-07-04,Corporate,Paid Search
C003162,Varun Kapoor,Female,29,Visakhapatnam,Visakhapatnam,2023-04-19,Corporate,Organic Search
C003163,Vikram Singh,Female,47,Noida,Noida,2022-09-29,Small Business,Organic Search
C003164,Karan Singh,Male,35,Mysuru,Mysuru,2025-07-06,Small Business,Email
C003165,Nisha Rao,Female,45,Bengaluru,Bengaluru,,Consumer,Paid Search
C003166,Nisha Yadav,Male,35,Guwahati,Guwahati,2025-01-21,Consumer,Organic Search
C003167,Priya Gupta,Female,38,Guwahati,Guwahati,2022-05-30,Consumer,Referral
C003168,Ananya Kapoor,Male,50,Jaipur,Jaipur,2025-08-28,Corporate,Social Media
C003169,Aarav Malhotra,Male,18,Kolkata,Kolkata,2024-04-07,Consumer,Paid Search
C003170,Isha Patel,Female,46,Kochi,Kochi,2026-07-29,Consumer,Social Media
C003171,Diya Sharma,Male,32,Chennai,Chennai,2023-12-20,Consumer,Social Media
C003172,Ishaan Iyer,Female,51,Surat,Surat,2025-11-11,Consumer,Paid Search
C003173,Sanya Sharma,Male,25,Mumbai,Mumbai,2023-01-06,Small Business,Organic Search
C003174,Manish Iyer,Male,39,Guwahati,Guwahati,2026-04-19,Consumer,Paid Search
C003175,Nikhil Nair,Non-Binary,43,Bhubaneswar,Bhubaneswar,2025-09-12,Consumer,Organic Search
C003176,Nisha Kapoor,Female,34,Visakhapatnam,Visakhapatnam,2024-01-26,Consumer,Organic Search
C003177,Krishna Verma,Female,40,Jaipur,Jaipur,2022-11-18,Consumer,Referral
C003178,Rohan Rao,Female,18,Indore,Indore,2026-05-09,Home Office,Marketplace
C003179,Aditi Malhotra,Male,35,Patna,Patna,2025-01-05,Home Office,Social Media
C003180,Neha Singh,Female,27,Jaipur,Jaipur,2025-05-15,Consumer,Email
C003181,Ananya Verma,Male,22,Jaipur,Jaipur,2025-04-16,Consumer,Organic Search
C003182,Nisha Bose,Male,30,Patna,Patna,2024-04-14,Small Business,Organic Search
C003183,Varun Chopra,Female,39,Nagpur,Nagpur,2022-07-31,Home Office,Marketplace
C003184,Aarav Patel,Male,22,Bhopal,Bhopal,2023-08-16,Consumer,Marketplace
C003185,Pooja Das,Female,51,Guwahati,Guwahati,2024-05-20,Consumer,Paid Search
C003186,Meera Iyer,Male,34,Visakhapatnam,Visakhapatnam,2025-02-18,Small Business,Social Media
C003187,Pooja Yadav,Male,30,Nagpur,Nagpur,2024-10-14,Consumer,Organic Search
C003188,Aditya Singh,Male,43,Bhopal,Bhopal,2022-08-03,Home Office,Paid Search
C003189,Siddharth Mehta,Male,41,Chandigarh,Chandigarh,2026-06-05,Consumer,Marketplace
C003190,Varun Mishra,Female,37,Ahmedabad,Ahmedabad,2022-07-26,Consumer,Organic Search
C003191,Nikhil Joshi,Female,49,Guwahati,Guwahati,2023-02-26,Home Office,Referral
C003192,Diya Joshi,Male,36,Surat,Surat,2026-04-19,Corporate,Social Media
C003193,Sneha Chopra,Male,37,Patna,Patna,2024-10-23,Consumer,Referral
C003194,Unknown,Female,26,Noida,Noida,2025-07-28,Consumer,Email
C003195,Krishna Bose,Male,43,Mumbai,Mumbai,2022-01-27,Consumer,Social Media
C003196,Tanya Mehta,Female,19,Mysuru,Mysuru,,Consumer,Paid Search
C003197,Manish Gupta,Female,18,Coimbatore,Coimbatore,2023-04-14,Consumer,Email
C003198,Aditya Das,Male,19,Pune,Pune,2026-06-08,Consumer,Social Media
C003199,Sneha Mishra,Male,49,Nagpur,Nagpur,2026-03-30,Corporate,Referral
C003200,Nikhil Malhotra,Female,34,Ahmedabad,Ahmedabad,2025-11-28,Consumer,Organic Search
C003201,Riya Gupta,Female,18,Mysuru,Mysuru,2022-04-24,Consumer,Organic Search
C003202,Aarav Chopra,Female,34,Mysuru,Mysuru,2025-12-01,Home Office,Social Media
C003203,Siddharth Mehta,Female,52,Chennai,Chennai,2024-03-23,Consumer,Social Media
C003204,Neha Gupta,Male,24,Chennai,Chennai,2023-11-12,Consumer,Referral
C003205,Karan Verma,Male,35,Gurugram,Gurugram,2026-02-23,Small Business,Organic Search
C003206,Sneha Reddy,Male,68,Bengaluru,Bengaluru,2023-08-17,Home Office,Organic Search
C003207,Vivaan Joshi,Non-Binary,18,Bhopal,Bhopal,2025-06-03,Consumer,Organic Search
C003208,Manish Mishra,Female,32,Noida,Noida,2024-03-09,Consumer,Organic Search
C003209,Manish Chopra,Female,41,Noida,Noida,2023-08-17,Corporate,Social Media
C003210,Sanya Joshi,Female,18,Delhi,Delhi,2022-05-18,Consumer,Paid Search
C003211,Varun Verma,Male,32,Chennai,Chennai,2022-01-02,Consumer,Paid Search
C003212,Arjun Rao,Female,34,Noida,Noida,2023-09-08,Consumer,Organic Search
C003213,Krishna Joshi,Female,21,Mysuru,Mysuru,2023-06-06,Consumer,Social Media
C003214,Karan Joshi,Female,42,Gurugram,Gurugram,2024-03-08,Consumer,Social Media
C003215,Priya Das,Female,35,Ahmedabad,Ahmedabad,2023-07-15,Corporate,Referral
C003216,Manish Kapoor,Female,28,Surat,Surat,2026-05-29,Consumer,Affiliate
C003217,Ishaan Gupta,Female,40,Patna,Patna,2025-10-01,Consumer,Social Media
C003218,Kabir Kumar,Male,45,Patna,Patna,2023-02-07,Consumer,Organic Search
C003219,Sanya Sharma,Male,34,Bhubaneswar,Bhubaneswar,2026-06-05,Consumer,Paid Search
C003220,Isha Yadav,Male,35,Patna,Patna,2024-02-14,Consumer,Affiliate
C003221,Ananya Yadav,Male,38,Pune,Pune,2024-06-29,Corporate,Social Media
C003222,Nisha Kapoor,Male,44,Pune,Pune,2022-04-19,Consumer,Social Media
C003223,Riya Nair,Female,29,Guwahati,Guwahati,2024-03-14,Consumer,Marketplace
C003224,Krishna Reddy,Male,54,Hyderabad,Hyderabad,2023-08-05,Consumer,Organic Search
C003225,Tanya Rao,Male,32,Mysuru,Mysuru,2023-02-19,Consumer,Affiliate
C003226,Aditya Singh,Male,36,Visakhapatnam,Visakhapatnam,2025-03-14,Home Office,Referral
C003227,Tanya Singh,Female,36,Guwahati,Guwahati,2025-07-26,Consumer,Email
C003228,Rohan Nair,Male,18,Coimbatore,Coimbatore,2024-10-10,Consumer,Email
C003229,Kavya Mehta,Male,56,Chandigarh,Chandigarh,2024-03-10,Consumer,Organic Search
C003230,Ishaan Reddy,Female,31,Surat,Surat,2024-10-07,Consumer,Organic Search
C003231,Tanya Verma,Male,47,Ahmedabad,Ahmedabad,2024-08-02,Small Business,Marketplace
C003232,Nikhil Reddy,Male,41,Gurugram,Gurugram,2024-09-12,Home Office,Paid Search
C003233,Tanya Rao,Male,30,Visakhapatnam,Visakhapatnam,2022-06-04,Consumer,Organic Search
C003234,Vivaan Nair,Male,48,Noida,Noida,2022-11-10,Corporate,Paid Search
C003235,Aditi Patel,Female,32,Guwahati,Guwahati,2025-10-28,Home Office,Email
C003236,Vivaan Mehta,Female,26,Mysuru,Mysuru,2025-11-03,Consumer,Marketplace
C003237,Aditi Rao,Female,35,Gurugram,Gurugram,2024-11-15,Small Business,Organic Search
C003238,Diya Gupta,Female,33,Kolkata,Kolkata,2024-05-16,Consumer,Email
C003239,Ishaan Yadav,Female,51,Pune,Pune,2023-08-24,Consumer,Paid Search
C003240,Diya Gupta,Female,38,Pune,Pune,2025-06-30,Home Office,Email
C003241,Neha Mehta,Male,50,Nagpur,Nagpur,2024-04-17,Consumer,Social Media
C003242,Krishna Iyer,Female,37,Mumbai,Mumbai,2023-06-20,Home Office,Organic Search
C003243,Ishaan Kapoor,Male,48,Surat,Surat,2022-10-25,Consumer,Organic Search
C003244,Sneha Verma,Male,45,Nagpur,Nagpur,2022-03-10,Consumer,Organic Search
C003245,Priya Singh,Female,34,Noida,Noida,2026-02-15,Consumer,Referral
C003246,Pooja Malhotra,Female,33,Mysuru,Mysuru,2023-02-09,Consumer,Marketplace
C003247,Rahul Rao,Male,28,Patna,Patna,2023-09-19,Consumer,Marketplace
C003248,Meera Mishra,Female,53,Bengaluru,Bengaluru,2026-02-26,Corporate,Referral
C003249,Nisha Mehta,Female,28,Bengaluru,Bengaluru,2023-06-07,Consumer,Email
C003250,Nisha Das,Female,18,Coimbatore,Coimbatore,2025-05-17,Consumer,Organic Search
C003251,Neha Yadav,Male,40,Jaipur,Jaipur,2023-07-27,Consumer,Social Media
C003252,Meera Yadav,Male,51,Bhopal,Bhopal,2026-07-01,Consumer,Organic Search
C003253,Aarav Verma,Female,18,Indore,Indore,2022-08-27,Consumer,Paid Search
C003254,Neha Shah,Male,30,Kolkata,Kolkata,2026-05-22,Home Office,Organic Search
C003255,Arjun Iyer,Male,28,Kolkata,Kolkata,2025-02-10,Consumer,Paid Search
C003256,Aarav Kumar,Male,35,Guwahati,Guwahati,2022-08-19,Corporate,Organic Search
C003257,Aarav Malhotra,Female,29,Chandigarh,Chandigarh,2026-03-27,Home Office,Marketplace
C003258,Sneha Iyer,Female,41,Patna,Patna,2026-02-26,Corporate,Referral
C003259,Karan Singh,Male,46,Kolkata,Kolkata,2022-01-12,Consumer,Paid Search
C003260,Sanya Joshi,Female,47,Hyderabad,Hyderabad,2022-01-09,Consumer,Paid Search
C003261,Sneha Shah,Female,18,Coimbatore,Coimbatore,2023-09-30,Corporate,Organic Search
C003262,Aarav Gupta,Female,33,Noida,Noida,2022-09-26,Consumer,Organic Search
C003263,Ishaan Singh,Male,57,Ahmedabad,Ahmedabad,2025-04-18,Consumer,Email
C003264,Karan Patel,Male,44,Nagpur,Nagpur,2025-01-04,Consumer,Marketplace
C003265,Varun Gupta,Female,30,Bengaluru,Bengaluru,2023-08-19,Small Business,Marketplace
C003266,Kavya Kumar,Female,30,Indore,Indore,2024-07-13,Corporate,Email
C003267,Sneha Sharma,Male,45,Pune,Pune,2025-01-21,Consumer,Organic Search
C003268,Vivaan Rao,Female,41,Delhi,Delhi,2024-09-27,Corporate,Email
C003269,Siddharth Rao,Female,29,Delhi,Delhi,2024-12-09,Consumer,Social Media
C003270,Kabir Bose,Male,25,Chandigarh,Chandigarh,2022-07-13,Small Business,Paid Search
C003271,Rohan Nair,Female,29,Mysuru,Mysuru,2022-07-30,Consumer,Paid Search
C003272,Kavya Reddy,Female,29,Jaipur,Jaipur,2025-03-11,Consumer,Paid Search
C003273,Meera Singh,Male,31,Visakhapatnam,Visakhapatnam,2024-12-17,Consumer,Organic Search
C003274,Aditi Joshi,Female,22,Bengaluru,Bengaluru,2026-06-29,Home Office,Paid Search
C003275,Arjun Kumar,Female,30,Gurugram,Gurugram,2025-02-06,Consumer,Paid Search
C003276,Arjun Reddy,Male,37,Nagpur,Nagpur,2023-12-02,Home Office,Social Media
C003277,Diya Malhotra,Female,34,Indore,Indore,2026-07-07,Consumer,Referral
C003278,Pooja Nair,Female,35,Hyderabad,Hyderabad,2026-04-01,Corporate,Social Media
C003279,Riya Kumar,Male,37,Jaipur,Jaipur,2024-02-04,Consumer,Referral
C003280,Nisha Patel,Female,36,Pune,Pune,2024-04-19,Consumer,Paid Search
C003281,Tanya Malhotra,Female,18,Mumbai,Mumbai,2025-02-05,Home Office,Organic Search
C003282,Rohan Reddy,Male,32,Bengaluru,Bengaluru,2026-04-23,Consumer,Social Media
C003283,Priya Malhotra,Female,40,Nagpur,Nagpur,2026-02-17,Consumer,Social Media
C003284,Nisha Singh,Female,38,Bhopal,Bhopal,2026-05-30,Home Office,Referral
C003285,Krishna Patel,Male,43,Bengaluru,Bengaluru,2026-07-16,Home Office,Email
C003286,Arjun Mehta,Female,34,Guwahati,Guwahati,2024-11-12,Consumer,Affiliate
C003287,Karan Singh,Female,31,Pune,Pune,2025-03-16,Consumer,Affiliate
C003288,Sneha Yadav,Male,25,Coimbatore,Coimbatore,2023-08-26,Consumer,Marketplace
C003289,Neha Malhotra,Male,26,Mysuru,Mysuru,2025-08-07,Consumer,Social Media
C003290,Rahul Shah,Female,51,Noida,Noida,2023-05-24,Consumer,Paid Search
C003291,Manish Kapoor,Male,38,Bhopal,Bhopal,2025-05-14,Consumer,Organic Search
C003292,Reyansh Sharma,Male,18,Guwahati,Guwahati,2022-08-25,Consumer,Referral
C003293,Siddharth Mishra,Male,39,Surat,Surat,2023-10-19,Consumer,Organic Search
C003294,Sanya Das,Unknown,40,Pune,Pune,2026-03-12,Consumer,Paid Search
C003295,Karan Nair,Male,18,Visakhapatnam,Visakhapatnam,2025-02-08,Home Office,Marketplace
C003296,Ishaan Iyer,Male,26,Kolkata,Kolkata,2024-07-16,Consumer,Unknown
C003297,Vivaan Kumar,Female,44,Kochi,Kochi,2023-04-01,Home Office,Email
C003298,Reyansh Das,Male,32,Bhopal,Bhopal,2024-01-08,Consumer,Email
C003299,Sanya Nair,Female,35,Guwahati,Guwahati,2026-01-29,Consumer,Social Media
C003300,Rohan Gupta,Male,26,Hyderabad,Hyderabad,2023-04-24,Consumer,Social Media
C003301,Arjun Patel,Male,29,Kolkata,Kolkata,2022-04-20,Small Business,Social Media
C003302,Neha Rao,Female,39,Pune,Pune,2026-04-05,Consumer,Marketplace
C003303,Arjun Patel,Female,33,Pune,Pune,2024-08-24,Home Office,Social Media
C003304,Priya Reddy,Female,27,Mysuru,Mysuru,2025-02-01,Corporate,Paid Search
C003305,Vikram Shah,Male,35,Guwahati,Guwahati,2023-11-24,Home Office,Referral
C003306,Nisha Kapoor,Male,18,Lucknow,Lucknow,2023-07-30,Consumer,Email
C003307,Arjun Bose,Male,40,Visakhapatnam,Visakhapatnam,2022-06-24,Consumer,Social Media
C003308,Vivaan Kumar,Male,32,Visakhapatnam,Visakhapatnam,2026-07-26,Home Office,Organic Search
C003309,Pooja Mishra,Female,27,Visakhapatnam,Visakhapatnam,2025-12-25,Consumer,Paid Search
C003310,Vivaan Joshi,Female,41,Nagpur,Nagpur,2025-03-17,Consumer,Unknown
C003311,Tanya Gupta,Male,28,Hyderabad,Hyderabad,2025-11-10,Corporate,Paid Search
C003312,Pooja Chopra,Male,25,Nagpur,Nagpur,2022-05-15,Consumer,Paid Search
C003313,NISHA PATEL,Female,30,Bhubaneswar,Bhubaneswar,2026-02-20,Consumer,Email
C003314,Ishaan Das,Male,34,Nagpur,Nagpur,2026-06-10,Consumer,Paid Search
C003315,Riya Reddy,Female,29,Bengaluru,Bengaluru,2022-07-02,Home Office,Marketplace
C003316,Ananya Das,Male,31,Indore,Indore,2023-08-12,Corporate,Social Media
C003317,Meera Verma,Male,53,Chennai,Chennai,2023-06-05,Consumer,Paid Search
C003318,Manish Reddy,Male,31,Gurugram,Gurugram,2022-08-03,Consumer,Affiliate
C003319,Tanya Yadav,Male,18,Chennai,Chennai,2025-02-05,Home Office,Marketplace
C003320,Aarav Sharma,Female,44,Delhi,Delhi,2025-02-27,Corporate,Paid Search
C003321,Varun Kapoor,Male,49,Lucknow,Lucknow,2023-06-14,Small Business,Paid Search
C003322,Arjun Bose,Male,30,Chennai,Chennai,2022-09-10,Consumer,Organic Search
C003323,Ananya Yadav,Male,27,Ahmedabad,Ahmedabad,2022-10-26,Corporate,Referral
C003324,Tanya Singh,Female,33,Patna,Patna,2023-01-12,Consumer,Referral
C003325,Neha Singh,Female,55,Bhopal,Bhopal,2026-03-22,Consumer,Marketplace
C003326,Ishaan Malhotra,Male,18,Noida,Noida,2025-12-28,Corporate,Social Media
C003327,Aditya Reddy,Female,39,Chandigarh,Chandigarh,2022-04-06,Consumer,Paid Search
C003328,Neha Malhotra,Female,55,Indore,Indore,2022-12-02,Corporate,Paid Search
C003329,Vivaan Gupta,Male,27,Kolkata,Kolkata,2026-06-28,Consumer,Paid Search
C003330,Priya Verma,Female,39,Guwahati,Guwahati,2026-04-29,Consumer,Paid Search
C003331,Ishaan Iyer,Male,33,Patna,Patna,2023-03-17,Consumer,Email
C003332,Vikram Reddy,Male,47,Hyderabad,Hyderabad,2022-10-05,Consumer,Social Media
C003333,Aditi Bose,Male,30,Mumbai,Mumbai,2023-09-18,Small Business,Paid Search
C003334,Aarav Verma,Female,26,Noida,Noida,2023-06-10,Consumer,Email
C003335,Nikhil Nair,Male,38,Nagpur,Nagpur,2023-04-06,Consumer,Referral
C003336,Kabir Nair,Male,42,Bhubaneswar,Bhubaneswar,2025-07-05,Consumer,Affiliate
C003337,Krishna Verma,Male,48,Jaipur,Jaipur,2023-11-29,Small Business,Email
C003338,Sanya Mishra,Female,32,Lucknow,Lucknow,2023-04-06,Consumer,Organic Search
C003339,Tanya Das,Female,36,Delhi,Delhi,2026-07-15,Consumer,Paid Search
C003340,Nisha Joshi,Female,31,Delhi,Delhi,2022-11-14,Home Office,Affiliate
C003341,Sneha Kumar,Male,45,Surat,Surat,2024-05-24,Corporate,Organic Search
C003342,Karan Mehta,Female,47,Lucknow,Lucknow,2025-12-18,Corporate,Paid Search
C003343,Vivaan Iyer,Male,44,Nagpur,Nagpur,2025-11-25,Consumer,Referral
C003344,Nikhil Verma,Male,51,Chennai,Chennai,2025-08-17,Consumer,Referral
C003345,Ishaan Das,Male,43,Coimbatore,Coimbatore,2026-01-22,Consumer,Social Media
C003346,Siddharth Sharma,Female,41,Indore,Indore,2024-03-14,Consumer,Paid Search
C003347,Kabir Iyer,Male,36,Chennai,Chennai,2022-05-01,Consumer,Paid Search
C003348,Pooja Mishra,Male,30,Noida,Noida,2022-03-29,Consumer,Affiliate
C003349,Varun Kapoor,Male,33,Guwahati,Guwahati,2025-12-26,Consumer,Organic Search
C003350,Vikram Verma,Male,31,Chennai,Chennai,2024-08-19,Home Office,Paid Search
C003351,Nisha Nair,Female,31,Gurugram,Gurugram,2025-06-24,Consumer,Social Media
C003352,Nikhil Iyer,Male,33,Ahmedabad,Ahmedabad,2025-01-03,Corporate,Social Media
C003353,Sneha Mehta,Male,37,Delhi,Delhi,,Corporate,Paid Search
C003354,Meera Yadav,Male,42,Mysuru,Mysuru,2023-01-09,Consumer,Referral
C003355,Aditi Malhotra,Female,32,Noida,Noida,2023-03-26,Small Business,Email
C003356,Aditi Shah,Male,47,Kochi,Kochi,2023-02-20,Consumer,Paid Search
C003357,Isha Chopra,Female,46,Patna,Patna,2022-06-05,Corporate,Paid Search
C003358,Aditya Rao,Male,22,Ahmedabad,Ahmedabad,2025-10-05,Corporate,Organic Search
C003359,Meera Sharma,Female,43,Chandigarh,Chandigarh,2022-09-22,Corporate,Paid Search
C003360,Aarav Nair,Female,34,Visakhapatnam,Visakhapatnam,2026-04-30,Consumer,Social Media
C003361,Tanya Joshi,Female,37,Nagpur,Nagpur,2023-05-08,Corporate,Referral
C003362,Siddharth Nair,Female,42,Noida,Noida,2025-05-09,Home Office,Marketplace
C003363,Kabir Mishra,Male,38,Hyderabad,Hyderabad,2023-09-02,Consumer,Organic Search
C003364,Neha Verma,Female,38,Pune,Pune,2025-09-28,Corporate,Paid Search
C003365,Vivaan Das,Female,28,Hyderabad,Hyderabad,2022-12-15,Home Office,Paid Search
C003366,Varun Malhotra,Female,18,Pune,Pune,2025-02-05,Consumer,Paid Search
C003367,Priya Chopra,Female,32,Delhi,Delhi,2022-08-10,Consumer,Organic Search
C003368,Krishna Yadav,Female,37,Gurugram,Gurugram,2026-03-15,Consumer,Paid Search
C003369,Diya Bose,Male,40,Kolkata,Kolkata,2026-02-25,Corporate,Marketplace
C003370,Vikram Singh,Female,19,Bengaluru,Bengaluru,2023-07-24,Corporate,Email
C003371,Karan Nair,Female,35,Pune,Pune,2025-03-07,Consumer,Referral
C003372,Meera Bose,Male,31,Kolkata,Kolkata,2025-12-04,Consumer,Paid Search
C003373,Neha Nair,Female,54,Hyderabad,Hyderabad,2026-02-24,Corporate,Social Media
C003374,Ishaan Reddy,Female,40,Bengaluru,Bengaluru,2026-05-09,Consumer,Marketplace
C003375,Rohan Mishra,Female,28,Surat,Surat,2023-09-07,Home Office,Organic Search
C003376,Meera Bose,Male,39,Hyderabad,Hyderabad,2023-12-04,Consumer,Paid Search
C003377,Rahul Bose,Male,26,Patna,Patna,2023-03-12,Consumer,Paid Search
C003378,Ananya Gupta,Female,39,Bengaluru,Bengaluru,2025-07-16,Consumer,Organic Search
C003379,Riya Gupta,Male,48,Kolkata,Kolkata,2022-12-20,Small Business,Organic Search
C003380,Nisha Mehta,Male,52,Nagpur,Nagpur,2023-04-21,Consumer,Social Media
C003381,Neha Kumar,Female,41,Noida,Noida,2025-12-13,Small Business,Organic Search
C003382,Karan Joshi,Female,49,Indore,Indore,2026-01-28,Consumer,Affiliate
C003383,Vikram Bose,Female,34,Bhubaneswar,Bhubaneswar,2022-06-24,Small Business,Paid Search
C003384,Aditya Verma,Female,45,Surat,Surat,2023-09-23,Consumer,Organic Search
C003385,Ishaan Singh,Male,46,Surat,Surat,2023-10-12,Consumer,Social Media
C003386,Kabir Reddy,Female,42,Guwahati,Guwahati,2024-07-10,Small Business,Email
C003387,Aditya Kumar,Non-Binary,21,Lucknow,Lucknow,2023-11-12,Consumer,Email
C003388,Karan Kapoor,Female,34,Chandigarh,Chandigarh,2022-05-18,Consumer,Organic Search
C003389,Ishaan Kapoor,Male,35,Visakhapatnam,Visakhapatnam,2023-04-09,Consumer,Organic Search
C003390,Karan Iyer,Female,18,Delhi,Delhi,2022-10-06,Small Business,Email
C003391,Ishaan Sharma,Male,47,Hyderabad,Hyderabad,2023-03-23,Consumer,Affiliate
C003392,Sneha Rao,Male,36,Surat,Surat,2022-06-09,Consumer,Organic Search
C003393,Isha Sharma,Male,19,Indore,Indore,2025-12-01,Consumer,Organic Search
C003394,Krishna Kumar,Female,46,Patna,Patna,2023-01-28,Consumer,Referral
C003395,Meera Rao,Male,29,Patna,Patna,2023-05-10,Small Business,Paid Search
C003396,Reyansh Chopra,Male,57,Pune,Pune,2023-06-21,Unknown,Social Media
C003397,Sanya Rao,Male,23,Noida,Noida,2024-11-03,Consumer,Email
C003398,ADITI REDDY,Female,22,Bhopal,Bhopal,2023-07-06,Small Business,Marketplace
C003399,Karan Shah,Male,36,Guwahati,Guwahati,2024-12-28,Consumer,Paid Search
C003400,Diya Patel,Female,54,Pune,Pune,2022-08-22,Consumer,Email
C003401,Diya Singh,Male,21,Surat,Surat,2022-09-23,Corporate,Marketplace
C003402,Meera Yadav,Female,41,Gurugram,Gurugram,2022-08-21,Consumer,Paid Search
C003403,Priya Rao,Male,22,Hyderabad,Hyderabad,2022-04-02,Home Office,Email
C003404,Sneha Joshi,Female,59,Guwahati,Guwahati,2022-09-13,Consumer,Referral
C003405,Nisha Rao,Male,20,Coimbatore,Coimbatore,2022-04-30,Corporate,Social Media
C003406,Riya Shah,Male,22,Jaipur,Jaipur,2025-09-08,Small Business,Paid Search
C003407,Arjun Yadav,Female,32,Visakhapatnam,Visakhapatnam,2026-07-25,Corporate,Referral
C003408,Ishaan Iyer,Male,22,Noida,Noida,2024-04-24,Consumer,Email
C003409,Nikhil Yadav,Male,18,Coimbatore,Coimbatore,2026-06-26,Consumer,Paid Search
C003410,Aditya Shah,Female,25,Jaipur,Jaipur,2023-11-26,Consumer,Email
C003411,Riya Chopra,Female,18,Ahmedabad,Ahmedabad,2026-06-08,Consumer,Social Media
C003412,Nikhil Gupta,Male,24,Guwahati,Guwahati,2025-03-11,Corporate,Email
C003413,Priya Chopra,Male,39,Kochi,Kochi,2025-09-24,Consumer,Referral
C003414,Rahul Das,Male,39,Mumbai,Mumbai,2023-01-05,Consumer,Marketplace
C003415,Reyansh Patel,Female,45,Ahmedabad,Ahmedabad,2022-05-18,Corporate,Organic Search
C003416,Sneha Iyer,Male,35,Jaipur,Jaipur,2025-02-13,Consumer,Referral
C003417,Aarav Singh,Male,23,Bhubaneswar,Bhubaneswar,2024-03-07,Consumer,Social Media
C003418,Rohan Joshi,Male,22,Bhopal,Bhopal,2025-11-24,Consumer,Email
C003419,Ananya Shah,Female,36,Gurugram,Gurugram,2024-02-28,Small Business,Organic Search
C003420,Varun Kapoor,Female,18,Patna,Patna,2022-08-15,Corporate,Marketplace
C003421,Pooja Verma,Male,24,Ahmedabad,Ahmedabad,2024-07-29,Consumer,Paid Search
C003422,Reyansh Malhotra,Male,34,Hyderabad,Hyderabad,2024-02-19,Consumer,Paid Search
C003423,Karan Shah,Female,18,Pune,Pune,2022-12-25,Corporate,Paid Search
C003424,Vivaan Yadav,Male,28,Chandigarh,Chandigarh,2026-06-30,Home Office,Organic Search
C003425,Aarav Mehta,Female,47,Bhopal,Bhopal,2022-03-05,Consumer,Social Media
C003426,Isha Rao,Female,43,Chennai,Chennai,2026-04-18,Corporate,Referral
C003427,Sneha Iyer,Male,29,Chennai,Chennai,2023-05-16,Consumer,Organic Search
C003428,Riya Mishra,Male,44,Surat,Surat,2023-05-31,Home Office,Organic Search
C003429,Meera Kapoor,Male,18,Ahmedabad,Ahmedabad,2024-09-06,Consumer,Organic Search
C003430,Aarav Verma,Male,40,Mumbai,Mumbai,2022-06-26,Consumer,Organic Search
C003431,Diya Bose,Male,49,Bhopal,Bhopal,2023-10-29,Consumer,Marketplace
C003432,Rohan Malhotra,Female,33,Jaipur,Jaipur,2024-08-07,Corporate,Paid Search
C003433,Aditya Patel,Male,28,Mysuru,Mysuru,2023-07-07,Consumer,Social Media
C003434,Reyansh Yadav,Male,37,Patna,Patna,2024-01-25,Consumer,Marketplace
C003435,Ananya Sharma,Male,45,Kolkata,Kolkata,2025-04-12,Consumer,Referral
C003436,Priya Gupta,Female,45,Guwahati,Guwahati,2026-04-13,Corporate,Paid Search
C003437,Neha Mehta,Male,47,Kolkata,Kolkata,2026-05-11,Home Office,Paid Search
C003438,Sneha Iyer,Male,39,Bhopal,Bhopal,2023-04-30,Consumer,Organic Search
C003439,Sneha Gupta,Male,32,Chandigarh,Chandigarh,2025-03-01,Corporate,Organic Search
C003440,Isha Malhotra,Male,32,Noida,Noida,2026-07-10,Corporate,Organic Search
C003441,Aditya Nair,Male,43,Mysuru,Mysuru,2024-07-25,Consumer,Marketplace
C003442,Nikhil Malhotra,Female,42,Coimbatore,Coimbatore,2026-01-24,Corporate,Marketplace
C003443,Priya Singh,Female,26,Bhubaneswar,Bhubaneswar,2025-11-19,Consumer,Marketplace
C003444,Siddharth Mishra,Female,41,Hyderabad,Hyderabad,2024-09-23,Corporate,Marketplace
C003445,Rohan Kumar,Female,26,Chandigarh,Chandigarh,2026-02-20,Home Office,Social Media
C003446,Aarav Shah,Female,18,Unknown,Unknown,2024-11-03,Corporate,Paid Search
C003447,Manish Das,Female,34,Coimbatore,Coimbatore,2025-07-31,Corporate,Organic Search
C003448,Nikhil Kapoor,Male,27,Pune,Pune,2023-04-26,Consumer,Marketplace
C003449,Isha Sharma,Male,25,Hyderabad,Hyderabad,2023-01-25,Consumer,Social Media
C003450,Karan Shah,Male,43,Delhi,Delhi,2024-04-07,Consumer,Social Media
C003451,Aarav Reddy,Female,26,Coimbatore,Coimbatore,2022-12-24,Corporate,Paid Search
C003452,Karan Sharma,Female,38,Coimbatore,Coimbatore,2023-12-10,Consumer,Organic Search
C003453,Nikhil Nair,Female,37,Bengaluru,Bengaluru,2026-04-07,Consumer,Organic Search
C003454,Sanya Bose,Female,18,Mumbai,Mumbai,2023-09-17,Consumer,Organic Search
C003455,Siddharth Bose,Male,31,Kochi,Kochi,2025-05-02,Corporate,Marketplace
C003456,Karan Singh,Male,35,Ahmedabad,Ahmedabad,2025-05-05,Small Business,Paid Search
C003457,Aditya Sharma,Male,42,Jaipur,Jaipur,2023-08-27,Corporate,Social Media
C003458,Ishaan Mehta,Female,51,Lucknow,Lucknow,2022-01-04,Consumer,Organic Search
C003459,Varun Shah,Female,25,Nagpur,Nagpur,2025-10-23,Consumer,Marketplace
C003460,Aarav Mehta,Female,18,Jaipur,Jaipur,2024-12-05,Consumer,Paid Search
C003461,Diya Chopra,Female,31,Patna,Patna,2023-07-26,Consumer,Social Media
C003462,Manish Yadav,Female,40,Jaipur,Jaipur,2022-03-02,Corporate,Affiliate
C003463,Aarav Das,Female,40,Lucknow,Lucknow,2023-05-15,Home Office,Email
C003464,Riya Gupta,Male,43,Ahmedabad,Ahmedabad,2026-03-22,Consumer,Paid Search
C003465,Tanya Mehta,Male,34,Mysuru,Mysuru,2024-10-12,Consumer,Referral
C003466,Krishna Yadav,Male,38,Delhi,Delhi,2025-08-08,Consumer,Organic Search
C003467,Priya Yadav,Male,40,Kochi,Kochi,2022-10-16,Small Business,Paid Search
C003468,Nikhil Rao,Female,37,Pune,Pune,2024-07-15,Consumer,Organic Search
C003469,Siddharth Verma,Female,32,Bengaluru,Bengaluru,2023-07-01,Corporate,Marketplace
C003470,Pooja Bose,Female,37,Noida,Noida,2025-12-27,Consumer,Affiliate
C003471,Vikram Shah,Female,26,Mysuru,Mysuru,2022-09-30,Consumer,Referral
C003472,Arjun Reddy,Male,25,Bhubaneswar,Bhubaneswar,2024-08-02,Consumer,Marketplace
C003473,Aditi Reddy,Male,24,Chennai,Chennai,2024-06-01,Consumer,Organic Search
C003474,Aditya Yadav,Male,40,Kolkata,Kolkata,2023-11-12,Home Office,Marketplace
C003475,Aditi Das,Female,27,Chandigarh,Chandigarh,2026-03-18,Small Business,Organic Search
C003476,Rahul Sharma,Female,22,Indore,Indore,2022-01-05,Home Office,Marketplace
C003477,Ishaan Mehta,Female,40,Kolkata,Kolkata,2022-11-09,Consumer,Paid Search
C003478,Rahul Gupta,Male,45,Patna,Patna,2025-07-01,Consumer,Social Media
C003479,tanya mehta,Female,37,Lucknow,Lucknow,2024-10-23,Consumer,Referral
C003480,Priya Yadav,Female,23,Visakhapatnam,Visakhapatnam,2026-02-21,Consumer,Organic Search
C003481,Nisha Rao,Female,18,Delhi,Delhi,2024-10-26,Corporate,Unknown
C003482,Aditya Sharma,Female,38,Mumbai,Mumbai,2025-12-11,Consumer,Affiliate
C003483,Arjun Iyer,Female,39,Chennai,Chennai,2023-08-01,Consumer,Email
C003484,Aditya Rao,Male,18,Guwahati,Guwahati,2025-05-30,Consumer,Referral
C003485,Rohan Das,Male,28,Mumbai,Mumbai,2022-12-16,Corporate,Social Media
C003486,Pooja Verma,Female,34,Visakhapatnam,Visakhapatnam,2023-09-22,Corporate,Marketplace
C003487,Nisha Reddy,Female,36,Visakhapatnam,Visakhapatnam,2024-04-05,Consumer,Marketplace
C003488,Ananya Das,Female,20,Guwahati,Guwahati,2022-04-17,Consumer,Paid Search
C003489,Tanya Singh,Female,46,Guwahati,Guwahati,2022-09-19,Consumer,Referral
C003490,Aditi Sharma,Male,33,Bhopal,Bhopal,2023-06-25,Consumer,Social Media
C003491,Nikhil Sharma,Male,40,Jaipur,Jaipur,2025-01-14,Consumer,Social Media
C003492,Sanya Kumar,Female,41,Mumbai,Mumbai,2023-09-05,Corporate,Email
C003493,Pooja Rao,Female,36,Delhi,Delhi,2025-09-09,Consumer,Social Media
C003494,Ananya Bose,Female,30,Indore,Indore,2024-08-11,Consumer,Organic Search
C003495,Riya Chopra,Male,35,Indore,Indore,2022-10-02,Consumer,Social Media
C003496,Riya Joshi,Female,36,Coimbatore,Coimbatore,2022-09-14,Consumer,Social Media
C003497,Rahul Kapoor,Male,48,Hyderabad,Hyderabad,2022-10-18,Consumer,Referral
C003498,Varun Mehta,Female,20,Visakhapatnam,Visakhapatnam,2022-05-06,Home Office,Referral
C003499,Arjun Iyer,Female,25,Kolkata,Kolkata,2025-06-27,Consumer,Organic Search
C003500,Nikhil Gupta,Female,18,Mysuru,Mysuru,2026-01-17,Consumer,Referral
C003501,Pooja Joshi,Male,18,Surat,Surat,2022-02-15,Consumer,Social Media
C003502,Rahul Malhotra,Male,35,Jaipur,Jaipur,2026-04-22,Corporate,Organic Search
C003503,Sneha Das,Female,51,Indore,Indore,2023-08-19,Consumer,Social Media
C003504,Aditya Mishra,Male,37,Chandigarh,Chandigarh,2026-01-08,Consumer,Paid Search
C003505,Arjun Shah,Female,27,Mysuru,Mysuru,2025-02-05,Consumer,Marketplace
C003506,Vivaan Reddy,Male,36,Kolkata,Kolkata,2023-04-27,Home Office,Organic Search
C003507,Ishaan Sharma,Female,18,Surat,Surat,2025-06-06,Consumer,Referral
C003508,Rahul Rao,Male,18,Jaipur,Jaipur,2022-08-16,Consumer,Affiliate
C003509,Sneha Mehta,Male,21,Hyderabad,Hyderabad,2022-08-17,Consumer,Organic Search
C003510,Arjun Sharma,Male,31,Nagpur,Nagpur,2022-03-16,Consumer,Referral
C003511,Krishna Iyer,Female,18,Gurugram,Gurugram,2023-06-24,Consumer,Organic Search
C003512,Sanya Kumar,Female,26,Hyderabad,Hyderabad,2026-02-03,Consumer,Paid Search
C003513,Varun Malhotra,Female,18,Bengaluru,Bengaluru,2024-12-02,Small Business,Social Media
C003514,Rahul Malhotra,Male,18,Coimbatore,Coimbatore,2026-01-11,Corporate,Marketplace
C003515,Reyansh Kapoor,Male,18,Gurugram,Gurugram,2024-10-23,Consumer,Referral
C003516,Pooja Bose,Male,31,Nagpur,Nagpur,2022-06-01,Consumer,Marketplace
C003517,Neha Kumar,Female,33,Bengaluru,Bengaluru,2026-06-29,Small Business,Paid Search
C003518,Riya Mishra,Female,18,Bengaluru,Bengaluru,2023-11-22,Small Business,Paid Search
C003519,Sanya Malhotra,Male,22,Gurugram,Gurugram,2025-08-30,Consumer,Social Media
C003520,nisha rao,Female,57,Lucknow,Lucknow,2022-05-17,Consumer,Referral
C003521,Varun Verma,Male,42,Bhopal,Bhopal,2024-04-15,Consumer,Paid Search
C003522,Diya Verma,Female,18,Lucknow,Lucknow,2022-12-16,Corporate,Social Media
C003523,Riya Gupta,Male,27,Bhubaneswar,Bhubaneswar,2026-01-03,Consumer,Referral
C003524,Vivaan Kapoor,Male,41,Kochi,Kochi,2023-07-26,Consumer,Social Media
C003525,Kavya Iyer,Female,28,Hyderabad,Hyderabad,2025-12-04,Consumer,Paid Search
C003526,Ananya Rao,Female,44,Kolkata,Kolkata,2023-02-20,Consumer,Organic Search
C003527,Siddharth Mishra,Female,26,Chennai,Chennai,2023-07-09,Consumer,Referral
C003528,Isha Gupta,Male,24,Indore,Indore,2023-02-10,Consumer,Social Media
C003529,Reyansh Mishra,Female,43,Chandigarh,Chandigarh,2022-08-30,Consumer,Email
C003530,Arjun Bose,Male,45,Kolkata,Kolkata,2022-04-19,Consumer,Referral
C003531,Vikram Mishra,Male,47,Visakhapatnam,Visakhapatnam,2026-07-18,Home Office,Paid Search
C003532,Sanya Kapoor,Male,32,Bhubaneswar,Bhubaneswar,2024-01-20,Consumer,Social Media
C003533,Aditya Nair,Female,25,Surat,Surat,2024-08-30,Consumer,Affiliate
C003534,Vikram Yadav,Male,30,Bhubaneswar,Bhubaneswar,2023-11-15,Consumer,Email
C003535,Kabir Nair,Male,44,Coimbatore,Coimbatore,2024-07-22,Consumer,Organic Search
C003536,Diya Bose,Female,20,Mumbai,Mumbai,2023-10-30,Home Office,Email
C003537,Nikhil Iyer,Male,66,Ahmedabad,Ahmedabad,2024-07-20,Corporate,Organic Search
C003538,Isha Iyer,Male,30,Chennai,Chennai,2026-06-02,Home Office,Referral
C003539,Manish Gupta,Male,31,Pune,Pune,2024-04-20,Home Office,Organic Search
C003540,Karan Joshi,Male,40,Delhi,Delhi,2024-11-20,Corporate,Affiliate
C003541,Ishaan Bose,Female,28,Ahmedabad,Ahmedabad,2022-04-07,Consumer,Marketplace
C003542,Aarav Malhotra,Female,36,Mysuru,Mysuru,2025-08-11,Corporate,Social Media
C003543,Kabir Kapoor,Male,22,Indore,Indore,2024-08-20,Consumer,Organic Search
C003544,Meera Mishra,Female,28,Bhubaneswar,Bhubaneswar,2025-10-08,Consumer,Social Media
C003545,Ananya Singh,Male,36,Surat,Surat,2026-06-28,Consumer,Social Media
C003546,krishna verma,Female,42,Kolkata,Kolkata,2026-07-17,Home Office,Email
C003547,Vivaan Mishra,Female,18,Coimbatore,Coimbatore,2026-06-01,Home Office,Paid Search
C003548,Reyansh Verma,Female,27,Gurugram,Gurugram,2026-07-29,Corporate,Marketplace
C003549,Priya Sharma,Female,30,Nagpur,Nagpur,2026-05-03,Consumer,Organic Search
C003550,Arjun Joshi,Male,30,Bhubaneswar,Bhubaneswar,2023-02-10,Consumer,Referral
C003551,Reyansh Kumar,Male,30,Gurugram,Gurugram,2025-02-26,Consumer,Marketplace
C003552,Sanya Verma,Non-Binary,41,Lucknow,Lucknow,2022-03-28,Home Office,Organic Search
C003553,Nisha Joshi,Male,39,Nagpur,Nagpur,2025-01-04,Corporate,Organic Search
C003554,Riya Bose,Female,29,Mumbai,Mumbai,2024-04-13,Consumer,Social Media
C003555,Kabir Reddy,Male,41,Pune,Pune,2026-06-02,Consumer,Affiliate
C003556,Meera Rao,Female,29,Gurugram,Gurugram,2022-12-30,Corporate,Paid Search
C003557,Nisha Chopra,Male,45,Guwahati,Guwahati,2023-06-07,Corporate,Social Media
C003558,Aditi Sharma,Female,21,Ahmedabad,Ahmedabad,2025-06-14,Consumer,Paid Search
C003559,Sneha Mehta,Female,32,Chandigarh,Chandigarh,2025-07-26,Consumer,Paid Search
C003560,Manish Mishra,Female,25,Pune,Pune,2024-09-27,Home Office,Paid Search
C003561,Sanya Patel,Female,23,Mysuru,Mysuru,2025-05-21,Consumer,Organic Search
C003562,Aditya Mishra,Female,18,Bhopal,Bhopal,2023-06-06,Consumer,Paid Search
C003563,Nisha Mehta,Male,40,Gurugram,Gurugram,2022-12-19,Corporate,Social Media
C003564,Ishaan Yadav,Female,27,Ahmedabad,Ahmedabad,2024-04-26,Small Business,Paid Search
C003565,Aarav Sharma,Female,47,Jaipur,Jaipur,2023-04-22,Consumer,Referral
C003566,Tanya Gupta,Female,54,Gurugram,Gurugram,2025-05-17,Corporate,Social Media
C003567,Aarav Shah,Male,33,Mysuru,Mysuru,2022-04-28,Consumer,Email
C003568,Nisha Verma,Male,31,Jaipur,Jaipur,2024-10-13,Corporate,Referral
C003569,Krishna Patel,Male,26,Mysuru,Mysuru,2026-03-08,Consumer,Social Media
C003570,Tanya Das,Male,39,Patna,Patna,2022-06-18,Home Office,Paid Search
C003571,Ishaan Yadav,Male,46,Indore,Indore,2026-05-15,Consumer,Organic Search
C003572,Krishna Iyer,Female,26,Jaipur,Jaipur,2025-01-19,Home Office,Paid Search
C003573,Manish Rao,Female,29,Bengaluru,Bengaluru,2026-07-30,Corporate,Marketplace
C003574,Riya Kumar,Female,26,Kochi,Kochi,2025-12-09,Consumer,Organic Search
C003575,Kabir Kumar,Female,18,Visakhapatnam,Visakhapatnam,2024-03-03,Consumer,Organic Search
C003576,Riya Gupta,Female,22,Ahmedabad,Ahmedabad,2024-02-06,Consumer,Referral
C003577,Vikram Shah,Female,39,Hyderabad,Hyderabad,2026-03-29,Small Business,Organic Search
C003578,Sneha Singh,Male,42,Bhubaneswar,Bhubaneswar,2025-01-26,Consumer,Paid Search
C003579,Sneha Singh,Female,50,Coimbatore,Coimbatore,2023-04-14,Consumer,Marketplace
C003580,Diya Chopra,Female,36,Kolkata,Kolkata,2024-01-28,Corporate,Paid Search
C003581,Manish Singh,Female,27,Kolkata,Kolkata,2024-03-24,Consumer,Organic Search
C003582,Kavya Verma,Male,18,Pune,Pune,2023-02-01,Consumer,Marketplace
C003583,Vivaan Sharma,Female,18,Visakhapatnam,Visakhapatnam,2026-02-10,Consumer,Referral
C003584,Neha Das,Female,19,Hyderabad,Hyderabad,2024-11-05,Consumer,Referral
C003585,Siddharth Nair,Female,23,Visakhapatnam,Visakhapatnam,2022-03-27,Consumer,Email
C003586,Riya Chopra,Male,34,Chandigarh,Chandigarh,2026-06-08,Home Office,Marketplace
C003587,Priya Nair,Male,60,Surat,Surat,2022-05-20,Home Office,Email
C003588,Vivaan Das,Male,43,Kolkata,Kolkata,2023-01-14,Home Office,Referral
C003589,Pooja Mehta,Female,21,Pune,Pune,2023-05-14,Consumer,Marketplace
C003590,Meera Joshi,Female,31,Patna,Patna,2026-05-24,Consumer,Referral
C003591,Aarav Mehta,Male,32,Delhi,Delhi,2023-08-20,Small Business,Paid Search
C003592,Manish Kapoor,Female,27,Mysuru,Mysuru,2025-01-31,Corporate,Social Media
C003593,Rahul Mishra,Male,28,Bengaluru,Bengaluru,2024-01-19,Home Office,Marketplace
C003594,Reyansh Nair,Female,48,Coimbatore,Coimbatore,2024-01-23,Consumer,Paid Search
C003595,Rohan Nair,Male,34,Kochi,Kochi,2026-01-05,Corporate,Organic Search
C003596,Sneha Kapoor,Male,23,Indore,Indore,2024-01-13,Home Office,Social Media
C003597,Riya Malhotra,Female,27,Guwahati,Guwahati,2023-01-10,Small Business,Social Media
C003598,Arjun Singh,Male,18,Bhubaneswar,Bhubaneswar,2025-05-10,Home Office,Organic Search
C003599,Kavya Mishra,Male,29,Lucknow,Lucknow,2026-01-05,Corporate,Paid Search
C003600,Tanya Joshi,Female,19,Ahmedabad,Ahmedabad,2025-05-26,Consumer,Paid Search
C003601,Neha Malhotra,Male,18,Pune,Pune,2023-02-12,Consumer,Organic Search
C003602,Krishna Yadav,Male,35,Bengaluru,Bengaluru,2025-01-24,Corporate,Organic Search
C003603,Aditi Kumar,Female,30,Chennai,Chennai,2022-08-13,Consumer,Organic Search
C003604,Vikram Malhotra,Male,44,Kolkata,Kolkata,2024-11-03,Consumer,Social Media
C003605,Kavya Singh,Male,26,Delhi,Delhi,2026-05-19,Consumer,Social Media
C003606,Sneha Kumar,Male,34,Delhi,Delhi,2024-08-29,Corporate,Social Media
C003607,Aarav Nair,Male,35,Bhopal,Bhopal,2022-09-14,Home Office,Social Media
C003608,Pooja Reddy,Male,35,Kolkata,Kolkata,2025-10-19,Consumer,Social Media
C003609,Tanya Bose,Male,37,Noida,Noida,2024-01-29,Consumer,Organic Search
C003610,Kabir Bose,Male,35,Jaipur,Jaipur,2023-04-17,Small Business,Paid Search
C003611,Aarav Malhotra,Male,33,Nagpur,Nagpur,2026-02-27,Home Office,Organic Search
C003612,Rahul Mehta,Female,23,Kolkata,Kolkata,2025-01-01,Consumer,Marketplace
C003613,Sanya Kapoor,Female,20,Mysuru,Mysuru,2026-01-23,Consumer,Referral
C003614,Diya Yadav,Female,45,Bhubaneswar,Bhubaneswar,2025-01-11,Consumer,Organic Search
C003615,Sneha Iyer,Male,41,Kochi,Kochi,2022-03-05,Small Business,Paid Search
C003616,Nisha Mishra,Female,37,Lucknow,Lucknow,2023-12-28,Consumer,Marketplace
C003617,Neha Malhotra,Female,40,Pune,Pune,2026-07-17,Consumer,Paid Search
C003618,Nikhil Chopra,Male,45,Chandigarh,Chandigarh,2024-08-29,Corporate,Social Media
C003619,Tanya Gupta,Female,18,Bhubaneswar,Bhubaneswar,2022-11-14,Corporate,Email
C003620,Priya Gupta,Male,23,Guwahati,Guwahati,2025-10-18,Corporate,Organic Search
C003621,Manish Mishra,Female,60,Hyderabad,Hyderabad,2024-07-07,Consumer,Organic Search
C003622,Aarav Verma,Male,41,Surat,Surat,2022-12-06,Consumer,Marketplace
C003623,Nisha Joshi,Male,19,Nagpur,Nagpur,2025-03-15,Consumer,Paid Search
C003624,Aarav Gupta,Female,43,Chennai,Chennai,2023-06-02,Consumer,Organic Search
C003625,Aditya Chopra,Male,30,Indore,Indore,,Home Office,Organic Search
C003626,Siddharth Reddy,Female,53,Surat,Surat,2022-04-22,Home Office,Social Media
C003627,Riya Shah,Female,39,Indore,Indore,2022-05-28,Consumer,Social Media
C003628,Nikhil Rao,Female,34,Delhi,Delhi,2025-05-15,Consumer,Organic Search
C003629,Rohan Malhotra,Female,42,Delhi,Delhi,2025-01-25,Small Business,Email
C003630,Manish Iyer,Male,45,Guwahati,Guwahati,2022-03-26,Corporate,Paid Search
C003631,Aarav Nair,Female,28,Coimbatore,Coimbatore,2025-05-06,Small Business,Email
C003632,Vivaan Rao,Male,41,Indore,Indore,2023-02-16,Corporate,Organic Search
C003633,Rohan Mishra,Male,40,Chennai,Chennai,2024-03-13,Home Office,Email
C003634,Siddharth Joshi,Female,28,Guwahati,Guwahati,2026-03-18,Consumer,Paid Search
C003635,Meera Das,Female,18,Pune,Pune,2024-10-23,Consumer,Social Media
C003636,Arjun Malhotra,Female,40,Jaipur,Jaipur,2024-12-13,Consumer,Email
C003637,Rahul Sharma,Female,45,Pune,Pune,2022-04-10,Consumer,Social Media
C003638,Varun Kumar,Male,34,Lucknow,Lucknow,,Corporate,Organic Search
C003639,Manish Gupta,Female,38,Kochi,Kochi,2025-05-15,Home Office,Organic Search
C003640,Rohan Iyer,Female,38,Bengaluru,Bengaluru,2026-04-01,Consumer,Marketplace
C003641,Neha Das,Female,35,Gurugram,Gurugram,2026-03-22,Corporate,Paid Search
C003642,Manish Kapoor,Male,18,Pune,Pune,2025-09-28,Consumer,Referral
C003643,Aarav Kumar,Female,35,Nagpur,Nagpur,2024-02-29,Corporate,Social Media
C003644,Vivaan Shah,Female,18,Indore,Indore,2022-09-06,Consumer,Paid Search
C003645,Manish Yadav,Female,44,Jaipur,Jaipur,2025-08-24,Consumer,Email
C003646,Siddharth Chopra,Male,47,Gurugram,Gurugram,2022-11-23,Consumer,Marketplace
C003647,Siddharth Malhotra,Male,45,Lucknow,Lucknow,2026-02-07,Corporate,Organic Search
C003648,Pooja Gupta,Male,30,Chennai,Chennai,2022-03-31,Consumer,Affiliate
C003649,Aditi Malhotra,Female,23,Chandigarh,Chandigarh,2022-01-09,Home Office,Referral
C003650,Sneha Patel,Female,24,Hyderabad,Hyderabad,2024-12-03,Consumer,Paid Search
C003651,Siddharth Verma,Male,33,Jaipur,Jaipur,2024-10-28,Home Office,Referral
C003652,Riya Bose,Female,30,Indore,Indore,2022-09-20,Consumer,Social Media
C003653,Riya Bose,Male,33,Lucknow,Lucknow,2022-12-19,Home Office,Affiliate
C003654,Manish Patel,Male,18,Guwahati,Guwahati,2023-06-18,Small Business,Email
C003655,Aarav Reddy,Male,33,Mumbai,Mumbai,2022-11-08,Consumer,Email
C003656,Tanya Reddy,Male,34,Kolkata,Kolkata,2025-11-24,Consumer,Paid Search
C003657,Diya Iyer,Male,50,Indore,Indore,2025-01-06,Corporate,Marketplace
C003658,Vivaan Rao,Female,26,Kolkata,Kolkata,2023-05-26,Corporate,Social Media
C003659,Tanya Sharma,Male,22,Hyderabad,Hyderabad,2023-12-20,Consumer,Social Media
C003660,Isha Malhotra,Female,35,Hyderabad,Hyderabad,2023-07-09,Consumer,Paid Search
C003661,Siddharth Iyer,Female,33,Pune,Pune,2025-01-11,Small Business,Referral
C003662,Ishaan Mishra,Female,35,Indore,Indore,2026-01-30,Consumer,Organic Search
C003663,Tanya Iyer,Female,25,Surat,Surat,2026-03-25,Consumer,Social Media
C003664,Rahul Mehta,Female,48,Gurugram,Gurugram,2026-05-21,Consumer,Paid Search
C003665,Nisha Yadav,Male,40,Pune,Pune,2022-11-10,Consumer,Organic Search
C003666,Priya Chopra,Male,42,Indore,Indore,2024-11-25,Consumer,Paid Search
C003667,Aarav Rao,Male,50,Nagpur,Nagpur,2024-05-25,Corporate,Social Media
C003668,Diya Reddy,Female,38,Surat,Surat,2024-12-12,Corporate,Affiliate
C003669,Neha Mehta,Male,28,Chandigarh,Chandigarh,2022-04-12,Consumer,Affiliate
C003670,Rohan Nair,Male,45,Pune,Pune,2025-07-25,Consumer,Referral
C003671,Riya Mishra,Male,38,Bhopal,Bhopal,2025-04-03,Consumer,Paid Search
C003672,Pooja Mehta,Male,22,Gurugram,Gurugram,2022-08-28,Corporate,Referral
C003673,Rohan Bose,Female,40,Bhubaneswar,Bhubaneswar,2023-01-07,Home Office,Organic Search
C003674,Priya Verma,Female,25,Jaipur,Jaipur,2024-12-24,Corporate,Social Media
C003675,Reyansh Gupta,Female,43,Pune,Pune,2023-09-09,Consumer,Paid Search
C003676,Kavya Nair,Female,30,Pune,Pune,2023-02-25,Small Business,Social Media
C003677,Diya Gupta,Female,37,Lucknow,Lucknow,2022-07-01,Consumer,Referral
C003678,Reyansh Kapoor,Male,32,Ahmedabad,Ahmedabad,2024-11-21,Corporate,Organic Search
C003679,Varun Kapoor,Female,27,Chennai,Chennai,2024-11-02,Consumer,Paid Search
C003680,Isha Patel,Male,24,Jaipur,Jaipur,2024-05-10,Consumer,Social Media
C003681,Meera Gupta,Male,24,Bhopal,Bhopal,2026-04-28,Consumer,Social Media
C003682,Pooja Verma,Male,36,Guwahati,Guwahati,2024-01-02,Consumer,Marketplace
C003683,Diya Mehta,Male,34,Delhi,Delhi,2024-06-08,Consumer,Marketplace
C003684,Arjun Patel,Male,42,Bengaluru,Bengaluru,2024-06-26,Consumer,Affiliate
C003685,Rahul Gupta,Female,42,Mumbai,Mumbai,2022-02-14,Consumer,Social Media
C003686,Vivaan Mishra,Female,43,Kochi,Kochi,2023-08-20,Consumer,Organic Search
C003687,Rahul Patel,Female,37,Jaipur,Jaipur,2023-05-03,Consumer,Marketplace
C003688,Aditi Gupta,Female,38,Bhubaneswar,Bhubaneswar,2023-10-12,Consumer,Organic Search
C003689,Manish Shah,Male,51,Patna,Patna,2025-05-26,Small Business,Social Media
C003690,Meera Iyer,Female,36,Bhubaneswar,Bhubaneswar,2023-02-14,Corporate,Referral
C003691,Riya Verma,Male,27,Surat,Surat,2022-07-29,Consumer,Paid Search
C003692,Tanya Sharma,Male,39,Bengaluru,Bengaluru,2025-10-12,Consumer,Referral
C003693,Karan Chopra,Female,32,Bhopal,Bhopal,2025-04-25,Home Office,Social Media
C003694,Ishaan Rao,Female,36,Chennai,Chennai,2024-03-18,Consumer,Referral
C003695,Neha Gupta,Male,27,Chennai,Chennai,2022-03-26,Consumer,Organic Search
C003696,Arjun Shah,Female,50,Patna,Patna,2024-03-13,Consumer,Organic Search
C003697,Sanya Mehta,Female,28,Nagpur,Nagpur,2022-11-06,Consumer,Paid Search
C003698,Aditi Gupta,Female,41,Pune,Pune,2024-08-30,Corporate,Marketplace
C003699,Nikhil Nair,Female,34,Bengaluru,Bengaluru,2023-09-19,Home Office,Referral
C003700,Sanya Iyer,Female,38,Visakhapatnam,Visakhapatnam,2022-03-06,Consumer,Paid Search
C003701,Ananya Kumar,Male,18,Guwahati,Guwahati,2024-09-24,Consumer,Email
C003702,Manish Das,Male,44,Kochi,Kochi,2025-01-12,Consumer,Social Media
C003703,Siddharth Shah,Male,27,Bengaluru,Bengaluru,2024-03-26,Consumer,Organic Search
C003704,Ananya Mishra,Female,32,Chandigarh,Chandigarh,2024-08-21,Consumer,Social Media
C003705,Ishaan Iyer,Female,49,Delhi,Delhi,2022-01-27,Home Office,Email
C003706,Manish Kapoor,Female,48,Delhi,Delhi,2025-04-16,Consumer,Social Media
C003707,Aarav Mishra,Male,44,Ahmedabad,Ahmedabad,2026-07-06,Home Office,Referral
C003708,Varun Das,Male,45,Ahmedabad,Ahmedabad,2022-05-22,Consumer,Social Media
C003709,Neha Nair,Male,28,Bhubaneswar,Bhubaneswar,2025-08-03,Consumer,Organic Search
C003710,Sneha Verma,Male,31,Lucknow,Lucknow,2022-05-23,Consumer,Paid Search
C003711,Reyansh Yadav,Male,43,Delhi,Delhi,2022-01-13,Corporate,Paid Search
C003712,Manish Yadav,Male,36,Lucknow,Lucknow,2025-03-13,Consumer,Marketplace
C003713,Sanya Patel,Male,30,Gurugram,Gurugram,2022-09-13,Consumer,Social Media
C003714,Ananya Nair,Male,35,Chennai,Chennai,2025-03-31,Home Office,Marketplace
C003715,Riya Gupta,Female,27,Nagpur,Nagpur,2022-05-21,Consumer,Paid Search
C003716,Isha Das,Male,18,Lucknow,Lucknow,2024-01-16,Consumer,Marketplace
C003717,Aditya Gupta,Female,38,Gurugram,Gurugram,2022-11-19,Consumer,Paid Search
C003718,Nisha Kumar,Female,38,Lucknow,Lucknow,2023-09-07,Consumer,Marketplace
C003719,Pooja Sharma,Female,30,Bengaluru,Bengaluru,2022-01-04,Consumer,Referral
C003720,Vivaan Patel,Female,40,Bengaluru,Bengaluru,2023-08-09,Consumer,Paid Search
C003721,Varun Yadav,Female,43,Chennai,Chennai,2023-01-24,Corporate,Email
C003722,Vivaan Kumar,Male,51,Delhi,Delhi,2026-03-09,Consumer,Organic Search
C003723,Reyansh Reddy,Female,40,Indore,Indore,2024-02-06,Consumer,Organic Search
C003724,Kabir Kumar,Male,39,Patna,Patna,2023-10-10,Corporate,Organic Search
C003725,Aarav Shah,Non-Binary,24,Bhopal,Bhopal,2022-12-02,Corporate,Paid Search
C003726,Isha Joshi,Female,34,Indore,Indore,2023-06-13,Corporate,Email
C003727,Kabir Patel,Female,30,Mumbai,Mumbai,2026-06-08,Consumer,Paid Search
C003728,Nisha Singh,Male,49,Bengaluru,Bengaluru,2022-04-25,Consumer,Organic Search
C003729,Manish Singh,Female,50,Delhi,Delhi,2024-12-25,Corporate,Email
C003730,Vikram Kapoor,Male,33,Nagpur,Nagpur,2024-09-03,Consumer,Paid Search
C003731,Aarav Chopra,Male,34,Bhubaneswar,Bhubaneswar,2024-03-25,Home Office,Paid Search
C003732,Priya Singh,Male,48,Lucknow,Lucknow,2023-08-11,Corporate,Social Media
C003733,Isha Mishra,Female,65,Ahmedabad,Ahmedabad,2024-06-22,Consumer,Paid Search
C003734,Manish Reddy,Male,18,Indore,Indore,2026-04-30,Home Office,Affiliate
C003735,Nisha Iyer,Male,23,Bhopal,Bhopal,2024-05-25,Corporate,Organic Search
C003736,Siddharth Mehta,Female,33,Visakhapatnam,Visakhapatnam,2023-03-29,Consumer,Organic Search
C003737,Priya Malhotra,Female,18,Chennai,Chennai,2023-03-26,Home Office,Social Media
C003738,Krishna Patel,Female,39,Delhi,Delhi,2024-02-03,Corporate,Affiliate
C003739,Neha Joshi,Female,65,Chennai,Chennai,2022-11-09,Consumer,Social Media
C003740,Riya Kapoor,Female,32,Surat,Surat,2025-08-13,Corporate,Organic Search
C003741,Nikhil Rao,Female,42,Kochi,Kochi,2022-07-25,Corporate,Organic Search
C003742,Priya Mehta,Female,45,Pune,Pune,2024-06-17,Home Office,Social Media
C003743,Nikhil Malhotra,Female,42,Surat,Surat,2023-12-23,Corporate,Marketplace
C003744,Nisha Chopra,Male,55,Nagpur,Nagpur,2026-07-16,Consumer,Referral
C003745,Tanya Joshi,Male,28,Nagpur,Nagpur,2023-06-22,Consumer,Paid Search
C003746,Riya Malhotra,Male,21,Kochi,Kochi,2024-04-02,Consumer,Referral
C003747,Meera Mehta,Female,34,Bhubaneswar,Bhubaneswar,2022-02-08,Corporate,Social Media
C003748,Tanya Singh,Female,37,Delhi,Delhi,2024-02-03,Corporate,Social Media
C003749,Arjun Bose,Female,39,Mysuru,Mysuru,2023-06-09,Small Business,Referral
C003750,Reyansh Nair,Female,49,Indore,Indore,2022-09-26,Corporate,Paid Search
C003751,Vivaan Verma,Male,38,Mysuru,Mysuru,2024-09-10,Consumer,Social Media
C003752,Kabir Kumar,Male,32,Bengaluru,Bengaluru,2024-05-09,Home Office,Marketplace
C003753,Riya Das,Female,34,Surat,Surat,2026-06-04,Home Office,Affiliate
C003754,Aditya Das,Female,23,Mumbai,Mumbai,2025-02-11,Home Office,Paid Search
C003755,Priya Mishra,Female,35,Indore,Indore,2022-08-08,Consumer,Organic Search
C003756,Aditi Iyer,Female,32,Delhi,Delhi,2026-02-14,Small Business,Referral
C003757,Diya Mehta,Female,24,Bhopal,Bhopal,2023-08-28,Consumer,Referral
C003758,Aditya Patel,Female,52,Jaipur,Jaipur,2023-08-15,Home Office,Paid Search
C003759,Sanya Patel,Female,42,Indore,Indore,2023-06-02,Consumer,Social Media
C003760,Aditi Kumar,Male,53,Hyderabad,Hyderabad,2023-05-31,Home Office,Organic Search
C003761,Neha Mishra,Male,24,Kochi,Kochi,2025-02-06,Consumer,Social Media
C003762,Diya Joshi,Female,26,Patna,Patna,2024-11-30,Consumer,Social Media
C003763,Aarav Patel,Female,37,Surat,Surat,2023-03-29,Consumer,Social Media
C003764,Ananya Yadav,Female,22,Jaipur,Jaipur,2022-06-01,Home Office,Marketplace
C003765,Sneha Iyer,Female,40,Mysuru,Mysuru,2026-02-21,Consumer,Marketplace
C003766,Ananya Kumar,Male,34,Hyderabad,Hyderabad,,Corporate,Email
C003767,Manish Rao,Female,34,Gurugram,Gurugram,2025-09-13,Consumer,Paid Search
C003768,Sanya Gupta,Male,24,Nagpur,Nagpur,2025-10-16,Corporate,Social Media
C003769,Tanya Malhotra,Female,46,Bengaluru,Bengaluru,2022-07-28,Consumer,Paid Search
C003770,Sneha Mishra,Male,39,Chennai,Chennai,2024-02-01,Corporate,Paid Search
C003771,Vikram Verma,Male,44,Lucknow,Lucknow,2026-03-22,Home Office,Referral
C003772,Kavya Iyer,Female,19,Bengaluru,Bengaluru,2025-07-02,Consumer,Email
C003773,Priya Patel,Female,58,Pune,Pune,2023-11-08,Home Office,Organic Search
C003774,Vikram Malhotra,Male,40,Visakhapatnam,Visakhapatnam,2023-09-24,Consumer,Social Media
C003775,Siddharth Bose,Male,30,Jaipur,Jaipur,2025-09-03,Consumer,Marketplace
C003776,Priya Das,Male,34,Surat,Surat,2025-08-29,Consumer,Paid Search
C003777,Aditya Shah,Female,35,Visakhapatnam,Visakhapatnam,2026-07-10,Consumer,Email
C003778,Riya Kapoor,Male,39,Chennai,Chennai,2023-03-17,Corporate,Paid Search
C003779,Reyansh Yadav,Female,34,Jaipur,Jaipur,2023-01-06,Consumer,Organic Search
C003780,Aditya Das,Female,20,Delhi,Delhi,2024-10-19,Corporate,Paid Search
C003781,Arjun Yadav,Female,26,Kochi,Kochi,2022-03-28,Consumer,Organic Search
C003782,Aarav Verma,Female,44,Coimbatore,Coimbatore,2024-11-12,Consumer,Social Media
C003783,Kabir Yadav,Female,41,Kolkata,Kolkata,2026-06-20,Consumer,Social Media
C003784,Karan Sharma,Male,34,Kochi,Kochi,2026-05-25,Consumer,Marketplace
C003785,SIDDHARTH VERMA,Female,29,Delhi,Delhi,2024-03-04,Consumer,Organic Search
C003786,Manish Mishra,Female,34,Gurugram,Gurugram,2023-07-14,Consumer,Organic Search
C003787,Kavya Mehta,Female,30,Surat,Surat,2023-07-30,Consumer,Organic Search
C003788,Meera Gupta,Male,42,Guwahati,Guwahati,2025-02-15,Consumer,Paid Search
C003789,Manish Kumar,Female,37,Pune,Pune,2023-08-16,Consumer,Organic Search
C003790,Nikhil Kapoor,Female,42,Coimbatore,Coimbatore,2024-02-13,Consumer,Organic Search
C003791,Karan Nair,Female,32,Chennai,Chennai,2026-07-14,Consumer,Social Media
C003792,Aditi Singh,Male,34,Chandigarh,Chandigarh,2026-07-07,Consumer,Social Media
C003793,Nikhil Kumar,Male,45,Chennai,Chennai,2022-12-25,Consumer,Paid Search
C003794,Siddharth Joshi,Male,46,Bhubaneswar,Bhubaneswar,2024-08-20,Consumer,Organic Search
C003795,Ananya Gupta,Female,31,Surat,Surat,2026-02-14,Consumer,Referral
C003796,Rohan Rao,Male,19,Coimbatore,Coimbatore,2023-02-11,Consumer,Referral
C003797,Isha Malhotra,Female,43,Gurugram,Gurugram,2025-01-21,Consumer,Marketplace
C003798,Manish Joshi,Female,50,Kochi,Kochi,2022-03-22,Corporate,Email
C003799,Nikhil Kumar,Male,18,Bengaluru,Bengaluru,2026-04-11,Consumer,Social Media
C003800,Siddharth Patel,Male,46,Kochi,Kochi,2023-01-09,Consumer,Paid Search
C003801,Riya Patel,Female,50,Mysuru,Mysuru,2025-02-06,Corporate,Social Media
C003802,Varun Patel,Female,46,Chandigarh,Chandigarh,2024-11-22,Small Business,Organic Search
C003803,Nikhil Reddy,Female,37,Bengaluru,Bengaluru,2025-03-02,Consumer,Referral
C003804,Krishna Iyer,Male,42,Mysuru,Mysuru,2026-06-01,Small Business,Marketplace
C003805,Priya Chopra,Male,39,Visakhapatnam,Visakhapatnam,2024-05-12,Home Office,Social Media
C003806,Sanya Malhotra,Female,31,Gurugram,Gurugram,2022-09-30,Consumer,Social Media
C003807,Unknown,Female,40,Mysuru,Mysuru,2022-10-12,Corporate,Email
C003808,Aditi Mehta,Female,42,Visakhapatnam,Visakhapatnam,2022-07-27,Corporate,Organic Search
C003809,Ananya Singh,Male,18,Mysuru,Mysuru,2024-06-16,Corporate,Referral
C003810,Manish Das,Male,37,Bengaluru,Bengaluru,2026-02-04,Consumer,Organic Search
C003811,Tanya Yadav,Male,39,Chandigarh,Chandigarh,2024-02-11,Small Business,Organic Search
C003812,Rahul Kapoor,Female,34,Bhubaneswar,Bhubaneswar,2023-03-12,Corporate,Organic Search
C003813,Isha Bose,Male,27,Patna,Patna,2023-11-29,Corporate,Social Media
C003814,Diya Verma,Female,26,Patna,Patna,2025-03-19,Home Office,Referral
C003815,Aarav Malhotra,Female,18,Kochi,Kochi,2025-08-03,Consumer,Social Media
C003816,Sneha Patel,Female,59,Kochi,Kochi,2025-07-15,Corporate,Marketplace
C003817,Aditya Singh,Female,37,Noida,Noida,2024-03-08,Home Office,Affiliate
C003818,Vivaan Shah,Male,23,Bhopal,Bhopal,2022-01-07,Corporate,Social Media
C003819,Vivaan Mehta,Female,57,Delhi,Delhi,2025-09-28,Consumer,Social Media
C003820,Ishaan Chopra,Female,27,Lucknow,Lucknow,2023-10-18,Consumer,Unknown
C003821,Rohan Mishra,Female,36,Patna,Patna,2022-09-14,Consumer,Referral
C003822,Aarav Kapoor,Male,47,Chennai,Chennai,2024-09-03,Corporate,Paid Search
C003823,Riya Kapoor,Male,18,Noida,Noida,2025-05-05,Home Office,Paid Search
C003824,Aditi Mehta,Male,28,Hyderabad,Hyderabad,2025-07-18,Home Office,Referral
C003825,Riya Mehta,Male,29,Guwahati,Guwahati,2025-08-20,Consumer,Organic Search
C003826,Aditi Das,Male,36,Mumbai,Mumbai,2025-09-18,Consumer,Referral
C003827,Arjun Verma,Male,18,Coimbatore,Coimbatore,2024-09-09,Consumer,Marketplace
C003828,Aarav Mishra,Male,33,Bengaluru,Bengaluru,2025-03-15,Corporate,Marketplace
C003829,Arjun Singh,Female,53,Ahmedabad,Ahmedabad,2025-08-21,Consumer,Email
C003830,Ishaan Sharma,Male,21,Pune,Pune,2025-11-04,Corporate,Affiliate
C003831,Vivaan Verma,Female,32,Bengaluru,Bengaluru,2022-02-25,Home Office,Email
C003832,Nisha Malhotra,Male,23,Nagpur,Nagpur,2024-07-05,Small Business,Social Media
C003833,Aditi Patel,Female,28,Bengaluru,Bengaluru,2023-07-22,Consumer,Paid Search
C003834,Diya Kapoor,Female,24,Coimbatore,Coimbatore,2025-03-29,Consumer,Organic Search
C003835,Vikram Patel,Male,39,Kolkata,Kolkata,2025-01-03,Consumer,Organic Search
C003836,Meera Mishra,Female,29,Pune,Pune,2022-12-26,Corporate,Paid Search
C003837,Priya Iyer,Male,38,Kochi,Kochi,2024-07-15,Small Business,Organic Search
C003838,Manish Mishra,Female,50,Bengaluru,Bengaluru,2022-12-01,Consumer,Organic Search
C003839,Manish Chopra,Male,26,Bengaluru,Bengaluru,2022-08-21,Consumer,Marketplace
C003840,Karan Malhotra,Male,34,Ahmedabad,Ahmedabad,2025-12-02,Corporate,Marketplace
C003841,Kavya Sharma,Male,35,Guwahati,Guwahati,2022-12-21,Home Office,Organic Search
C003842,Ananya Gupta,Female,36,Chandigarh,Chandigarh,2026-07-10,Home Office,Paid Search
C003843,Vikram Iyer,Female,43,Chennai,Chennai,2023-08-03,Consumer,Organic Search
C003844,tanya iyer,Unknown,36,Coimbatore,Coimbatore,2025-05-04,Consumer,Referral
C003845,Diya Kumar,Female,29,Hyderabad,Hyderabad,2022-01-15,Consumer,Organic Search
C003846,Rohan Bose,Male,36,Hyderabad,Hyderabad,2022-10-16,Consumer,Paid Search
C003847,Siddharth Patel,Male,26,Nagpur,Nagpur,2025-04-26,Consumer,Social Media
C003848,Sanya Bose,Male,52,Hyderabad,Hyderabad,2023-01-16,Small Business,Paid Search
C003849,Tanya Reddy,Female,26,Visakhapatnam,Visakhapatnam,2023-02-01,Corporate,Organic Search
C003850,Pooja Verma,Female,32,Kolkata,Kolkata,2026-05-17,Corporate,Organic Search
C003851,Arjun Patel,Female,38,Kochi,Kochi,2024-03-02,Consumer,Organic Search
C003852,Kabir Kapoor,Male,30,Hyderabad,Hyderabad,2025-08-16,Consumer,Marketplace
C003853,Vikram Chopra,Male,34,Visakhapatnam,Visakhapatnam,2025-10-28,Small Business,Organic Search
C003854,Ananya Shah,Male,46,Ahmedabad,Ahmedabad,2022-07-16,Consumer,Referral
C003855,Tanya Gupta,Male,31,Visakhapatnam,Visakhapatnam,2025-07-23,Consumer,Organic Search
C003856,Vivaan Bose,Female,48,Coimbatore,Coimbatore,2024-11-16,Home Office,Paid Search
C003857,Vikram Sharma,Female,38,Chennai,Chennai,2022-04-26,Consumer,Organic Search
C003858,Diya Reddy,Female,18,Visakhapatnam,Visakhapatnam,2026-01-15,Consumer,Marketplace
C003859,Tanya Mishra,Female,29,Hyderabad,Hyderabad,2022-10-18,Corporate,Paid Search
C003860,Kabir Kumar,Female,46,Delhi,Delhi,2023-07-28,Corporate,Social Media
C003861,Sanya Sharma,Male,32,Patna,Patna,2022-12-21,Home Office,Affiliate
C003862,Karan Singh,Male,47,Visakhapatnam,Visakhapatnam,2024-03-09,Consumer,Social Media
C003863,Karan Reddy,Female,21,Lucknow,Lucknow,2024-01-22,Consumer,Organic Search
C003864,Rohan Iyer,Male,38,Chennai,Chennai,2022-11-30,Small Business,Social Media
C003865,Reyansh Singh,Male,34,Guwahati,Guwahati,2022-09-07,Small Business,Email
C003866,Aditya Singh,Female,47,Kolkata,Kolkata,2024-04-04,Consumer,Organic Search
C003867,Priya Das,Male,28,Nagpur,Nagpur,2024-01-31,Consumer,Social Media
C003868,Nisha Reddy,Male,26,Mumbai,Mumbai,2025-04-12,Consumer,Referral
C003869,Varun Bose,Male,25,Mysuru,Mysuru,2024-07-29,Consumer,Organic Search
C003870,Aditya Kumar,Female,31,Unknown,Unknown,2026-04-04,Home Office,Paid Search
C003871,Sneha Sharma,Male,35,Coimbatore,Coimbatore,2022-01-11,Consumer,Social Media
C003872,Vikram Sharma,Male,47,Bhopal,Bhopal,2026-07-01,Corporate,Social Media
C003873,Sanya Bose,Non-Binary,48,Mumbai,Mumbai,2023-08-21,Home Office,Marketplace
C003874,Nisha Kapoor,Male,30,Bengaluru,Bengaluru,2022-09-17,Consumer,Referral
C003875,Sanya Das,Female,42,Delhi,Delhi,2023-07-16,Consumer,Marketplace
C003876,Ishaan Mishra,Male,30,Jaipur,Jaipur,2022-04-28,Consumer,Marketplace
C003877,Manish Shah,Female,36,Indore,Indore,2024-01-09,Consumer,Organic Search
C003878,Riya Mehta,Female,36,Mysuru,Mysuru,,Consumer,Referral
C003879,Sanya Nair,Female,45,Guwahati,Guwahati,2023-11-03,Corporate,Marketplace
C003880,Riya Yadav,Male,22,Hyderabad,Hyderabad,2023-02-25,Corporate,Paid Search
C003881,Reyansh Kumar,Male,40,Patna,Patna,2023-08-22,Corporate,Paid Search
C003882,Rohan Kapoor,Male,27,Bhubaneswar,Bhubaneswar,2023-02-17,Home Office,Organic Search
C003883,Vivaan Kapoor,Male,45,Nagpur,Nagpur,2022-04-25,Consumer,Marketplace
C003884,Aarav Nair,Female,35,Bengaluru,Bengaluru,2025-04-04,Consumer,Organic Search
C003885,Kavya Das,Female,18,Chennai,Chennai,2022-11-14,Consumer,Paid Search
C003886,Nisha Shah,Male,34,Guwahati,Guwahati,2025-03-15,Consumer,Social Media
C003887,Krishna Chopra,Male,27,Visakhapatnam,Visakhapatnam,2022-03-04,Unknown,Referral
C003888,Aarav Nair,Female,32,Mumbai,Mumbai,2023-02-26,Home Office,Organic Search
C003889,Reyansh Rao,Male,26,Kochi,Kochi,2024-09-29,Consumer,Referral
C003890,manish sharma,Male,25,Delhi,Delhi,2022-05-08,Consumer,Organic Search
C003891,Rahul Yadav,Male,31,Kolkata,Kolkata,2022-03-17,Home Office,Email
C003892,Priya Kumar,Female,18,Guwahati,Guwahati,2025-03-17,Consumer,Social Media
C003893,Aditi Mehta,Female,36,Bhopal,Bhopal,2024-10-25,Consumer,Social Media
C003894,Nisha Joshi,Male,31,Gurugram,Gurugram,2024-04-25,Consumer,Email
C003895,Aarav Kapoor,Female,27,Delhi,Delhi,2026-02-21,Consumer,Social Media
C003896,Aditya Kapoor,Male,18,Unknown,Unknown,2025-07-15,Consumer,Referral
C003897,Ishaan Das,Female,41,Bhopal,Bhopal,2023-12-01,Consumer,Marketplace
C003898,Varun Mishra,Male,48,Mysuru,Mysuru,2023-09-13,Consumer,Organic Search
C003899,Meera Joshi,Female,25,Chandigarh,Chandigarh,2022-10-29,Consumer,Paid Search
C003900,Rohan Iyer,Male,38,Patna,Patna,2023-05-13,Consumer,Affiliate
C003901,Neha Shah,Female,19,Patna,Patna,2026-07-06,Consumer,Organic Search
C003902,Karan Gupta,Female,18,Mumbai,Mumbai,2026-06-27,Home Office,Social Media
C003903,Isha Iyer,Female,49,Mumbai,Mumbai,2024-09-03,Consumer,Email
C003904,Isha Mishra,Female,19,Bhubaneswar,Bhubaneswar,2024-03-01,Consumer,Marketplace
C003905,Arjun Patel,Male,28,Nagpur,Nagpur,2022-05-25,Home Office,Paid Search
C003906,Vivaan Joshi,Male,24,Delhi,Delhi,2025-12-13,Corporate,Marketplace
C003907,Ananya Malhotra,Female,25,Bengaluru,Bengaluru,2026-06-12,Consumer,Social Media
C003908,Nisha Malhotra,Male,20,Bhopal,Bhopal,2025-06-09,Consumer,Marketplace
C003909,Ananya Rao,Female,28,Gurugram,Gurugram,2023-01-20,Consumer,Social Media
C003910,Reyansh Gupta,Male,31,Hyderabad,Hyderabad,2023-03-18,Corporate,Referral
C003911,Rahul Chopra,Female,36,Chandigarh,Chandigarh,2024-08-18,Consumer,Paid Search
C003912,Isha Chopra,Female,37,Patna,Patna,2025-06-02,Consumer,Email
C003913,Aditya Yadav,Female,27,Noida,Noida,2022-11-08,Corporate,Social Media
C003914,Priya Gupta,Female,44,Patna,Patna,2022-04-09,Consumer,Organic Search
C003915,Tanya Gupta,Female,33,Pune,Pune,2023-10-17,Consumer,Organic Search
C003916,Tanya Gupta,Male,36,Visakhapatnam,Visakhapatnam,2025-06-20,Consumer,Marketplace
C003917,Aditya Iyer,Female,34,Delhi,Delhi,2025-08-04,Consumer,Referral
C003918,Karan Singh,Female,45,Visakhapatnam,Visakhapatnam,2023-01-29,Consumer,Organic Search
C003919,Neha Kapoor,Female,32,Visakhapatnam,Visakhapatnam,2024-04-01,Corporate,Social Media
C003920,Krishna Chopra,Female,41,Visakhapatnam,Visakhapatnam,2026-07-07,Consumer,Organic Search
C003921,Pooja Sharma,Male,25,Chandigarh,Chandigarh,2025-10-01,Consumer,Organic Search
C003922,Rohan Mishra,Male,44,Kochi,Kochi,2023-09-18,Corporate,Social Media
C003923,Aditi Shah,Male,18,Chandigarh,Chandigarh,2024-09-17,Small Business,Paid Search
C003924,Vivaan Patel,Male,44,Mysuru,Mysuru,2023-10-15,Small Business,Paid Search
C003925,Kabir Singh,Female,48,Surat,Surat,2025-09-10,Consumer,Marketplace
C003926,Reyansh Malhotra,Male,24,Surat,Surat,2023-09-11,Corporate,Paid Search
C003927,Sneha Reddy,Female,28,Visakhapatnam,Visakhapatnam,2026-06-27,Corporate,Social Media
C003928,Manish Mehta,Female,27,Indore,Indore,2025-09-13,Small Business,Paid Search
C003929,Manish Mehta,Female,19,Delhi,Delhi,2023-02-18,Corporate,Email
C003930,Isha Nair,Male,21,Jaipur,Jaipur,2022-01-23,Consumer,Social Media
C003931,Aditi Das,Male,34,Hyderabad,Hyderabad,2025-12-01,Consumer,Email
C003932,Vikram Nair,Male,31,Patna,Patna,2024-11-17,Consumer,Organic Search
C003933,Sneha Iyer,Male,42,Guwahati,Guwahati,2025-10-19,Consumer,Marketplace
C003934,Karan Gupta,Female,48,Unknown,Unknown,2025-03-17,Consumer,Email
C003935,Manish Verma,Male,25,Chennai,Chennai,2023-07-30,Consumer,Social Media
C003936,Rahul Yadav,Male,18,Surat,Surat,2023-05-12,Consumer,Referral
C003937,Karan Joshi,Male,37,Mysuru,Mysuru,2024-05-07,Small Business,Referral
C003938,Neha Nair,Male,43,Guwahati,Guwahati,2026-05-18,Home Office,Paid Search
C003939,Varun Mehta,Male,27,Lucknow,Lucknow,2026-07-17,Consumer,Marketplace
C003940,Sanya Iyer,Non-Binary,42,Mysuru,Mysuru,2022-06-16,Corporate,Marketplace
C003941,Karan Kumar,Female,33,Nagpur,Nagpur,2024-01-12,Consumer,Social Media
C003942,Kavya Verma,Female,37,Kochi,Kochi,2022-10-05,Small Business,Social Media
C003943,Sneha Joshi,Male,38,Bhopal,Bhopal,2026-03-11,Corporate,Organic Search
C003944,Ishaan Iyer,Female,54,Patna,Patna,2022-09-28,Consumer,Organic Search
C003945,Manish Malhotra,Male,26,Coimbatore,Coimbatore,2025-10-15,Consumer,Paid Search
C003946,Aditi Joshi,Male,33,Ahmedabad,Ahmedabad,2024-03-02,Consumer,Email
C003947,Manish Iyer,Male,37,Patna,Patna,2025-11-27,Consumer,Social Media
C003948,Aarav Gupta,Male,44,Surat,Surat,2023-04-29,Consumer,Marketplace
C003949,Riya Malhotra,Male,20,Indore,Indore,2024-05-22,Corporate,Paid Search
C003950,Aditi Mishra,Male,49,Patna,Patna,2024-06-21,Consumer,Organic Search
C003951,Kavya Kumar,Male,43,Nagpur,Nagpur,2024-05-09,Consumer,Social Media
C003952,Tanya Reddy,Male,33,Kochi,Kochi,2023-10-16,Consumer,Social Media
C003953,Kabir Patel,Female,36,Surat,Surat,2023-01-07,Home Office,Paid Search
C003954,Meera Das,Female,28,Kochi,Kochi,2024-01-06,Consumer,Organic Search
C003955,Arjun Yadav,Female,35,Kochi,Kochi,2026-05-08,Corporate,Social Media
C003956,Aarav Gupta,Female,31,Lucknow,Lucknow,2025-08-15,Corporate,Email
C003957,Aarav Yadav,Female,34,Coimbatore,Coimbatore,2022-02-13,Consumer,Organic Search
C003958,Manish Iyer,Female,29,Pune,Pune,2025-01-25,Consumer,Organic Search
C003959,Aarav Singh,Female,36,Chandigarh,Chandigarh,2024-04-03,Consumer,Paid Search
C003960,Aditya Joshi,Female,28,Patna,Patna,2023-05-05,Small Business,Marketplace
C003961,Aditya Singh,Female,27,Guwahati,Guwahati,2022-09-14,Consumer,Marketplace
C003962,Krishna Rao,Male,36,Mumbai,Mumbai,2023-03-20,Consumer,Organic Search
C003963,Rahul Mehta,Female,41,Visakhapatnam,Visakhapatnam,2023-03-29,Corporate,Paid Search
C003964,Diya Malhotra,Male,23,Chandigarh,Chandigarh,2024-05-17,Consumer,Marketplace
C003965,Varun Iyer,Male,34,Indore,Indore,2023-01-17,Unknown,Social Media
C003966,Nikhil Reddy,Male,43,Mumbai,Mumbai,2024-05-09,Home Office,Paid Search
C003967,aditya joshi,Male,59,Indore,Indore,2022-02-20,Consumer,Email
C003968,Sneha Malhotra,Female,29,Nagpur,Nagpur,2025-01-12,Consumer,Social Media
C003969,Rohan Mehta,Female,31,Bhubaneswar,Bhubaneswar,2022-05-31,Consumer,Affiliate
C003970,Krishna Sharma,Non-Binary,46,Hyderabad,Hyderabad,2025-09-23,Consumer,Paid Search
C003971,Rahul Iyer,Male,32,Nagpur,Nagpur,2025-05-10,Consumer,Referral
C003972,Rohan Malhotra,Male,32,Lucknow,Lucknow,2024-02-21,Corporate,Marketplace
C003973,Priya Kumar,Male,32,Jaipur,Jaipur,2026-01-25,Home Office,Social Media
C003974,Sanya Iyer,Male,51,Kochi,Kochi,2024-02-02,Consumer,Organic Search
C003975,Kavya Singh,Male,56,Mumbai,Mumbai,2022-09-23,Corporate,Paid Search
C003976,Aditya Chopra,Male,40,Mumbai,Mumbai,2022-06-30,Home Office,Organic Search
C003977,Sanya Singh,Male,35,Kochi,Kochi,2024-09-20,Consumer,Organic Search
C003978,Ishaan Yadav,Female,34,Kolkata,Kolkata,2026-01-13,Consumer,Social Media
C003979,Manish Gupta,Male,35,Guwahati,Guwahati,2026-04-25,Home Office,Social Media
C003980,Aditya Malhotra,Male,53,Bhopal,Bhopal,2023-10-28,Corporate,Affiliate
C003981,Karan Iyer,Female,18,Indore,Indore,2022-11-27,Small Business,Email
C003982,Krishna Kumar,Male,34,Chennai,Chennai,2024-03-25,Consumer,Social Media
C003983,Ananya Joshi,Male,37,Mumbai,Mumbai,2023-01-07,Home Office,Organic Search
C003984,Ishaan Reddy,Female,29,Unknown,Unknown,2022-08-20,Corporate,Paid Search
C003985,Arjun Joshi,Male,44,Mumbai,Mumbai,2023-07-27,Consumer,Paid Search
C003986,Kavya Bose,Male,44,Delhi,Delhi,2022-07-02,Home Office,Marketplace
C003987,Varun Joshi,Female,27,Nagpur,Nagpur,2026-01-19,Corporate,Organic Search
C003988,Arjun Mehta,Male,51,Jaipur,Jaipur,2024-08-17,Home Office,Organic Search
C003989,Reyansh Chopra,Male,27,Mysuru,Mysuru,2022-02-03,Consumer,Social Media
C003990,Neha Shah,Female,36,Bengaluru,Bengaluru,2024-11-04,Consumer,Social Media
C003991,Ishaan Patel,Female,40,Delhi,Delhi,2023-11-04,Consumer,Social Media
C003992,Pooja Bose,Male,23,Surat,Surat,2025-12-09,Small Business,Paid Search
C003993,Karan Singh,Male,36,Patna,Patna,2025-11-25,Home Office,Paid Search
C003994,Isha Iyer,Male,23,Indore,Indore,2023-06-26,Corporate,Social Media
C003995,Ishaan Reddy,Female,32,Jaipur,Jaipur,2025-07-25,Consumer,Email
C003996,Diya Rao,Female,46,Coimbatore,Coimbatore,2022-10-16,Consumer,Social Media
C003997,Diya Malhotra,Female,26,Chennai,Chennai,2025-08-04,Consumer,Organic Search
C003998,Riya Iyer,Female,38,Bengaluru,Bengaluru,2022-01-17,Consumer,Social Media
C003999,Sneha Bose,Male,46,Delhi,Delhi,2026-07-16,Consumer,Referral
C004000,Rahul Nair,Female,32,Patna,Patna,2022-01-18,Small Business,Paid Search
C004001,Kabir Joshi,Female,18,Nagpur,Nagpur,2024-05-23,Consumer,Email
C004002,Manish Patel,Non-Binary,27,Bhubaneswar,Bhubaneswar,2024-07-30,Consumer,Paid Search
C004003,Ananya Patel,Male,44,Mysuru,Mysuru,2024-07-09,Consumer,Social Media
C004004,Siddharth Shah,Male,18,Pune,Pune,2023-05-08,Consumer,Social Media
C004005,Neha Das,Male,27,Coimbatore,Coimbatore,2024-09-16,Home Office,Paid Search
C004006,Nikhil Reddy,Male,60,Ahmedabad,Ahmedabad,2023-09-24,Corporate,Referral
C004007,Ishaan Patel,Female,26,Kochi,Kochi,2024-08-21,Small Business,Paid Search
C004008,Manish Gupta,Male,27,Indore,Indore,2022-05-23,Consumer,Organic Search
C004009,Ananya Kumar,Male,34,Mysuru,Mysuru,2023-10-22,Consumer,Affiliate
C004010,Pooja Sharma,Male,36,Noida,Noida,2024-10-30,Consumer,Organic Search
C004011,Neha Kumar,Female,46,Bhopal,Bhopal,2022-11-29,Corporate,Organic Search
C004012,Pooja Shah,Male,47,Patna,Patna,2025-03-04,Corporate,Social Media
C004013,Sneha Joshi,Non-Binary,27,Gurugram,Gurugram,2026-01-17,Consumer,Social Media
C004014,Reyansh Kapoor,Female,41,Bhopal,Bhopal,2022-09-11,Consumer,Referral
C004015,Rohan Patel,Male,46,Hyderabad,Hyderabad,2022-01-25,Small Business,Email
C004016,Ananya Sharma,Female,20,Pune,Pune,2023-10-15,Consumer,Affiliate
C004017,Rohan Gupta,Male,45,Kochi,Kochi,2025-12-11,Consumer,Paid Search
C004018,Aarav Sharma,Female,26,Mumbai,Mumbai,2022-08-18,Consumer,Paid Search
C004019,Rohan Kapoor,Female,34,Kolkata,Kolkata,2024-10-04,Consumer,Referral
C004020,Ishaan Malhotra,Female,24,Ahmedabad,Ahmedabad,2022-10-03,Corporate,Organic Search
C004021,Rahul Nair,Male,39,Surat,Surat,2023-08-03,Consumer,Paid Search
C004022,Priya Rao,Female,35,Kochi,Kochi,2024-04-27,Consumer,Referral
C004023,Priya Malhotra,Male,34,Bhubaneswar,Bhubaneswar,2024-09-15,Consumer,Paid Search
C004024,Ananya Joshi,Male,45,Coimbatore,Coimbatore,2022-05-14,Corporate,Affiliate
C004025,Ananya Chopra,Male,24,Delhi,Delhi,2023-06-22,Small Business,Paid Search
C004026,Vivaan Sharma,Male,25,Nagpur,Nagpur,2022-03-10,Consumer,Email
C004027,Rahul Kumar,Female,33,Kochi,Kochi,2024-09-08,Consumer,Marketplace
C004028,Rohan Sharma,Male,18,Gurugram,Gurugram,2026-05-07,Consumer,Marketplace
C004029,Ananya Joshi,Male,31,Nagpur,Nagpur,2024-02-17,Small Business,Organic Search
C004030,Aditya Kumar,Female,48,Ahmedabad,Ahmedabad,2024-10-20,Consumer,Marketplace
C004031,Varun Mehta,Male,24,Kolkata,Kolkata,2022-04-04,Consumer,Marketplace
C004032,Aarav Reddy,Female,46,Nagpur,Nagpur,2023-04-02,Corporate,Paid Search
C004033,Siddharth Gupta,Male,18,Ahmedabad,Ahmedabad,2022-08-22,Consumer,Paid Search
C004034,Sneha Nair,Female,44,Bengaluru,Bengaluru,2025-02-24,Corporate,Paid Search
C004035,Arjun Singh,Female,20,Nagpur,Nagpur,2025-10-21,Corporate,Affiliate
C004036,Diya Verma,Female,38,Lucknow,Lucknow,2024-09-06,Small Business,Organic Search
C004037,Aditi Patel,Male,19,Visakhapatnam,Visakhapatnam,2023-07-20,Consumer,Organic Search
C004038,Diya Malhotra,Female,29,Bhubaneswar,Bhubaneswar,2026-06-03,Corporate,Social Media
C004039,Pooja Iyer,Male,38,Chennai,Chennai,2023-04-07,Consumer,Paid Search
C004040,Sanya Nair,Female,43,Patna,Patna,2025-09-20,Consumer,Paid Search
C004041,Diya Das,Female,21,Unknown,Unknown,2024-03-04,Corporate,Organic Search
C004042,Pooja Shah,Male,59,Bhubaneswar,Bhubaneswar,2024-12-27,Consumer,Organic Search
C004043,Arjun Malhotra,Female,25,Kochi,Kochi,2023-03-29,Consumer,Email
C004044,Ishaan Mehta,Female,41,Mysuru,Mysuru,2023-08-25,Consumer,Social Media
C004045,Diya Chopra,Female,38,Jaipur,Jaipur,2023-06-22,Consumer,Paid Search
C004046,Karan Shah,Female,39,Mumbai,Mumbai,2024-07-24,Consumer,Referral
C004047,Aditya Shah,Female,32,Bhubaneswar,Bhubaneswar,2023-02-16,Corporate,Marketplace
C004048,Ishaan Rao,Male,18,Bhubaneswar,Bhubaneswar,,Consumer,Paid Search
C004049,Rohan Joshi,Female,38,Surat,Surat,2024-05-29,Corporate,Organic Search
C004050,Ishaan Das,Female,19,Bengaluru,Bengaluru,2026-07-16,Corporate,Social Media
C004051,Ananya Kumar,Male,31,Visakhapatnam,Visakhapatnam,2023-01-11,Consumer,Affiliate
C004052,Vivaan Das,Male,29,Bengaluru,Bengaluru,2022-03-05,Consumer,Marketplace
C004053,Pooja Yadav,Female,41,Indore,Indore,2023-04-30,Consumer,Affiliate
C004054,Krishna Kapoor,Non-Binary,39,Gurugram,Gurugram,2022-03-26,Small Business,Email
C004055,Karan Mehta,Male,33,Chandigarh,Chandigarh,2025-12-27,Consumer,Affiliate
C004056,Priya Das,Female,30,Nagpur,Nagpur,2022-12-14,Small Business,Referral
C004057,Diya Kumar,Male,44,Pune,Pune,2023-05-19,Consumer,Email
C004058,Priya Singh,Male,36,Gurugram,Gurugram,2024-09-11,Corporate,Organic Search
C004059,Aditya Patel,Female,31,Hyderabad,Hyderabad,2022-01-25,Small Business,Organic Search
C004060,Manish Mishra,Non-Binary,37,Patna,Patna,2025-07-13,Corporate,Email
C004061,Karan Kumar,Female,44,Bengaluru,Bengaluru,2022-09-14,Home Office,Organic Search
C004062,Karan Nair,Female,28,Ahmedabad,Ahmedabad,2022-12-15,Consumer,Paid Search
C004063,Meera Bose,Male,28,Chennai,Chennai,2023-03-19,Corporate,Email
C004064,Meera Sharma,Male,38,Bhubaneswar,Bhubaneswar,2026-06-15,Corporate,Social Media
C004065,Neha Mehta,Male,20,Mysuru,Mysuru,2024-11-08,Home Office,Paid Search
C004066,Varun Kumar,Female,18,Kolkata,Kolkata,2025-02-26,Consumer,Marketplace
C004067,Krishna Chopra,Female,25,Mumbai,Mumbai,2023-03-21,Small Business,Organic Search
C004068,Reyansh Mehta,Female,18,Patna,Patna,2025-07-12,Home Office,Organic Search
C004069,Nisha Mishra,Female,47,Bhopal,Bhopal,2022-05-25,Consumer,Referral
C004070,Ishaan Kapoor,Male,42,Delhi,Delhi,2024-05-15,Consumer,Email
C004071,Aditi Patel,Female,52,Surat,Surat,2023-06-25,Small Business,Email
C004072,Riya Patel,Male,50,Mysuru,Mysuru,2024-02-21,Consumer,Organic Search
C004073,Neha Bose,Female,37,Bhubaneswar,Bhubaneswar,2023-03-18,Consumer,Marketplace
C004074,Aarav Shah,Female,33,Visakhapatnam,Visakhapatnam,2024-01-30,Consumer,Marketplace
C004075,Priya Gupta,Female,25,Kolkata,Kolkata,2022-01-03,Corporate,Marketplace
C004076,Siddharth Malhotra,Male,43,Guwahati,Guwahati,2023-10-05,Consumer,Email
C004077,Aditya Gupta,Male,27,Bengaluru,Bengaluru,2023-12-28,Consumer,Referral
C004078,Riya Verma,Male,59,Mysuru,Mysuru,2025-10-19,Consumer,Organic Search
C004079,Nisha Mehta,Male,18,Mysuru,Mysuru,2022-07-24,Small Business,Paid Search
C004080,Vivaan Das,Female,18,Patna,Patna,2023-09-18,Consumer,Social Media
C004081,Ishaan Malhotra,Male,55,Chandigarh,Chandigarh,2026-06-29,Consumer,Email
C004082,Siddharth Shah,Female,18,Pune,Pune,2023-07-05,Corporate,Social Media
C004083,Vivaan Das,Female,22,Delhi,Delhi,2023-12-20,Small Business,Paid Search
C004084,Aditya Joshi,Female,28,Kochi,Kochi,2025-04-13,Home Office,Affiliate
C004085,Aditi Verma,Female,31,Mumbai,Mumbai,2022-07-08,Consumer,Organic Search
C004086,Reyansh Iyer,Female,50,Mysuru,Mysuru,2026-01-22,Consumer,Paid Search
C004087,Riya Yadav,Male,21,Jaipur,Jaipur,2023-02-20,Consumer,Organic Search
C004088,Reyansh Malhotra,Female,36,Visakhapatnam,Visakhapatnam,2022-08-25,Small Business,Organic Search
C004089,Varun Sharma,Male,24,Kolkata,Kolkata,2022-06-01,Small Business,Organic Search
C004090,Vikram Malhotra,Female,29,Jaipur,Jaipur,2022-04-27,Consumer,Social Media
C004091,Sneha Shah,Male,40,Mumbai,Mumbai,2024-06-10,Consumer,Paid Search
C004092,Ishaan Shah,Male,35,Kochi,Kochi,2022-10-13,Consumer,Paid Search
C004093,Nikhil Kumar,Female,53,Kochi,Kochi,2024-06-04,Consumer,Email
C004094,Varun Shah,Female,30,Lucknow,Lucknow,2025-05-16,Consumer,Paid Search
C004095,Tanya Gupta,Male,21,Kochi,Kochi,2022-02-11,Consumer,Referral
C004096,Rohan Patel,Male,32,Guwahati,Guwahati,2025-10-14,Consumer,Organic Search
C004097,Pooja Kumar,Male,18,Jaipur,Jaipur,2023-11-03,Consumer,Affiliate
C004098,Tanya Singh,Male,33,Visakhapatnam,Visakhapatnam,2022-08-24,Consumer,Organic Search
C004099,Kavya Bose,Male,48,Chennai,Chennai,2025-04-15,Consumer,Paid Search
C004100,Krishna Bose,Male,45,Nagpur,Nagpur,2022-07-09,Consumer,Social Media
C004101,Kabir Chopra,Male,18,Bengaluru,Bengaluru,2024-01-31,Consumer,Marketplace
C004102,Karan Rao,Male,37,Bhopal,Bhopal,2025-10-26,Corporate,Paid Search
C004103,Siddharth Rao,Male,18,Mumbai,Mumbai,2023-11-17,Consumer,Organic Search
C004104,Priya Yadav,Female,44,Visakhapatnam,Visakhapatnam,2026-07-07,Small Business,Organic Search
C004105,Krishna Das,Female,35,Gurugram,Gurugram,2022-01-12,Consumer,Social Media
C004106,Manish Kapoor,Male,39,Mysuru,Mysuru,2024-03-28,Consumer,Paid Search
C004107,VIKRAM CHOPRA,Male,39,Jaipur,Jaipur,2025-11-17,Consumer,Organic Search
C004108,Sanya Malhotra,Female,31,Kochi,Kochi,2026-01-26,Consumer,Affiliate
C004109,Sneha Chopra,Female,44,Bengaluru,Bengaluru,2023-04-07,Corporate,Email
C004110,Diya Verma,Female,27,Guwahati,Guwahati,2026-05-23,Home Office,Referral
C004111,Ishaan Verma,Male,46,Pune,Pune,2025-12-30,Consumer,Organic Search
C004112,Krishna Shah,Female,22,Pune,Pune,,Consumer,Referral
C004113,Ananya Mehta,Male,52,Hyderabad,Hyderabad,2024-06-12,Consumer,Social Media
C004114,Rohan Joshi,Female,45,Visakhapatnam,Visakhapatnam,2026-07-17,Consumer,Email
C004115,Pooja Patel,Male,37,Patna,Patna,2022-09-08,Consumer,Social Media
C004116,Arjun Nair,Male,26,Bengaluru,Bengaluru,2022-03-16,Corporate,Social Media
C004117,Rahul Iyer,Female,23,Hyderabad,Hyderabad,2025-03-04,Small Business,Marketplace
C004118,Karan Shah,Male,31,Kochi,Kochi,2023-08-02,Consumer,Email
C004119,Varun Iyer,Female,18,Pune,Pune,2025-03-29,Consumer,Referral
C004120,Kavya Joshi,Female,42,Kolkata,Kolkata,2023-03-17,Corporate,Referral
C004121,Pooja Singh,Female,49,Chennai,Chennai,2025-06-24,Consumer,Referral
C004122,Arjun Mehta,Male,53,Mumbai,Mumbai,2025-02-14,Consumer,Organic Search
C004123,Rohan Reddy,Male,21,Delhi,Delhi,2024-12-31,Consumer,Paid Search
C004124,Karan Patel,Female,42,Bengaluru,Bengaluru,2024-01-14,Consumer,Referral
C004125,Siddharth Chopra,Female,34,Lucknow,Lucknow,2025-10-10,Home Office,Email
C004126,Ishaan Reddy,Female,36,Mysuru,Mysuru,,Consumer,Paid Search
C004127,Nikhil Bose,Female,28,Mumbai,Mumbai,2024-06-27,Small Business,Paid Search
C004128,Vivaan Iyer,Male,54,Chennai,Chennai,2025-09-15,Corporate,Marketplace
C004129,Priya Kumar,Female,19,Patna,Patna,2025-06-14,Consumer,Paid Search
C004130,Rahul Yadav,Female,36,Bhopal,Bhopal,2022-08-22,Corporate,Organic Search
C004131,Rohan Joshi,Male,36,Bhubaneswar,Bhubaneswar,2026-01-26,Consumer,Paid Search
C004132,Kavya Verma,Male,40,Mumbai,Mumbai,2024-03-31,Consumer,Referral
C004133,Ananya Sharma,Female,22,Indore,Indore,2023-10-16,Consumer,Social Media
C004134,Krishna Singh,Female,26,Gurugram,Gurugram,2025-01-01,Consumer,Organic Search
C004135,Aarav Yadav,Male,18,Coimbatore,Coimbatore,2026-07-29,Consumer,Email
C004136,Tanya Mishra,Male,59,Coimbatore,Coimbatore,2023-05-08,Consumer,Organic Search
C004137,Sanya Shah,Female,56,Ahmedabad,Ahmedabad,2025-06-16,Small Business,Organic Search
C004138,Vivaan Verma,Female,47,Hyderabad,Hyderabad,2026-07-09,Consumer,Referral
C004139,Diya Rao,Female,36,Jaipur,Jaipur,2024-03-05,Consumer,Email
C004140,Aditya Verma,Male,20,Visakhapatnam,Visakhapatnam,2022-10-25,Home Office,Referral
C004141,Arjun Patel,Male,29,Hyderabad,Hyderabad,2024-08-06,Consumer,Organic Search
C004142,Pooja Sharma,Female,59,Surat,Surat,2022-05-09,Home Office,Referral
C004143,Ishaan Yadav,Male,29,Nagpur,Nagpur,2025-12-28,Consumer,Organic Search
C004144,Vivaan Nair,Female,38,Jaipur,Jaipur,2024-11-26,Consumer,Marketplace
C004145,Varun Mehta,Female,18,Bengaluru,Bengaluru,2023-07-04,Corporate,Email
C004146,Diya Malhotra,Male,42,Surat,Surat,2023-05-25,Consumer,Organic Search
C004147,Diya Gupta,Female,39,Gurugram,Gurugram,2023-09-15,Consumer,Social Media
C004148,Varun Joshi,Female,38,Gurugram,Gurugram,2024-03-08,Consumer,Affiliate
C004149,Nisha Iyer,Male,31,Gurugram,Gurugram,2024-02-10,Corporate,Social Media
C004150,Aditya Singh,Female,41,Ahmedabad,Ahmedabad,2024-10-30,Consumer,Marketplace
C004151,Karan Mishra,Female,33,Surat,Surat,2026-02-22,Home Office,Paid Search
C004152,Rahul Kumar,Male,55,Bhopal,Bhopal,2025-10-13,Consumer,Organic Search
C004153,Riya Shah,Male,27,Kolkata,Kolkata,2022-03-06,Small Business,Paid Search
C004154,Ishaan Shah,Male,34,Chennai,Chennai,2026-03-20,Corporate,Affiliate
C004155,Nikhil Kumar,Male,46,Pune,Pune,2026-03-08,Consumer,Paid Search
C004156,Krishna Mishra,Non-Binary,25,Chandigarh,Chandigarh,2026-06-08,Consumer,Social Media
C004157,Kabir Mehta,Female,34,Bhopal,Bhopal,2022-10-25,Home Office,Marketplace
C004158,Priya Mishra,Male,20,Mysuru,Mysuru,2022-02-01,Consumer,Marketplace
C004159,Varun Kumar,Male,43,Chennai,Chennai,2023-08-01,Consumer,Social Media
C004160,Isha Chopra,Female,46,Kochi,Kochi,2025-02-08,Consumer,Email
C004161,Manish Yadav,Female,18,Bhubaneswar,Bhubaneswar,2022-03-22,Small Business,Organic Search
C004162,Meera Reddy,Female,49,Kochi,Kochi,2025-01-01,Consumer,Organic Search
C004163,Vikram Malhotra,Male,35,Mysuru,Mysuru,2025-08-22,Consumer,Referral
C004164,Neha Chopra,Female,37,Lucknow,Lucknow,2026-05-23,Consumer,Social Media
C004165,Aditi Sharma,Male,22,Kolkata,Kolkata,2025-06-10,Home Office,Paid Search
C004166,Aditya Nair,Male,37,Delhi,Delhi,2025-03-05,Consumer,Marketplace
C004167,Nisha Singh,Male,31,Hyderabad,Hyderabad,2026-05-28,Consumer,Organic Search
C004168,Reyansh Yadav,Female,33,Mysuru,Mysuru,2025-03-06,Consumer,Organic Search
C004169,Ishaan Mishra,Male,35,Bengaluru,Bengaluru,2023-02-17,Consumer,Referral
C004170,Meera Mishra,Male,24,Surat,Surat,,Home Office,Social Media
C004171,Reyansh Sharma,Male,45,Guwahati,Guwahati,2024-07-18,Consumer,Paid Search
C004172,Priya Iyer,Non-Binary,43,Gurugram,Gurugram,2023-12-18,Consumer,Social Media
C004173,Tanya Sharma,Female,27,Patna,Patna,2023-12-06,Consumer,Social Media
C004174,Rahul Nair,Female,41,Guwahati,Guwahati,2025-10-27,Home Office,Social Media
C004175,Arjun Verma,Male,33,Indore,Indore,2022-11-18,Consumer,Email
C004176,Aarav Mehta,Male,43,Jaipur,Jaipur,2022-11-10,Consumer,Marketplace
C004177,Nisha Singh,Male,32,Chennai,Chennai,2025-07-09,Consumer,Marketplace
C004178,Sanya Patel,Male,18,Chandigarh,Chandigarh,2023-06-16,Corporate,Social Media
C004179,Rahul Chopra,Female,52,Lucknow,Lucknow,2025-09-26,Consumer,Social Media
C004180,Vivaan Singh,Male,39,Kochi,Kochi,2024-03-04,Consumer,Affiliate
C004181,POOJA DAS,Female,34,Bhubaneswar,Bhubaneswar,2025-10-20,Consumer,Organic Search
C004182,Isha Verma,Male,51,Kolkata,Kolkata,2023-02-26,Consumer,Social Media
C004183,Vivaan Verma,Male,35,Bengaluru,Bengaluru,2025-06-12,Corporate,Referral
C004184,Aarav Mehta,Male,21,Indore,Indore,2022-09-01,Consumer,Organic Search
C004185,Diya Malhotra,Female,40,Jaipur,Jaipur,2024-08-29,Consumer,Email
C004186,Manish Bose,Male,30,Mumbai,Mumbai,2023-08-03,Corporate,Social Media
C004187,Krishna Kapoor,Female,18,Guwahati,Guwahati,2023-12-17,Consumer,Email
C004188,Aarav Gupta,Female,38,Patna,Patna,2023-03-24,Corporate,Paid Search
C004189,Diya Sharma,Female,30,Delhi,Delhi,2025-10-06,Consumer,Referral
C004190,Isha Malhotra,Female,36,Ahmedabad,Ahmedabad,2025-03-17,Consumer,Referral
C004191,Tanya Sharma,Female,36,Kolkata,Kolkata,2022-03-18,Consumer,Paid Search
C004192,Ishaan Verma,Female,33,Indore,Indore,2024-04-19,Consumer,Affiliate
C004193,Sneha Joshi,Male,19,Chennai,Chennai,2023-06-29,Consumer,Paid Search
C004194,Sneha Shah,Female,18,Gurugram,Gurugram,2022-03-16,Small Business,Organic Search
C004195,Kavya Kumar,Male,50,Coimbatore,Coimbatore,2023-11-02,Consumer,Email
C004196,Ananya Joshi,Male,37,Bengaluru,Bengaluru,2026-07-11,Small Business,Social Media
C004197,Varun Chopra,Male,21,Surat,Surat,2025-03-23,Home Office,Organic Search
C004198,Priya Iyer,Male,52,Bengaluru,Bengaluru,2022-11-15,Home Office,Email
C004199,Reyansh Mehta,Female,22,Guwahati,Guwahati,2025-03-28,Consumer,Referral
C004200,Vivaan Reddy,Female,53,Surat,Surat,2024-12-13,Consumer,Social Media
C004201,Aarav Verma,Female,22,Mumbai,Mumbai,2024-08-27,Consumer,Email
C004202,Varun Iyer,Female,40,Guwahati,Guwahati,2024-10-03,Consumer,Paid Search
C004203,Neha Kumar,Male,63,Bhubaneswar,Bhubaneswar,2023-02-11,Consumer,Social Media
C004204,Sneha Kapoor,Male,18,Guwahati,Guwahati,2025-02-18,Consumer,Paid Search
C004205,Riya Sharma,Female,45,Mysuru,Mysuru,2025-08-27,Consumer,Social Media
C004206,Manish Das,Female,42,Lucknow,Lucknow,2025-08-14,Consumer,Marketplace
C004207,Meera Kumar,Male,24,Visakhapatnam,Visakhapatnam,2022-01-18,Consumer,Referral
C004208,Kavya Chopra,Female,21,Patna,Patna,2023-02-21,Consumer,Social Media
C004209,Aarav Joshi,Female,37,Chandigarh,Chandigarh,2024-07-07,Corporate,Email
C004210,Isha Sharma,Male,50,Pune,Pune,2025-11-16,Corporate,Paid Search
C004211,Siddharth Patel,Male,30,Chennai,Chennai,2023-04-11,Corporate,Affiliate
C004212,Vivaan Iyer,Female,33,Jaipur,Jaipur,2024-10-06,Consumer,Organic Search
C004213,Aarav Bose,Female,24,Patna,Patna,2024-01-02,Consumer,Affiliate
C004214,Reyansh Kumar,Female,42,Lucknow,Lucknow,2026-01-10,Consumer,Organic Search
C004215,Vivaan Shah,Female,25,Jaipur,Jaipur,2022-10-04,Consumer,Organic Search
C004216,Priya Yadav,Female,34,Jaipur,Jaipur,2024-08-24,Consumer,Social Media
C004217,Ananya Mehta,Male,25,Coimbatore,Coimbatore,2023-01-07,Consumer,Paid Search
C004218,Neha Yadav,Non-Binary,49,Guwahati,Guwahati,2026-03-17,Consumer,Affiliate
C004219,Nikhil Verma,Male,41,Mumbai,Mumbai,2025-10-23,Consumer,Social Media
C004220,Isha Gupta,Female,41,Guwahati,Guwahati,2022-02-03,Corporate,Email
C004221,Ananya Singh,Male,24,Noida,Noida,2024-11-05,Corporate,Paid Search
C004222,Riya Kapoor,Male,24,Visakhapatnam,Visakhapatnam,2024-08-11,Consumer,Organic Search
C004223,Reyansh Iyer,Male,30,Surat,Surat,2024-05-08,Corporate,Referral
C004224,Rahul Gupta,Male,20,Bhubaneswar,Bhubaneswar,2024-01-13,Small Business,Social Media
C004225,Sneha Mehta,Male,26,Chandigarh,Chandigarh,2025-10-01,Consumer,Social Media
C004226,Kabir Kumar,Female,31,Bhopal,Bhopal,2025-02-02,Home Office,Paid Search
C004227,Arjun Verma,Male,42,Hyderabad,Hyderabad,2022-03-13,Consumer,Referral
C004228,Kabir Sharma,Female,37,Pune,Pune,2024-03-20,Consumer,Organic Search
C004229,Karan Yadav,Female,34,Delhi,Delhi,2025-12-01,Consumer,Organic Search
C004230,Kabir Reddy,Female,44,Nagpur,Nagpur,2024-06-07,Small Business,Organic Search
C004231,Krishna Joshi,Male,35,Kochi,Kochi,2023-12-25,Consumer,Social Media
C004232,Meera Mehta,Female,29,Kochi,Kochi,2025-03-15,Consumer,Marketplace
C004233,Isha Singh,Male,30,Mysuru,Mysuru,2024-04-17,Consumer,Social Media
C004234,Arjun Iyer,Male,32,Jaipur,Jaipur,,Consumer,Referral
C004235,Nikhil Kumar,Female,32,Nagpur,Nagpur,2023-06-25,Small Business,Organic Search
C004236,Isha Mehta,Male,26,Pune,Pune,2023-05-23,Consumer,Marketplace
C004237,arjun patel,Female,32,Chandigarh,Chandigarh,2023-11-14,Home Office,Email
C004238,Aditya Malhotra,Male,32,Lucknow,Lucknow,2025-11-07,Consumer,Marketplace
C004239,Ishaan Nair,Male,31,Guwahati,Guwahati,2025-07-13,Consumer,Paid Search
C004240,Pooja Bose,Male,41,Pune,Pune,2024-06-01,Consumer,Email
C004241,Unknown,Male,33,Bhopal,Bhopal,2023-12-15,Consumer,Social Media
C004242,Neha Kumar,Female,50,Pune,Pune,2025-02-17,Small Business,Organic Search
C004243,Isha Kumar,Female,40,Noida,Noida,2026-05-31,Home Office,Social Media
C004244,Manish Das,Female,42,Patna,Patna,2025-03-11,Consumer,Paid Search
C004245,Riya Gupta,Male,28,Noida,Noida,2025-06-22,Consumer,Marketplace
C004246,Diya Das,Male,31,Kolkata,Kolkata,2023-12-12,Consumer,Organic Search
C004247,Manish Kapoor,Non-Binary,43,Coimbatore,Coimbatore,2024-09-04,Small Business,Paid Search
C004248,Ishaan Shah,Male,32,Visakhapatnam,Visakhapatnam,2022-03-28,Consumer,Organic Search
C004249,Aarav Das,Male,29,Bhopal,Bhopal,2025-02-09,Home Office,Referral
C004250,Riya Shah,Female,54,Bhopal,Bhopal,2022-12-17,Consumer,Paid Search
C004251,Vivaan Rao,Male,42,Kolkata,Kolkata,2026-06-16,Consumer,Organic Search
C004252,Pooja Mishra,Female,30,Jaipur,Jaipur,2023-06-03,Consumer,Referral
C004253,Isha Shah,Female,57,Noida,Noida,2022-07-01,Consumer,Email
C004254,Priya Malhotra,Male,40,Chandigarh,Chandigarh,2023-08-29,Consumer,Referral
C004255,Riya Mehta,Non-Binary,32,Kochi,Kochi,2024-10-17,Consumer,Paid Search
C004256,Karan Reddy,Male,47,Kochi,Kochi,2024-06-03,Consumer,Email
C004257,Ishaan Singh,Female,31,Gurugram,Gurugram,2026-01-15,Consumer,Paid Search
C004258,Aarav Iyer,Unknown,23,Bhubaneswar,Bhubaneswar,2026-06-09,Small Business,Marketplace
C004259,Krishna Yadav,Male,39,Indore,Indore,2023-12-24,Home Office,Marketplace
C004260,Sneha Malhotra,Male,18,Kochi,Kochi,2022-05-14,Corporate,Organic Search
C004261,Krishna Iyer,Male,18,Ahmedabad,Ahmedabad,2024-09-29,Small Business,Social Media
C004262,Varun Reddy,Male,31,Chennai,Chennai,2023-10-08,Consumer,Marketplace
C004263,Pooja Kumar,Female,41,Patna,Patna,2025-12-07,Home Office,Social Media
C004264,Tanya Nair,Male,62,Chennai,Chennai,2022-01-04,Consumer,Referral
C004265,Aditi Singh,Female,21,Nagpur,Nagpur,,Home Office,Social Media
C004266,Unknown,Female,34,Surat,Surat,2024-05-16,Corporate,Email
C004267,Sneha Sharma,Female,18,Chandigarh,Chandigarh,2022-01-17,Consumer,Referral
C004268,Aditya Nair,Female,44,Bengaluru,Bengaluru,2022-11-17,Small Business,Marketplace
C004269,Vivaan Shah,Non-Binary,52,Chennai,Chennai,2022-05-09,Corporate,Social Media
C004270,Arjun Singh,Female,46,Indore,Indore,2022-05-30,Consumer,Social Media
C004271,Riya Bose,Male,41,Mumbai,Mumbai,2022-06-28,Consumer,Organic Search
C004272,Manish Kapoor,Male,43,Delhi,Delhi,2026-01-21,Corporate,Social Media
C004273,Reyansh Nair,Female,37,Mumbai,Mumbai,2026-05-27,Consumer,Email
C004274,Rahul Joshi,Male,51,Kolkata,Kolkata,2024-03-20,Corporate,Affiliate
C004275,Riya Joshi,Female,22,Surat,Surat,2024-02-20,Consumer,Affiliate
C004276,Kavya Mishra,Male,28,Chandigarh,Chandigarh,2026-02-11,Corporate,Email
C004277,Vikram Chopra,Male,53,Coimbatore,Coimbatore,2024-06-29,Corporate,Social Media
C004278,Rahul Gupta,Female,25,Kochi,Kochi,2022-02-05,Consumer,Referral
C004279,Aarav Verma,Female,51,Coimbatore,Coimbatore,2025-10-09,Consumer,Affiliate
C004280,Rohan Mehta,Female,20,Gurugram,Gurugram,2026-05-23,Consumer,Marketplace
C004281,Rohan Mehta,Female,39,Mysuru,Mysuru,2026-01-30,Consumer,Social Media
C004282,Arjun Rao,Female,21,Chandigarh,Chandigarh,2023-06-16,Consumer,Social Media
C004283,Sanya Gupta,Female,34,Patna,Patna,2025-08-20,Consumer,Social Media
C004284,Pooja Joshi,Male,31,Bengaluru,Bengaluru,2022-07-27,Consumer,Affiliate
C004285,Aditya Nair,Female,21,Ahmedabad,Ahmedabad,2023-06-28,Consumer,Referral
C004286,Aditi Singh,Female,56,Mysuru,Mysuru,2023-09-08,Home Office,Organic Search
C004287,Arjun Mishra,Female,55,Kochi,Kochi,2022-03-04,Consumer,Paid Search
C004288,Aarav Kapoor,Male,26,Kolkata,Kolkata,2022-11-30,Consumer,Social Media
C004289,Varun Sharma,Female,30,Guwahati,Guwahati,2025-11-01,Consumer,Social Media
C004290,Nikhil Singh,Female,43,Chennai,Chennai,2024-02-04,Corporate,Unknown
C004291,Unknown,Female,38,Coimbatore,Coimbatore,2024-08-10,Small Business,Marketplace
C004292,Kabir Kapoor,Male,36,Bhubaneswar,Bhubaneswar,2026-03-17,Consumer,Social Media
C004293,Priya Sharma,Male,32,Delhi,Delhi,2026-04-14,Consumer,Paid Search
C004294,Sanya Nair,Male,22,Jaipur,Jaipur,2025-03-12,Home Office,Social Media
C004295,Rahul Gupta,Female,45,Gurugram,Gurugram,2024-09-30,Consumer,Referral
C004296,Vivaan Mehta,Male,51,Patna,Patna,2023-10-13,Consumer,Referral
C004297,Nisha Rao,Male,40,Pune,Pune,2024-12-13,Consumer,Affiliate
C004298,Reyansh Mishra,Female,35,Mumbai,Mumbai,2025-07-06,Consumer,Organic Search
C004299,Aditi Chopra,Male,54,Indore,Indore,,Consumer,Paid Search
C004300,Aditya Verma,Female,29,Surat,Surat,2025-05-11,Small Business,Organic Search
C004301,Kavya Iyer,Female,41,Mysuru,Mysuru,2026-03-19,Home Office,Email
C004302,Manish Iyer,Female,34,Gurugram,Gurugram,2024-05-01,Consumer,Organic Search
C004303,Tanya Singh,Female,43,Lucknow,Lucknow,2026-04-21,Home Office,Organic Search
C004304,Vikram Kumar,Female,21,Hyderabad,Hyderabad,2023-03-22,Consumer,Social Media
C004305,Siddharth Joshi,Female,18,Bhopal,Bhopal,2026-05-29,Consumer,Social Media
C004306,Sanya Iyer,Female,44,Indore,Indore,2022-05-10,Consumer,Paid Search
C004307,Rohan Verma,Female,37,Coimbatore,Coimbatore,2025-03-19,Consumer,Email
C004308,Priya Rao,Female,23,Bengaluru,Bengaluru,2024-12-08,Small Business,Organic Search
C004309,Pooja Verma,Female,35,Guwahati,Guwahati,2024-07-17,Consumer,Organic Search
C004310,Krishna Kapoor,Male,26,Visakhapatnam,Visakhapatnam,2024-04-15,Consumer,Social Media
C004311,Sneha Reddy,Female,18,Kolkata,Kolkata,2025-11-22,Consumer,Paid Search
C004312,Karan Iyer,Female,34,Guwahati,Guwahati,2023-12-04,Consumer,Marketplace
C004313,Ananya Mishra,Male,53,Lucknow,Lucknow,2023-04-08,Consumer,Affiliate
C004314,Pooja Kapoor,Female,38,Nagpur,Nagpur,2026-03-07,Home Office,Marketplace
C004315,Kavya Rao,Male,28,Indore,Indore,2022-08-18,Consumer,Paid Search
C004316,Karan Mishra,Non-Binary,39,Ahmedabad,Ahmedabad,2024-08-10,Consumer,Marketplace
C004317,Tanya Rao,Male,51,Guwahati,Guwahati,2023-04-02,Home Office,Organic Search
C004318,Tanya Malhotra,Male,45,Noida,Noida,2022-02-07,Consumer,Paid Search
C004319,Karan Mishra,Female,28,Visakhapatnam,Visakhapatnam,2022-01-26,Home Office,Organic Search
C004320,Kavya Patel,Female,28,Coimbatore,Coimbatore,2022-08-15,Consumer,Paid Search
C004321,Reyansh Nair,Male,18,Noida,Noida,2024-10-23,Consumer,Email
C004322,Siddharth Kapoor,Female,24,Kochi,Kochi,2024-02-18,Consumer,Paid Search
C004323,Sneha Malhotra,Male,35,Guwahati,Guwahati,2025-01-25,Corporate,Paid Search
C004324,Vikram Gupta,Female,28,Hyderabad,Hyderabad,2022-09-29,Consumer,Paid Search
C004325,Vivaan Patel,Female,47,Kolkata,Kolkata,2023-08-25,Consumer,Referral
C004326,Pooja Nair,Female,43,Noida,Noida,2024-07-13,Corporate,Social Media
C004327,Manish Yadav,Non-Binary,38,Ahmedabad,Ahmedabad,2023-01-03,Consumer,Paid Search
C004328,Aarav Kapoor,Female,18,Noida,Noida,2026-07-05,Consumer,Marketplace
C004329,Arjun Yadav,Female,21,Kolkata,Kolkata,2024-05-13,Small Business,Organic Search
C004330,Rohan Malhotra,Male,18,Chennai,Chennai,2024-01-01,Consumer,Social Media
C004331,Siddharth Yadav,Female,48,Bhubaneswar,Bhubaneswar,2022-08-27,Consumer,Social Media
C004332,Aditi Malhotra,Male,30,Kochi,Kochi,2022-07-09,Consumer,Paid Search
C004333,Diya Mehta,Male,20,Nagpur,Nagpur,2023-10-05,Corporate,Organic Search
C004334,Nisha Malhotra,Female,23,Bhopal,Bhopal,2022-02-24,Corporate,Social Media
C004335,Manish Malhotra,Male,28,Bhubaneswar,Bhubaneswar,2024-03-20,Consumer,Paid Search
C004336,Siddharth Sharma,Male,25,Pune,Pune,2025-04-27,Home Office,Paid Search
C004337,Nikhil Reddy,Male,44,Mumbai,Mumbai,2022-05-26,Consumer,Referral
C004338,Rohan Bose,Male,26,Mysuru,Mysuru,2025-07-03,Corporate,Paid Search
C004339,Manish Gupta,Male,32,Bhopal,Bhopal,2023-04-03,Consumer,Organic Search
C004340,Ananya Iyer,Male,34,Hyderabad,Hyderabad,2025-07-28,Consumer,Paid Search
C004341,Ishaan Verma,Female,35,Chennai,Chennai,2025-11-01,Home Office,Marketplace
C004342,Krishna Shah,Female,26,Bengaluru,Bengaluru,2025-07-30,Consumer,Marketplace
C004343,Riya Reddy,Female,41,Coimbatore,Coimbatore,2022-01-13,Consumer,Organic Search
C004344,Vivaan Nair,Male,33,Guwahati,Guwahati,2026-07-17,Consumer,Referral
C004345,Karan Shah,Male,45,Guwahati,Guwahati,2023-08-13,Consumer,Organic Search
C004346,Sneha Shah,Female,27,Guwahati,Guwahati,2026-03-16,Small Business,Paid Search
C004347,Isha Mehta,Non-Binary,44,Pune,Pune,2026-07-25,Consumer,Organic Search
C004348,Neha Chopra,Female,49,Gurugram,Gurugram,2026-06-28,Consumer,Organic Search
C004349,Manish Singh,Male,40,Jaipur,Jaipur,2022-02-11,Home Office,Paid Search
C004350,Siddharth Bose,Female,46,Nagpur,Nagpur,2022-01-17,Consumer,Paid Search
C004351,Karan Mehta,Male,34,Guwahati,Guwahati,2024-04-11,Consumer,Organic Search
C004352,Rohan Yadav,Male,18,Nagpur,Nagpur,2023-02-08,Corporate,Paid Search
C004353,Isha Mehta,Male,18,Coimbatore,Coimbatore,2023-02-18,Consumer,Social Media
C004354,Riya Singh,Female,39,Pune,Pune,2023-01-26,Consumer,Social Media
C004355,Varun Kapoor,Unknown,19,Pune,Pune,2025-06-28,Home Office,Paid Search
C004356,Arjun Kapoor,Male,46,Bhopal,Bhopal,2025-11-26,Corporate,Referral
C004357,Vikram Joshi,Male,35,Chandigarh,Chandigarh,2022-04-19,Consumer,Referral
C004358,Rohan Patel,Male,50,Indore,Indore,2022-08-31,Consumer,Paid Search
C004359,Diya Yadav,Male,37,Nagpur,Nagpur,2024-05-23,Consumer,Paid Search
C004360,Manish Verma,Male,42,Indore,Indore,2025-10-07,Consumer,Paid Search
C004361,Diya Kapoor,Female,18,Surat,Surat,2026-07-24,Consumer,Organic Search
C004362,arjun gupta,Female,36,Mysuru,Mysuru,2024-07-21,Corporate,Affiliate
C004363,Kabir Nair,Male,29,Kochi,Kochi,2025-10-30,Consumer,Paid Search
C004364,Pooja Joshi,Male,32,Lucknow,Lucknow,2023-08-03,Corporate,Social Media
C004365,Kavya Shah,Female,58,Kochi,Kochi,2026-07-07,Home Office,Marketplace
C004366,Diya Joshi,Male,29,Bengaluru,Bengaluru,2023-10-24,Corporate,Marketplace
C004367,Kavya Shah,Female,55,Patna,Patna,2025-09-18,Consumer,Paid Search
C004368,Ishaan Singh,Female,25,Coimbatore,Coimbatore,2024-10-05,Consumer,Organic Search
C004369,Pooja Verma,Male,37,Kochi,Kochi,2025-10-05,Consumer,Organic Search
C004370,Manish Joshi,Male,45,Delhi,Delhi,2022-01-27,Consumer,Paid Search
C004371,Meera Shah,Male,43,Surat,Surat,2022-11-12,Home Office,Organic Search
C004372,Vivaan Joshi,Male,36,Bengaluru,Bengaluru,2024-07-24,Consumer,Organic Search
C004373,Aditya Yadav,Male,18,Visakhapatnam,Visakhapatnam,2025-07-17,Consumer,Paid Search
C004374,Riya Patel,Female,54,Indore,Indore,2024-04-30,Consumer,Social Media
C004375,Meera Bose,Male,32,Delhi,Delhi,2023-04-07,Consumer,Social Media
C004376,Vikram Reddy,Male,33,Gurugram,Gurugram,2022-09-21,Home Office,Paid Search
C004377,Neha Mehta,Female,35,Bhopal,Bhopal,2022-06-14,Corporate,Social Media
C004378,Neha Reddy,Female,52,Mumbai,Mumbai,2025-11-12,Consumer,Organic Search
C004379,Varun Sharma,Male,18,Chennai,Chennai,2025-02-09,Consumer,Social Media
C004380,Aditya Verma,Female,29,Visakhapatnam,Visakhapatnam,2024-10-17,Small Business,Paid Search
C004381,Aditi Rao,Female,34,Visakhapatnam,Visakhapatnam,2025-04-04,Consumer,Paid Search
C004382,Pooja Singh,Male,34,Ahmedabad,Ahmedabad,2025-10-07,Consumer,Organic Search
C004383,Diya Nair,Female,18,Bengaluru,Bengaluru,2025-07-10,Home Office,Paid Search
C004384,Meera Kapoor,Male,29,Nagpur,Nagpur,2022-04-21,Consumer,Organic Search
C004385,ADITYA BOSE,Female,36,Surat,Surat,2025-09-08,Consumer,Organic Search
C004386,Siddharth Chopra,Male,34,Nagpur,Nagpur,2025-04-15,Corporate,Organic Search
C004387,Reyansh Shah,Female,31,Mumbai,Mumbai,2025-09-02,Consumer,Marketplace
C004388,Neha Yadav,Female,25,Visakhapatnam,Visakhapatnam,2025-01-06,Consumer,Social Media
C004389,Pooja Malhotra,Female,21,Chennai,Chennai,2025-10-06,Home Office,Paid Search
C004390,Isha Bose,Male,24,Chandigarh,Chandigarh,2024-01-02,Home Office,Referral
C004391,Sneha Joshi,Male,26,Nagpur,Nagpur,2024-01-12,Consumer,Organic Search
C004392,Kabir Yadav,Female,30,Jaipur,Jaipur,2023-02-28,Small Business,Paid Search
C004393,Kabir Bose,Male,39,Visakhapatnam,Visakhapatnam,2022-07-06,Consumer,Paid Search
C004394,Rohan Mishra,Male,31,Noida,Noida,2025-12-22,Consumer,Paid Search
C004395,Vikram Shah,Male,51,Unknown,Unknown,2023-04-19,Consumer,Referral
C004396,Karan Shah,Female,36,Lucknow,Lucknow,2025-08-19,Corporate,Referral
C004397,Nikhil Das,Female,31,Patna,Patna,2025-11-23,Home Office,Organic Search
C004398,Aditi Bose,Male,35,Gurugram,Gurugram,2024-08-01,Consumer,Marketplace
C004399,Tanya Yadav,Female,18,Chandigarh,Chandigarh,2024-07-22,Consumer,Referral
C004400,Nisha Yadav,Female,44,Bhopal,Bhopal,2023-02-08,Corporate,Referral
C004401,Pooja Malhotra,Female,37,Kolkata,Kolkata,2024-07-27,Consumer,Paid Search
C004402,Karan Iyer,Male,25,Kochi,Kochi,2023-06-02,Consumer,Organic Search
C004403,Reyansh Nair,Male,32,Ahmedabad,Ahmedabad,2022-12-05,Corporate,Referral
C004404,Aarav Reddy,Male,45,Bhubaneswar,Bhubaneswar,2023-01-30,Corporate,Social Media
C004405,Karan Reddy,Male,44,Kochi,Kochi,2023-12-13,Home Office,Paid Search
C004406,Kabir Patel,Male,33,Surat,Surat,2022-12-13,Consumer,Paid Search
C004407,Tanya Mishra,Male,48,Jaipur,Jaipur,2022-05-12,Small Business,Organic Search
C004408,Rohan Das,Male,36,Kochi,Kochi,2024-04-03,Consumer,Organic Search
C004409,Karan Joshi,Female,36,Kolkata,Kolkata,2023-02-22,Corporate,Email
C004410,Nikhil Malhotra,Female,24,Nagpur,Nagpur,2025-07-20,Corporate,Organic Search
C004411,Rahul Nair,Female,23,Coimbatore,Coimbatore,2025-03-22,Corporate,Email
C004412,Neha Patel,Female,53,Mumbai,Mumbai,2023-11-30,Consumer,Referral
C004413,Rohan Singh,Female,25,Patna,Patna,2023-01-14,Consumer,Marketplace
C004414,Kavya Kapoor,Male,36,Chandigarh,Chandigarh,2022-04-09,Home Office,Referral
C004415,Manish Chopra,Female,18,Patna,Patna,2024-03-28,Consumer,Paid Search
C004416,Karan Yadav,Male,67,Ahmedabad,Ahmedabad,2024-06-24,Corporate,Organic Search
C004417,Sneha Nair,Male,36,Bengaluru,Bengaluru,2025-03-06,Home Office,Paid Search
C004418,Meera Rao,Female,40,Jaipur,Jaipur,2024-03-17,Home Office,Paid Search
C004419,Manish Shah,Female,36,Coimbatore,Coimbatore,2022-11-20,Consumer,Email
C004420,Rahul Nair,Male,39,Mumbai,Mumbai,2024-01-09,Consumer,Marketplace
C004421,Rohan Kapoor,Male,22,Jaipur,Jaipur,2025-01-24,Consumer,Paid Search
C004422,Neha Bose,Male,49,Mysuru,Mysuru,2022-05-29,Consumer,Marketplace
C004423,Reyansh Kumar,Female,41,Visakhapatnam,Visakhapatnam,2025-02-15,Consumer,Social Media
C004424,Rohan Iyer,Male,25,Ahmedabad,Ahmedabad,2026-03-07,Consumer,Organic Search
C004425,Kabir Patel,Male,18,Patna,Patna,2026-02-27,Consumer,Paid Search
C004426,Diya Patel,Male,26,Chandigarh,Chandigarh,2025-07-01,Consumer,Organic Search
C004427,Meera Bose,Female,25,Kochi,Kochi,2024-11-02,Home Office,Paid Search
C004428,Varun Mishra,Non-Binary,32,Jaipur,Jaipur,2024-08-14,Home Office,Organic Search
C004429,Meera Patel,Male,24,Jaipur,Jaipur,2022-10-30,Consumer,Social Media
C004430,Aarav Chopra,Female,30,Nagpur,Nagpur,2023-08-07,Consumer,Marketplace
C004431,Nisha Das,Female,26,Bhubaneswar,Bhubaneswar,2022-06-28,Consumer,Affiliate
C004432,Priya Kapoor,Male,61,Lucknow,Lucknow,2023-07-07,Consumer,Organic Search
C004433,Vivaan Gupta,Male,27,Noida,Noida,2026-03-26,Consumer,Paid Search
C004434,Riya Chopra,Female,33,Bengaluru,Bengaluru,2024-03-01,Corporate,Referral
C004435,Nikhil Joshi,Female,30,Kolkata,Kolkata,2022-02-04,Consumer,Paid Search
C004436,Manish Patel,Male,39,Mysuru,Mysuru,2022-05-31,Consumer,Organic Search
C004437,Sanya Das,Female,18,Kochi,Kochi,2026-03-31,Consumer,Organic Search
C004438,Sanya Sharma,Female,38,Chennai,Chennai,2024-02-16,Consumer,Organic Search
C004439,Reyansh Kumar,Female,23,Ahmedabad,Ahmedabad,2025-11-02,Corporate,Organic Search
C004440,Ishaan Kumar,Female,18,Delhi,Delhi,2025-08-27,Consumer,Organic Search
C004441,Sanya Bose,Male,58,Pune,Pune,2023-07-21,Home Office,Marketplace
C004442,Pooja Verma,Female,47,Kochi,Kochi,2023-03-15,Home Office,Email
C004443,Isha Mehta,Female,46,Bhubaneswar,Bhubaneswar,2025-07-10,Consumer,Social Media
C004444,Isha Mishra,Female,39,Noida,Noida,2023-05-24,Consumer,Social Media
C004445,Nisha Sharma,Male,18,Visakhapatnam,Visakhapatnam,2023-03-10,Consumer,Paid Search
C004446,Kavya Das,Female,53,Gurugram,Gurugram,2025-06-08,Home Office,Social Media
C004447,Krishna Shah,Female,37,Lucknow,Lucknow,2023-09-22,Consumer,Organic Search
C004448,Sneha Das,Female,21,Jaipur,Jaipur,2025-08-16,Consumer,Affiliate
C004449,Sneha Verma,Male,28,Indore,Indore,2025-12-25,Small Business,Email
C004450,Tanya Mehta,Male,32,Noida,Noida,2024-01-03,Home Office,Paid Search
C004451,Ananya Bose,Male,48,Pune,Pune,2023-04-07,Consumer,Email
C004452,Nikhil Malhotra,Female,20,Nagpur,Nagpur,2023-06-25,Consumer,Organic Search
C004453,Ananya Reddy,Female,36,Noida,Noida,2025-04-22,Consumer,Organic Search
C004454,Aditi Das,Female,38,Mysuru,Mysuru,2022-08-23,Corporate,Social Media
C004455,Manish Chopra,Female,43,Noida,Noida,2022-05-31,Consumer,Affiliate
C004456,Nikhil Singh,Female,35,Gurugram,Gurugram,2025-03-19,Consumer,Organic Search
C004457,Rahul Malhotra,Male,27,Jaipur,Jaipur,2025-03-26,Consumer,Affiliate
C004458,Arjun Nair,Male,25,Chandigarh,Chandigarh,2024-02-10,Corporate,Referral
C004459,Diya Nair,Female,24,Hyderabad,Hyderabad,2026-07-17,Home Office,Affiliate
C004460,Vivaan Sharma,Male,37,Surat,Surat,2024-05-29,Small Business,Email
C004461,Nisha Iyer,Male,38,Lucknow,Lucknow,2026-01-05,Consumer,Affiliate
C004462,Rahul Nair,Male,29,Bhubaneswar,Bhubaneswar,2023-07-08,Consumer,Organic Search
C004463,Aarav Rao,Female,40,Ahmedabad,Ahmedabad,2026-01-18,Consumer,Marketplace
C004464,Pooja Bose,Non-Binary,44,Kochi,Kochi,2022-12-02,Consumer,Paid Search
C004465,Aditya Sharma,Male,26,Jaipur,Jaipur,2023-09-12,Consumer,Paid Search
C004466,Rahul Yadav,Female,22,Mysuru,Mysuru,2025-08-06,Consumer,Email
C004467,Aditi Mishra,Female,40,Coimbatore,Coimbatore,2025-12-19,Consumer,Email
C004468,Sneha Das,Female,53,Kochi,Kochi,2023-07-28,Consumer,Paid Search
C004469,Arjun Patel,Female,46,Kochi,Kochi,2026-07-24,Consumer,Organic Search
C004470,Priya Reddy,Non-Binary,47,Patna,Patna,2025-05-10,Home Office,Paid Search
C004471,Arjun Mishra,Female,55,Pune,Pune,2025-09-17,Small Business,Social Media
C004472,Nisha Shah,Male,27,Bengaluru,Bengaluru,2026-06-01,Consumer,Social Media
C004473,Kabir Malhotra,Female,23,Indore,Indore,2024-10-26,Corporate,Paid Search
C004474,Diya Singh,Female,27,Nagpur,Nagpur,2025-09-04,Consumer,Organic Search
C004475,Siddharth Kapoor,Female,34,Chennai,Chennai,2022-12-22,Consumer,Email
C004476,Ishaan Singh,Female,65,Guwahati,Guwahati,,Consumer,Paid Search
C004477,Rahul Kumar,Female,39,Visakhapatnam,Visakhapatnam,2022-05-25,Small Business,Social Media
C004478,Krishna Sharma,Female,29,Ahmedabad,Ahmedabad,2024-05-27,Corporate,Referral
C004479,Pooja Shah,Female,29,Indore,Indore,2023-03-17,Small Business,Organic Search
C004480,Rahul Das,Male,29,Bhopal,Bhopal,2022-05-24,Consumer,Organic Search
C004481,Reyansh Sharma,Male,36,Bhubaneswar,Bhubaneswar,2025-11-17,Consumer,Organic Search
C004482,Krishna Kapoor,Male,31,Ahmedabad,Ahmedabad,2025-06-04,Consumer,Social Media
C004483,Isha Rao,Female,30,Noida,Noida,2024-10-03,Consumer,Referral
C004484,Riya Das,Male,52,Bengaluru,Bengaluru,2023-03-08,Consumer,Organic Search
C004485,Vivaan Verma,Male,43,Jaipur,Jaipur,2025-10-06,Home Office,Email
C004486,Reyansh Nair,Female,33,Mumbai,Mumbai,2023-12-09,Consumer,Email
C004487,Isha Bose,Female,36,Guwahati,Guwahati,2025-12-26,Consumer,Social Media
C004488,Kabir Verma,Female,46,Delhi,Delhi,2022-09-29,Consumer,Paid Search
C004489,kavya kumar,Female,42,Guwahati,Guwahati,2023-02-13,Consumer,Organic Search
C004490,Priya Yadav,Male,38,Guwahati,Guwahati,2022-12-14,Corporate,Marketplace
C004491,Aditya Joshi,Male,31,Bhopal,Bhopal,2023-02-08,Consumer,Email
C004492,Kavya Mehta,Male,47,Patna,Patna,2022-06-11,Consumer,Marketplace
C004493,Reyansh Yadav,Female,25,Gurugram,Gurugram,2024-07-22,Home Office,Social Media
C004494,Manish Kapoor,Male,27,Kochi,Kochi,2024-12-19,Corporate,Organic Search
C004495,Unknown,Male,32,Jaipur,Jaipur,2023-05-30,Consumer,Paid Search
C004496,Rohan Iyer,Female,29,Nagpur,Nagpur,2026-05-11,Corporate,Organic Search
C004497,Diya Gupta,Female,48,Patna,Patna,2025-10-10,Consumer,Paid Search
C004498,Aditya Rao,Male,44,Indore,Indore,2026-01-06,Corporate,Paid Search
C004499,Aditi Sharma,Male,28,Surat,Surat,2025-09-11,Consumer,Organic Search
C004500,Ishaan Reddy,Male,19,Chennai,Chennai,2022-06-17,Consumer,Social Media
C004501,Priya Shah,Female,42,Lucknow,Lucknow,2023-11-09,Consumer,Marketplace
C004502,Siddharth Das,Female,32,Guwahati,Guwahati,2022-09-18,Consumer,Marketplace
C004503,Priya Kapoor,Female,41,Mumbai,Mumbai,2023-10-12,Small Business,Referral
C004504,Vivaan Chopra,Female,27,Visakhapatnam,Visakhapatnam,2025-10-28,Consumer,Marketplace
C004505,Priya Das,Male,48,Ahmedabad,Ahmedabad,2024-10-25,Consumer,Organic Search
C004506,Rahul Kumar,Male,24,Chandigarh,Chandigarh,2026-07-26,Consumer,Marketplace
C004507,Priya Patel,Female,36,Indore,Indore,2023-10-23,Corporate,Marketplace
C004508,Aarav Mishra,Female,22,Guwahati,Guwahati,2024-07-16,Consumer,Referral
C004509,Diya Nair,Male,30,Kochi,Kochi,2026-01-25,Consumer,Paid Search
C004510,Aditi Iyer,Male,48,Unknown,Unknown,2023-03-01,Consumer,Marketplace
C004511,Manish Patel,Female,33,Gurugram,Gurugram,2022-03-05,Corporate,Organic Search
C004512,Siddharth Kapoor,Male,32,Surat,Surat,2025-12-26,Small Business,Paid Search
C004513,Sanya Gupta,Female,31,Delhi,Delhi,2023-04-01,Consumer,Paid Search
C004514,Ishaan Patel,Male,52,Hyderabad,Hyderabad,2025-08-31,Consumer,Paid Search
C004515,Sneha Gupta,Male,18,Bhubaneswar,Bhubaneswar,2022-11-08,Corporate,Paid Search
C004516,Aarav Mehta,Female,38,Jaipur,Jaipur,2022-01-11,Corporate,Organic Search
C004517,Rohan Nair,Male,43,Pune,Pune,2026-06-06,Consumer,Affiliate
C004518,Aditya Patel,Male,42,Pune,Pune,2025-07-13,Consumer,Organic Search
C004519,Ishaan Joshi,Female,26,Chandigarh,Chandigarh,2023-04-12,Consumer,Marketplace
C004520,Nikhil Sharma,Female,25,Kochi,Kochi,2025-08-10,Consumer,Affiliate
C004521,Nikhil Bose,Female,35,Coimbatore,Coimbatore,2025-03-21,Corporate,Social Media
C004522,neha iyer,Male,27,Patna,Patna,2022-08-13,Small Business,Referral
C004523,Siddharth Mehta,Female,18,Visakhapatnam,Visakhapatnam,2022-04-08,Consumer,Organic Search
C004524,Krishna Malhotra,Male,36,Mysuru,Mysuru,2024-02-10,Consumer,Affiliate
C004525,Ananya Mehta,Male,30,Gurugram,Gurugram,2022-09-02,Consumer,Email
C004526,Rohan Malhotra,Female,35,Mumbai,Mumbai,2026-06-07,Small Business,Email
C004527,Ishaan Shah,Female,45,Noida,Noida,2024-04-21,Home Office,Referral
C004528,Karan Mehta,Male,47,Ahmedabad,Ahmedabad,2023-01-24,Home Office,Organic Search
C004529,Meera Iyer,Female,28,Guwahati,Guwahati,2024-04-09,Consumer,Organic Search
C004530,Rahul Shah,Male,37,Gurugram,Gurugram,2023-03-02,Corporate,Social Media
C004531,Ananya Das,Female,30,Kolkata,Kolkata,2024-11-01,Consumer,Social Media
C004532,Nisha Joshi,Female,40,Coimbatore,Coimbatore,2025-09-13,Consumer,Organic Search
C004533,Pooja Mehta,Female,61,Nagpur,Nagpur,2023-12-17,Home Office,Organic Search
C004534,Aarav Kapoor,Male,43,Mumbai,Mumbai,2025-03-23,Consumer,Organic Search
C004535,Aarav Joshi,Female,38,Kochi,Kochi,2023-11-08,Consumer,Email
C004536,Tanya Yadav,Male,33,Mumbai,Mumbai,2026-01-26,Home Office,Organic Search
C004537,Nisha Patel,Male,48,Nagpur,Nagpur,2024-11-26,Consumer,Social Media
C004538,Nikhil Singh,Female,20,Bhubaneswar,Bhubaneswar,2023-04-27,Small Business,Social Media
C004539,Sanya Kumar,Female,27,Guwahati,Guwahati,2024-08-14,Consumer,Email
C004540,Aditya Rao,Male,30,Gurugram,Gurugram,2024-03-19,Consumer,Paid Search
C004541,Aarav Nair,Male,18,Kochi,Kochi,2023-12-26,Consumer,Organic Search
C004542,Nisha Sharma,Female,34,Mumbai,Mumbai,2024-12-06,Consumer,Social Media
C004543,Varun Das,Female,43,Gurugram,Gurugram,2022-03-06,Consumer,Referral
C004544,Pooja Iyer,Male,40,Kolkata,Kolkata,2024-05-18,Small Business,Paid Search
C004545,Vivaan Sharma,Male,45,Jaipur,Jaipur,2026-06-10,Home Office,Referral
C004546,Nikhil Gupta,Female,18,Kolkata,Kolkata,2025-04-21,Small Business,Organic Search
C004547,Neha Sharma,Female,36,Kolkata,Kolkata,2022-09-05,Consumer,Email
C004548,Aarav Joshi,Female,41,Patna,Patna,2023-08-14,Corporate,Affiliate
C004549,Isha Das,Female,37,Hyderabad,Hyderabad,2025-09-03,Consumer,Email
C004550,Ananya Rao,Male,23,Indore,Indore,2025-02-25,Home Office,Social Media
C004551,Rohan Yadav,Male,32,Bhopal,Bhopal,2024-06-23,Home Office,Social Media
C004552,Varun Rao,Male,50,Delhi,Delhi,2023-10-07,Consumer,Marketplace
C004553,Varun Reddy,Female,32,Hyderabad,Hyderabad,2023-10-14,Small Business,Affiliate
C004554,Sanya Chopra,Female,28,Chennai,Chennai,2025-05-05,Home Office,Organic Search
C004555,Manish Das,Female,28,Bhubaneswar,Bhubaneswar,2024-12-11,Consumer,Referral
C004556,Ishaan Das,Female,38,Guwahati,Guwahati,2023-12-02,Corporate,Organic Search
C004557,Riya Joshi,Female,23,Guwahati,Guwahati,2025-02-18,Consumer,Referral
C004558,Rohan Nair,Male,52,Gurugram,Gurugram,2026-05-31,Consumer,Organic Search
C004559,Sneha Gupta,Male,22,Bengaluru,Bengaluru,2024-05-05,Consumer,Referral
C004560,Rohan Shah,Female,38,Noida,Noida,2026-07-21,Consumer,Social Media
C004561,Kabir Kumar,Male,27,Delhi,Delhi,2023-09-30,Small Business,Paid Search
C004562,Rohan Malhotra,Female,39,Indore,Indore,2025-11-26,Consumer,Marketplace
C004563,Aditya Rao,Male,23,Gurugram,Gurugram,2025-07-04,Consumer,Organic Search
C004564,Priya Kapoor,Female,18,Guwahati,Guwahati,2024-04-21,Consumer,Email
C004565,Neha Kapoor,Male,37,Bhopal,Bhopal,2025-05-11,Small Business,Referral
C004566,Isha Chopra,Male,47,Lucknow,Lucknow,2024-08-13,Consumer,Marketplace
C004567,Aditya Malhotra,Male,42,Bengaluru,Bengaluru,2022-05-31,Consumer,Referral
C004568,Reyansh Patel,Male,48,Ahmedabad,Ahmedabad,2024-10-05,Consumer,Organic Search
C004569,Neha Iyer,Female,34,Bhubaneswar,Bhubaneswar,2024-11-03,Consumer,Paid Search
C004570,Manish Iyer,Male,35,Lucknow,Lucknow,2024-10-05,Consumer,Referral
C004571,Kabir Patel,Male,39,Kolkata,Kolkata,2025-01-17,Consumer,Email
C004572,Ananya Patel,Male,58,Jaipur,Jaipur,2022-11-01,Home Office,Paid Search
C004573,Tanya Mishra,Female,57,Patna,Patna,2023-05-26,Consumer,Social Media
C004574,Kavya Shah,Female,46,Lucknow,Lucknow,2025-04-24,Home Office,Affiliate
C004575,Varun Nair,Male,50,Bhopal,Bhopal,2024-05-02,Consumer,Social Media
C004576,Manish Sharma,Female,36,Bhopal,Bhopal,2022-02-02,Home Office,Referral
C004577,Krishna Gupta,Male,41,Bhubaneswar,Bhubaneswar,2024-04-17,Consumer,Marketplace
C004578,Sanya Malhotra,Male,30,Mysuru,Mysuru,2026-07-10,Home Office,Email
C004579,Rahul Rao,Male,19,Delhi,Delhi,2022-11-11,Corporate,Social Media
C004580,Nisha Das,Male,36,Surat,Surat,2023-11-08,Home Office,Organic Search
C004581,Ishaan Malhotra,Female,51,Guwahati,Guwahati,2025-06-02,Consumer,Email
C004582,Unknown,Female,18,Kolkata,Kolkata,2024-12-10,Small Business,Paid Search
C004583,Aditi Gupta,Female,40,Mumbai,Mumbai,2024-11-16,Consumer,Social Media
C004584,Meera Yadav,Male,41,Bhubaneswar,Bhubaneswar,2023-03-17,Consumer,Email
C004585,Pooja Verma,Male,39,Delhi,Delhi,2024-11-28,Small Business,Social Media
C004586,Nikhil Singh,Male,37,Noida,Noida,2022-06-03,Consumer,Referral
C004587,Isha Kapoor,Female,18,Bhopal,Bhopal,2026-02-28,Small Business,Paid Search
C004588,Neha Shah,Female,34,Bengaluru,Bengaluru,2026-06-29,Consumer,Organic Search
C004589,Tanya Singh,Male,42,Surat,Surat,2022-02-08,Home Office,Paid Search
C004590,Meera Yadav,Male,42,Nagpur,Nagpur,2022-10-23,Small Business,Referral
C004591,Rohan Chopra,Female,19,Coimbatore,Coimbatore,2023-02-23,Corporate,Social Media
C004592,Meera Sharma,Female,35,Hyderabad,Hyderabad,2026-04-22,Corporate,Email
C004593,Kavya Malhotra,Male,38,Guwahati,Guwahati,2023-10-20,Consumer,Referral
C004594,Reyansh Sharma,Female,41,Chandigarh,Chandigarh,2026-05-09,Consumer,Email
C004595,Vikram Patel,Male,34,Surat,Surat,2022-06-06,Consumer,Social Media
C004596,Varun Sharma,Female,42,Visakhapatnam,Visakhapatnam,2025-09-08,Consumer,Organic Search
C004597,Ishaan Singh,Female,32,Chennai,Chennai,2024-10-20,Consumer,Referral
C004598,Vivaan Iyer,Female,25,Delhi,Delhi,2024-07-05,Home Office,Affiliate
C004599,Vikram Bose,Male,40,Surat,Surat,2024-06-25,Small Business,Organic Search
C004600,Kavya Kumar,Male,52,Pune,Pune,2023-05-18,Consumer,Paid Search
C004601,Nisha Gupta,Male,18,Bengaluru,Bengaluru,2023-12-05,Consumer,Referral
C004602,Kabir Nair,Female,33,Coimbatore,Coimbatore,2025-09-05,Consumer,Social Media
C004603,Priya Iyer,Female,34,Gurugram,Gurugram,2023-01-01,Consumer,Paid Search
C004604,Vivaan Malhotra,Male,21,Bhubaneswar,Bhubaneswar,2023-02-18,Home Office,Referral
C004605,Tanya Bose,Female,42,Guwahati,Guwahati,2023-02-19,Corporate,Referral
C004606,Neha Mehta,Female,39,Guwahati,Guwahati,2025-05-11,Consumer,Referral
C004607,Aditi Chopra,Female,44,Bhubaneswar,Bhubaneswar,2024-04-15,Consumer,Organic Search
C004608,Karan Reddy,Female,44,Coimbatore,Coimbatore,2022-08-25,Small Business,Referral
C004609,Rahul Sharma,Female,38,Chandigarh,Chandigarh,2023-10-27,Corporate,Marketplace
C004610,Kabir Chopra,Male,41,Guwahati,Guwahati,2026-06-24,Small Business,Affiliate
C004611,Vikram Verma,Male,26,Coimbatore,Coimbatore,2023-06-13,Consumer,Organic Search
C004612,Nikhil Chopra,Female,21,Pune,Pune,2022-02-06,Consumer,Organic Search
C004613,Rohan Nair,Non-Binary,37,Nagpur,Nagpur,2024-12-26,Corporate,Marketplace
C004614,Isha Verma,Male,36,Kochi,Kochi,2022-01-17,Consumer,Referral
C004615,Vikram Rao,Female,33,Surat,Surat,2023-10-15,Home Office,Paid Search
C004616,Tanya Verma,Female,21,Kochi,Kochi,2022-07-12,Consumer,Referral
C004617,Priya Verma,Female,21,Visakhapatnam,Visakhapatnam,2024-05-12,Consumer,Referral
C004618,Siddharth Singh,Male,27,Coimbatore,Coimbatore,2025-04-25,Consumer,Paid Search
C004619,Meera Patel,Male,31,Bhopal,Bhopal,2023-10-17,Small Business,Paid Search
C004620,Siddharth Chopra,Male,53,Noida,Noida,2024-03-10,Consumer,Paid Search
C004621,Krishna Chopra,Male,26,Nagpur,Nagpur,2025-08-06,Consumer,Affiliate
C004622,Diya Kumar,Male,21,Jaipur,Jaipur,2022-01-17,Small Business,Affiliate
C004623,Rahul Mehta,Male,45,Delhi,Delhi,2022-04-02,Corporate,Social Media
C004624,Neha Das,Female,29,Delhi,Delhi,2024-11-30,Home Office,Marketplace
C004625,Kavya Malhotra,Male,20,Nagpur,Nagpur,2025-12-16,Corporate,Social Media
C004626,Vikram Malhotra,Female,36,Guwahati,Guwahati,2023-08-11,Consumer,Social Media
C004627,Tanya Singh,Male,43,Lucknow,Lucknow,2023-08-12,Consumer,Organic Search
C004628,Aarav Malhotra,Female,53,Kochi,Kochi,2026-04-28,Consumer,Email
C004629,Aarav Yadav,Male,22,Nagpur,Nagpur,2025-06-09,Consumer,Affiliate
C004630,Tanya Joshi,Male,32,Lucknow,Lucknow,2022-09-05,Consumer,Organic Search
C004631,Neha Patel,Male,41,Kolkata,Kolkata,2022-09-25,Consumer,Social Media
C004632,Kavya Chopra,Male,26,Hyderabad,Hyderabad,2024-12-01,Consumer,Social Media
C004633,Neha Nair,Male,32,Pune,Pune,2025-07-21,Consumer,Affiliate
C004634,Krishna Kumar,Female,31,Bhopal,Bhopal,2025-02-07,Consumer,Email
C004635,Kabir Kumar,Female,22,Delhi,Delhi,2023-05-08,Small Business,Paid Search
C004636,Nisha Rao,Male,39,Mumbai,Mumbai,2022-10-11,Consumer,Marketplace
C004637,Rahul Patel,Male,39,Visakhapatnam,Visakhapatnam,2025-05-15,Consumer,Social Media
C004638,Pooja Mehta,Female,37,Lucknow,Lucknow,2024-09-08,Consumer,Organic Search
C004639,Krishna Reddy,Male,53,Surat,Surat,2025-09-06,Corporate,Affiliate
C004640,Ishaan Iyer,Female,43,Delhi,Delhi,2025-10-25,Corporate,Organic Search
C004641,Krishna Joshi,Female,26,Kochi,Kochi,2022-03-20,Consumer,Email
C004642,Nikhil Patel,Female,40,Chennai,Chennai,2024-11-17,Small Business,Referral
C004643,Arjun Verma,Female,30,Lucknow,Lucknow,2022-08-11,Home Office,Organic Search
C004644,Arjun Kumar,Female,18,Surat,Surat,2026-01-15,Home Office,Social Media
C004645,Rohan Patel,Female,40,Pune,Pune,2024-04-21,Corporate,Organic Search
C004646,Krishna Bose,Male,59,Hyderabad,Hyderabad,2023-01-08,Corporate,Social Media
C004647,Ishaan Singh,Female,29,Kochi,Kochi,2022-08-23,Consumer,Paid Search
C004648,Arjun Kapoor,Female,21,Guwahati,Guwahati,2026-07-18,Consumer,Organic Search
C004649,Reyansh Chopra,Female,47,Ahmedabad,Ahmedabad,2025-09-27,Small Business,Paid Search
C004650,Neha Nair,Female,34,Guwahati,Guwahati,2023-11-10,Consumer,Organic Search
C004651,Aditi Sharma,Male,39,Ahmedabad,Ahmedabad,2024-04-27,Consumer,Referral
C004652,Kabir Bose,Female,33,Lucknow,Lucknow,2022-07-31,Consumer,Affiliate
C004653,Krishna Rao,Female,41,Mumbai,Mumbai,2026-01-09,Consumer,Affiliate
C004654,Rahul Patel,Male,36,Chandigarh,Chandigarh,2026-01-04,Small Business,Referral
C004655,Priya Sharma,Female,26,Noida,Noida,2022-05-10,Consumer,Marketplace
C004656,Isha Shah,Female,47,Mysuru,Mysuru,2026-01-03,Consumer,Marketplace
C004657,Varun Rao,Female,28,Bhubaneswar,Bhubaneswar,2024-07-30,Consumer,Email
C004658,Kavya Singh,Female,47,Nagpur,Nagpur,2024-03-30,Consumer,Paid Search
C004659,Arjun Kapoor,Non-Binary,38,Patna,Patna,2025-09-25,Consumer,Marketplace
C004660,Nikhil Verma,Male,41,Ahmedabad,Ahmedabad,2025-01-26,Corporate,Social Media
C004661,Isha Malhotra,Male,41,Kolkata,Kolkata,2022-01-04,Consumer,Paid Search
C004662,Pooja Bose,Male,37,Guwahati,Guwahati,2024-11-07,Consumer,Paid Search
C004663,Varun Patel,Female,37,Patna,Patna,2023-06-05,Home Office,Organic Search
C004664,Nikhil Singh,Female,18,Delhi,Delhi,2022-05-31,Corporate,Marketplace
C004665,Ishaan Joshi,Female,29,Nagpur,Nagpur,2023-06-08,Consumer,Organic Search
C004666,Neha Gupta,Male,22,Surat,Surat,2024-01-05,Consumer,Referral
C004667,Pooja Bose,Female,39,Chennai,Chennai,2025-10-11,Home Office,Organic Search
C004668,Nikhil Nair,Female,44,Lucknow,Lucknow,2022-10-04,Consumer,Affiliate
C004669,Meera Mishra,Female,27,Pune,Pune,2025-02-11,Consumer,Paid Search
C004670,Isha Patel,Male,21,Patna,Patna,2025-09-29,Home Office,Organic Search
C004671,Pooja Malhotra,Female,41,Chennai,Chennai,2022-11-22,Corporate,Referral
C004672,Kabir Verma,Male,65,Pune,Pune,2025-09-19,Corporate,Organic Search
C004673,Sanya Gupta,Female,50,Hyderabad,Hyderabad,2026-07-08,Small Business,Social Media
C004674,Vikram Yadav,Female,39,Bengaluru,Bengaluru,2026-03-31,Home Office,Organic Search
C004675,Sneha Das,Male,41,Coimbatore,Coimbatore,2023-01-14,Consumer,Organic Search
C004676,Tanya Mishra,Female,18,Pune,Pune,2025-02-16,Corporate,Marketplace
C004677,Rohan Mehta,Female,35,Hyderabad,Hyderabad,2026-07-22,Consumer,Social Media
C004678,Manish Joshi,Female,39,Unknown,Unknown,2023-05-29,Consumer,Marketplace
C004679,Meera Singh,Female,20,Guwahati,Guwahati,2023-05-06,Corporate,Social Media
C004680,Nisha Malhotra,Female,34,Bhubaneswar,Bhubaneswar,2023-04-20,Consumer,Marketplace
C004681,Rohan Patel,Male,59,Chandigarh,Chandigarh,2023-03-14,Consumer,Paid Search
C004682,Vikram Joshi,Female,40,Hyderabad,Hyderabad,2023-11-16,Home Office,Organic Search
C004683,Riya Iyer,Female,44,Chandigarh,Chandigarh,2023-12-23,Consumer,Social Media
C004684,Varun Mishra,Non-Binary,31,Lucknow,Lucknow,2022-10-10,Corporate,Organic Search
C004685,Sanya Singh,Male,25,Pune,Pune,2022-06-08,Consumer,Social Media
C004686,Karan Mehta,Male,52,Lucknow,Lucknow,2023-05-23,Corporate,Referral
C004687,Kabir Kumar,Male,43,Visakhapatnam,Visakhapatnam,2025-03-07,Home Office,Paid Search
C004688,Vivaan Kumar,Male,18,Nagpur,Nagpur,2022-03-01,Consumer,Paid Search
C004689,Rohan Kumar,Female,35,Visakhapatnam,Visakhapatnam,2023-04-29,Home Office,Paid Search
C004690,Manish Kapoor,Male,18,Jaipur,Jaipur,2025-08-17,Home Office,Organic Search
C004691,Meera Verma,Female,39,Ahmedabad,Ahmedabad,2023-03-03,Consumer,Organic Search
C004692,Aditya Bose,Male,55,Patna,Patna,2022-03-28,Consumer,Paid Search
C004693,Tanya Gupta,Female,42,Lucknow,Lucknow,2025-10-24,Home Office,Email
C004694,Meera Singh,Female,32,Chandigarh,Chandigarh,2023-07-14,Consumer,Paid Search
C004695,Pooja Singh,Male,44,Surat,Surat,2024-05-02,Consumer,Referral
C004696,Diya Joshi,Male,24,Indore,Indore,2025-03-22,Consumer,Referral
C004697,Pooja Iyer,Female,37,Gurugram,Gurugram,2022-10-19,Corporate,Organic Search
C004698,Tanya Chopra,Female,27,Mysuru,Mysuru,2022-04-18,Consumer,Organic Search
C004699,Aditi Bose,Female,42,Mumbai,Mumbai,2025-04-11,Consumer,Email
C004700,Vivaan Malhotra,Female,33,Surat,Surat,2024-05-27,Consumer,Organic Search
C004701,Neha Kumar,Female,51,Chandigarh,Chandigarh,2025-08-13,Corporate,Referral
C004702,Tanya Reddy,Female,20,Kochi,Kochi,2023-03-21,Consumer,Social Media
C004703,Diya Gupta,Female,36,Pune,Pune,2022-12-24,Consumer,Organic Search
C004704,Siddharth Joshi,Male,45,Chennai,Chennai,2025-12-11,Consumer,Organic Search
C004705,Manish Malhotra,Female,31,Unknown,Unknown,2023-11-14,Consumer,Paid Search
C004706,Kabir Malhotra,Female,23,Bengaluru,Bengaluru,2023-09-17,Small Business,Organic Search
C004707,Meera Kumar,Male,29,Mysuru,Mysuru,2023-03-11,Corporate,Marketplace
C004708,Pooja Das,Male,29,Guwahati,Guwahati,2025-02-17,Home Office,Marketplace
C004709,Rohan Verma,Male,19,Nagpur,Nagpur,2025-07-07,Small Business,Social Media
C004710,Aarav Joshi,Male,27,Guwahati,Guwahati,2023-12-16,Consumer,Organic Search
C004711,Aarav Shah,Male,35,Coimbatore,Coimbatore,2023-07-14,Consumer,Referral
C004712,Manish Das,Male,37,Pune,Pune,2023-02-12,Consumer,Marketplace
C004713,Isha Bose,Male,22,Gurugram,Gurugram,2024-01-19,Corporate,Social Media
C004714,Nisha Yadav,Female,35,Bengaluru,Bengaluru,2024-07-24,Home Office,Social Media
C004715,Aditi Kapoor,Male,47,Surat,Surat,2023-09-15,Consumer,Organic Search
C004716,Sanya Patel,Male,38,Mysuru,Mysuru,2022-10-24,Consumer,Social Media
C004717,Tanya Joshi,Female,32,Kochi,Kochi,2022-04-16,Corporate,Affiliate
C004718,Siddharth Chopra,Female,42,Mysuru,Mysuru,2025-09-16,Corporate,Organic Search
C004719,Meera Singh,Male,32,Visakhapatnam,Visakhapatnam,2025-02-15,Home Office,Email
C004720,Meera Rao,Female,34,Bengaluru,Bengaluru,2022-10-07,Consumer,Organic Search
C004721,Sneha Singh,Male,27,Hyderabad,Hyderabad,2025-11-18,Consumer,Marketplace
C004722,Kavya Mishra,Female,35,Kolkata,Kolkata,2024-11-24,Consumer,Social Media
C004723,Ishaan Shah,Female,18,Mumbai,Mumbai,2025-07-31,Corporate,Paid Search
C004724,Tanya Iyer,Male,33,Chennai,Chennai,2025-02-25,Consumer,Paid Search
C004725,Neha Verma,Female,46,Bengaluru,Bengaluru,2023-10-18,Consumer,Social Media
C004726,Ananya Nair,Male,25,Ahmedabad,Ahmedabad,2025-07-25,Home Office,Marketplace
C004727,Rahul Das,Male,21,Guwahati,Guwahati,2023-04-27,Corporate,Organic Search
C004728,Pooja Kumar,Male,18,Bhubaneswar,Bhubaneswar,2022-06-18,Consumer,Marketplace
C004729,Ananya Rao,Female,47,Hyderabad,Hyderabad,2022-08-12,Corporate,Referral
C004730,Tanya Gupta,Female,38,Coimbatore,Coimbatore,2023-06-14,Consumer,Referral
C004731,Priya Shah,Female,38,Lucknow,Lucknow,2026-04-08,Corporate,Affiliate
C004732,Kavya Gupta,Male,18,Guwahati,Guwahati,2025-10-04,Consumer,Organic Search
C004733,Arjun Shah,Male,45,Nagpur,Nagpur,2023-07-05,Home Office,Marketplace
C004734,Varun Yadav,Female,41,Chandigarh,Chandigarh,2025-01-06,Consumer,Paid Search
C004735,Manish Bose,Female,37,Hyderabad,Hyderabad,2022-03-25,Consumer,Social Media
C004736,Riya Mishra,Male,40,Bhopal,Bhopal,2024-05-20,Corporate,Paid Search
C004737,Meera Malhotra,Female,42,Indore,Indore,2025-11-03,Small Business,Marketplace
C004738,Vikram Rao,Female,36,Delhi,Delhi,2024-09-17,Consumer,Paid Search
C004739,Aarav Bose,Male,37,Chennai,Chennai,2022-05-24,Consumer,Marketplace
C004740,Rahul Singh,Female,39,Gurugram,Gurugram,2024-02-26,Consumer,Organic Search
C004741,Reyansh Joshi,Female,24,Bengaluru,Bengaluru,2024-07-21,Home Office,Organic Search
C004742,Krishna Mehta,Female,28,Guwahati,Guwahati,2026-04-29,Consumer,Organic Search
C004743,Ananya Kapoor,Non-Binary,28,Hyderabad,Hyderabad,2026-05-21,Consumer,Social Media
C004744,Aditi Reddy,Female,30,Chennai,Chennai,2025-08-10,Consumer,Paid Search
C004745,Varun Yadav,Male,45,Coimbatore,Coimbatore,2024-06-08,Consumer,Email
C004746,Nikhil Mehta,Female,44,Visakhapatnam,Visakhapatnam,2023-06-15,Small Business,Paid Search
C004747,Isha Singh,Female,33,Ahmedabad,Ahmedabad,2025-07-12,Corporate,Marketplace
C004748,Kabir Gupta,Female,43,Chennai,Chennai,2026-07-03,Consumer,Organic Search
C004749,sanya kumar,Female,41,Ahmedabad,Ahmedabad,2025-09-02,Small Business,Marketplace
C004750,Ishaan Chopra,Female,24,Kolkata,Kolkata,2024-08-07,Consumer,Marketplace
C004751,Pooja Nair,Male,53,Noida,Noida,2024-09-21,Consumer,Organic Search
C004752,Diya Joshi,Female,34,Gurugram,Gurugram,2022-06-12,Consumer,Affiliate
C004753,Priya Patel,Female,52,Visakhapatnam,Visakhapatnam,2025-12-15,Consumer,Organic Search
C004754,Aarav Mishra,Male,35,Bhubaneswar,Bhubaneswar,2025-02-26,Consumer,Organic Search
C004755,Karan Malhotra,Female,21,Lucknow,Lucknow,2023-05-07,Consumer,Social Media
C004756,Tanya Das,Male,36,Surat,Surat,2023-06-11,Home Office,Organic Search
C004757,Kavya Patel,Female,34,Bhopal,Bhopal,2022-06-15,Home Office,Social Media
C004758,Rohan Sharma,Male,46,Chennai,Chennai,2024-03-18,Corporate,Marketplace
C004759,Aditi Patel,Male,29,Jaipur,Jaipur,2026-06-20,Consumer,Marketplace
C004760,Siddharth Mishra,Male,26,Gurugram,Gurugram,2026-06-25,Home Office,Email
C004761,Meera Das,Female,32,Mysuru,Mysuru,2022-06-26,Corporate,Email
C004762,Aditya Mishra,Male,62,Noida,Noida,2022-03-02,Home Office,Referral
C004763,Karan Malhotra,Male,34,Hyderabad,Hyderabad,2026-05-18,Corporate,Marketplace
C004764,Neha Mishra,Unknown,43,Patna,Patna,2025-02-16,Corporate,Referral
C004765,Sanya Iyer,Female,18,Nagpur,Nagpur,2026-02-08,Corporate,Email
C004766,Rahul Singh,Male,56,Chandigarh,Chandigarh,2025-07-28,Small Business,Organic Search
C004767,Meera Sharma,Female,21,Pune,Pune,2022-07-31,Consumer,Organic Search
C004768,Ananya Sharma,Female,23,Chennai,Chennai,2022-04-13,Consumer,Social Media
C004769,Reyansh Rao,Male,24,Bengaluru,Bengaluru,2024-04-03,Consumer,Social Media
C004770,Siddharth Reddy,Male,38,Patna,Patna,2023-07-09,Consumer,Social Media
C004771,Meera Reddy,Male,45,Kochi,Kochi,2024-07-24,Consumer,Paid Search
C004772,Aarav Singh,Non-Binary,42,Ahmedabad,Ahmedabad,2023-02-01,Small Business,Social Media
C004773,Nikhil Mishra,Male,27,Nagpur,Nagpur,2025-12-02,Corporate,Organic Search
C004774,Vivaan Chopra,Male,44,Coimbatore,Coimbatore,2024-06-11,Consumer,Paid Search
C004775,Nikhil Reddy,Female,37,Delhi,Delhi,2023-03-09,Consumer,Paid Search
C004776,Meera Mehta,Female,38,Bengaluru,Bengaluru,2026-07-14,Home Office,Marketplace
C004777,Nisha Chopra,Female,24,Coimbatore,Coimbatore,2025-12-10,Consumer,Social Media
C004778,Meera Yadav,Male,33,Indore,Indore,2023-04-03,Home Office,Social Media
C004779,Krishna Malhotra,Female,38,Guwahati,Guwahati,2023-12-26,Consumer,Paid Search
C004780,Kabir Joshi,Male,18,Lucknow,Lucknow,2022-01-18,Small Business,Organic Search
C004781,Pooja Malhotra,Female,31,Ahmedabad,Ahmedabad,2023-04-16,Consumer,Social Media
C004782,Diya Verma,Male,31,Bhubaneswar,Bhubaneswar,2023-11-07,Consumer,Paid Search
C004783,Ishaan Malhotra,Female,25,Gurugram,Gurugram,2022-11-04,Consumer,Social Media
C004784,Neha Mishra,Female,21,Bengaluru,Bengaluru,2024-07-30,Corporate,Paid Search
C004785,Nikhil Rao,Female,42,Pune,Pune,2024-03-11,Home Office,Paid Search
C004786,Siddharth Kumar,Male,18,Visakhapatnam,Visakhapatnam,2023-01-18,Home Office,Email
C004787,Nisha Patel,Non-Binary,44,Visakhapatnam,Visakhapatnam,2026-03-15,Consumer,Organic Search
C004788,Neha Kapoor,Male,18,Guwahati,Guwahati,2022-10-05,Consumer,Organic Search
C004789,Ananya Verma,Female,44,Noida,Noida,2026-05-16,Consumer,Referral
C004790,Krishna Gupta,Female,41,Ahmedabad,Ahmedabad,2024-04-21,Corporate,Paid Search
C004791,Meera Bose,Female,41,Hyderabad,Hyderabad,2023-04-11,Consumer,Social Media
C004792,Ananya Kumar,Female,35,Surat,Surat,2026-01-09,Corporate,Organic Search
C004793,Siddharth Reddy,Male,35,Mumbai,Mumbai,2023-12-21,Consumer,Social Media
C004794,Riya Kumar,Female,35,Lucknow,Lucknow,2026-05-29,Consumer,Email
C004795,Vikram Kumar,Female,18,Hyderabad,Hyderabad,2024-05-19,Consumer,Social Media
C004796,Diya Das,Female,22,Coimbatore,Coimbatore,2022-05-05,Consumer,Email
C004797,Nikhil Rao,Male,47,Noida,Noida,2026-03-21,Home Office,Marketplace
C004798,Rohan Sharma,Female,43,Bhopal,Bhopal,2023-03-03,Corporate,Referral
C004799,Aarav Singh,Female,34,Ahmedabad,Ahmedabad,2025-08-29,Consumer,Referral
C004800,Tanya Verma,Male,41,Chennai,Chennai,2022-05-24,Small Business,Organic Search
C004801,Aditi Reddy,Female,29,Kochi,Kochi,2025-03-30,Consumer,Email
C004802,Diya Gupta,Male,25,Coimbatore,Coimbatore,2024-09-27,Corporate,Paid Search
C004803,Neha Kumar,Female,35,Bhubaneswar,Bhubaneswar,2024-07-04,Corporate,Marketplace
C004804,Priya Mehta,Non-Binary,34,Nagpur,Nagpur,2025-05-24,Consumer,Marketplace
C004805,Nisha Chopra,Female,36,Kochi,Kochi,2022-03-18,Consumer,Referral
C004806,Priya Kumar,Female,24,Bengaluru,Bengaluru,2026-06-15,Consumer,Organic Search
C004807,Karan Shah,Male,28,Bhopal,Bhopal,2024-06-01,Home Office,Organic Search
C004808,Vivaan Kapoor,Male,18,Nagpur,Nagpur,2023-05-24,Home Office,Paid Search
C004809,Nikhil Kumar,Female,37,Chandigarh,Chandigarh,2022-06-14,Corporate,Paid Search
C004810,Pooja Iyer,Female,43,Mumbai,Mumbai,2024-10-13,Consumer,Paid Search
C004811,Sanya Das,Male,44,Delhi,Delhi,2023-12-28,Small Business,Paid Search
C004812,Krishna Mehta,Female,30,Ahmedabad,Ahmedabad,2022-04-03,Home Office,Marketplace
C004813,Rohan Mishra,Female,56,Bengaluru,Bengaluru,2025-06-06,Corporate,Paid Search
C004814,Varun Chopra,Male,32,Bhubaneswar,Bhubaneswar,2022-07-23,Consumer,Social Media
C004815,Rohan Rao,Male,24,Surat,Surat,2022-06-15,Corporate,Paid Search
C004816,Nisha Mishra,Female,51,Pune,Pune,2024-07-28,Corporate,Referral
C004817,Krishna Singh,Female,43,Noida,Noida,2024-03-14,Small Business,Organic Search
C004818,Vikram Reddy,Female,31,Nagpur,Nagpur,2024-09-08,Consumer,Organic Search
C004819,Rahul Nair,Male,34,Visakhapatnam,Visakhapatnam,2026-06-29,Consumer,Social Media
C004820,Krishna Reddy,Male,21,Bhubaneswar,Bhubaneswar,2024-07-06,Corporate,Organic Search
C004821,Varun Reddy,Male,34,Delhi,Delhi,2022-07-11,Corporate,Referral
C004822,Nisha Singh,Female,33,Mumbai,Mumbai,2025-09-11,Consumer,Email
C004823,Aditi Yadav,Female,24,Mumbai,Mumbai,2022-12-19,Small Business,Paid Search
C004824,Reyansh Gupta,Male,32,Kolkata,Kolkata,2023-03-04,Home Office,Marketplace
C004825,Reyansh Mishra,Male,47,Lucknow,Lucknow,2025-06-08,Corporate,Organic Search
C004826,Aarav Das,Male,45,Noida,Noida,2024-06-01,Corporate,Social Media
C004827,Aarav Reddy,Male,39,Jaipur,Jaipur,2025-06-09,Corporate,Organic Search
C004828,Rohan Sharma,Female,28,Jaipur,Jaipur,2026-02-22,Home Office,Social Media
C004829,Arjun Verma,Male,53,Bengaluru,Bengaluru,2026-03-02,Consumer,Paid Search
C004830,Aditi Rao,Female,18,Guwahati,Guwahati,2023-07-10,Corporate,Social Media
C004831,Riya Singh,Male,21,Kochi,Kochi,2023-06-25,Consumer,Organic Search
C004832,Krishna Sharma,Female,18,Guwahati,Guwahati,2023-01-25,Consumer,Organic Search
C004833,Karan Singh,Male,38,Bhopal,Bhopal,2025-11-28,Small Business,Organic Search
C004834,Kabir Shah,Female,35,Bengaluru,Bengaluru,2025-12-28,Consumer,Email
C004835,Ananya Kapoor,Male,33,Bhopal,Bhopal,2024-12-19,Corporate,Email
C004836,Priya Malhotra,Female,20,Chennai,Chennai,2024-09-22,Consumer,Organic Search
C004837,Rahul Singh,Female,23,Indore,Indore,2022-11-03,Consumer,Marketplace
C004838,Vivaan Joshi,Female,35,Bhubaneswar,Bhubaneswar,2022-02-04,Small Business,Paid Search
C004839,Aditi Malhotra,Male,46,Bhubaneswar,Bhubaneswar,2024-10-25,Corporate,Referral
C004840,Karan Chopra,Female,28,Mumbai,Mumbai,2025-12-29,Consumer,Marketplace
C004841,Tanya Gupta,Female,42,Bhubaneswar,Bhubaneswar,2023-09-19,Consumer,Paid Search
C004842,Pooja Shah,Female,59,Chandigarh,Chandigarh,2026-06-16,Consumer,Paid Search
C004843,Siddharth Mehta,Male,40,Kochi,Kochi,2023-08-17,Consumer,Paid Search
C004844,Rahul Yadav,Male,24,Chandigarh,Chandigarh,2026-07-15,Consumer,Referral
C004845,Meera Chopra,Female,33,Delhi,Delhi,2022-09-06,Consumer,Paid Search
C004846,Krishna Das,Male,35,Guwahati,Guwahati,2024-07-19,Consumer,Organic Search
C004847,Meera Yadav,Unknown,25,Chandigarh,Chandigarh,2025-08-17,Home Office,Organic Search
C004848,Kabir Verma,Male,63,Bhubaneswar,Bhubaneswar,2024-04-03,Consumer,Paid Search
C004849,Aditya Kapoor,Female,41,Mysuru,Mysuru,2023-10-24,Home Office,Paid Search
C004850,Sneha Iyer,Female,26,Mumbai,Mumbai,2022-05-25,Consumer,Social Media
C004851,Kabir Iyer,Male,43,Lucknow,Lucknow,2023-08-22,Consumer,Paid Search
C004852,Neha Kumar,Female,25,Bhopal,Bhopal,2025-09-10,Home Office,Organic Search
C004853,Rohan Joshi,Male,39,Surat,Surat,2024-01-17,Consumer,Paid Search
C004854,Aarav Kapoor,Female,40,Kolkata,Kolkata,2025-09-27,Consumer,Social Media
C004855,Kavya Chopra,Female,33,Gurugram,Gurugram,2024-01-13,Consumer,Social Media
C004856,Pooja Verma,Male,37,Lucknow,Lucknow,2025-11-23,Consumer,Organic Search
C004857,Manish Shah,Male,39,Chennai,Chennai,2022-03-21,Consumer,Social Media
C004858,Aarav Verma,Male,47,Nagpur,Nagpur,2023-01-04,Corporate,Social Media
C004859,Sanya Shah,Female,19,Noida,Noida,2024-07-03,Consumer,Referral
C004860,Karan Sharma,Female,32,Ahmedabad,Ahmedabad,2023-01-07,Corporate,Paid Search
C004861,Rahul Nair,Male,40,Noida,Noida,2022-11-27,Consumer,Referral
C004862,Meera Joshi,Male,42,Kolkata,Kolkata,2023-05-12,Home Office,Social Media
C004863,Ananya Gupta,Female,38,Mysuru,Mysuru,2023-03-14,Consumer,Organic Search
C004864,Varun Kumar,Female,44,Noida,Noida,2022-04-16,Consumer,Paid Search
C004865,Ananya Malhotra,Male,27,Kolkata,Kolkata,2025-12-09,Home Office,Organic Search
C004866,Riya Rao,Female,22,Ahmedabad,Ahmedabad,2024-06-23,Consumer,Social Media
C004867,Rahul Bose,Female,52,Jaipur,Jaipur,2023-02-02,Consumer,Marketplace
C004868,Krishna Mishra,Female,26,Bengaluru,Bengaluru,2026-07-28,Home Office,Email
C004869,Priya Rao,Male,40,Ahmedabad,Ahmedabad,2024-09-03,Consumer,Social Media
C004870,Vivaan Kumar,Female,25,Noida,Noida,2024-08-06,Small Business,Organic Search
C004871,Krishna Rao,Female,55,Ahmedabad,Ahmedabad,2024-04-08,Consumer,Marketplace
C004872,Kabir Chopra,Female,42,Ahmedabad,Ahmedabad,2025-05-22,Corporate,Social Media
C004873,Unknown,Female,38,Bhopal,Bhopal,2025-06-13,Consumer,Paid Search
C004874,Tanya Verma,Male,50,Pune,Pune,2025-12-26,Consumer,Email
C004875,Rohan Gupta,Female,43,Indore,Indore,2024-08-06,Corporate,Paid Search
C004876,Karan Das,Female,34,Kolkata,Kolkata,2025-05-21,Corporate,Affiliate
C004877,Arjun Mehta,Female,32,Kolkata,Kolkata,2026-03-14,Home Office,Social Media
C004878,Krishna Singh,Male,25,Bhubaneswar,Bhubaneswar,2023-07-19,Corporate,Marketplace
C004879,Kabir Singh,Male,25,Noida,Noida,2023-01-19,Consumer,Marketplace
C004880,Rahul Kapoor,Male,34,Pune,Pune,2023-05-23,Consumer,Social Media
C004881,Krishna Sharma,Male,34,Jaipur,Jaipur,2022-05-04,Corporate,Social Media
C004882,Rahul Das,Male,36,Visakhapatnam,Visakhapatnam,2023-08-23,Corporate,Social Media
C004883,Isha Yadav,Male,36,Jaipur,Jaipur,2025-03-20,Consumer,Social Media
C004884,Nisha Kumar,Female,43,Visakhapatnam,Visakhapatnam,2026-04-15,Consumer,Organic Search
C004885,Varun Sharma,Female,33,Ahmedabad,Ahmedabad,2024-05-15,Small Business,Organic Search
C004886,Pooja Iyer,Male,31,Bhopal,Bhopal,2023-07-29,Corporate,Organic Search
C004887,Karan Mehta,Male,28,Delhi,Delhi,2025-06-13,Consumer,Affiliate
C004888,Arjun Malhotra,Female,31,Kolkata,Kolkata,2022-02-11,Home Office,Organic Search
C004889,Diya Mehta,Male,40,Gurugram,Gurugram,2025-11-21,Corporate,Email
C004890,Vivaan Mehta,Male,51,Bengaluru,Bengaluru,2022-03-07,Consumer,Paid Search
C004891,Neha Rao,Male,31,Indore,Indore,2022-01-17,Consumer,Organic Search
C004892,Nikhil Nair,Male,52,Chandigarh,Chandigarh,2023-04-07,Consumer,Social Media
C004893,Aditi Rao,Female,59,Pune,Pune,2025-06-14,Consumer,Organic Search
C004894,Arjun Sharma,Male,32,Bhubaneswar,Bhubaneswar,2025-10-11,Consumer,Social Media
C004895,Neha Yadav,Female,24,Patna,Patna,2023-03-10,Consumer,Organic Search
C004896,Aditya Chopra,Male,37,Pune,Pune,2023-06-10,Consumer,Paid Search
C004897,Ishaan Verma,Male,26,Ahmedabad,Ahmedabad,2025-12-11,Consumer,Social Media
C004898,Kavya Iyer,Male,21,Pune,Pune,2025-01-11,Consumer,Social Media
C004899,Riya Shah,Male,53,Bhopal,Bhopal,2026-06-20,Consumer,Referral
C004900,Varun Mehta,Female,42,Patna,Patna,2026-02-11,Consumer,Paid Search
C004901,Arjun Yadav,Male,41,Bhubaneswar,Bhubaneswar,,Small Business,Paid Search
C004902,Nisha Reddy,Female,26,Nagpur,Nagpur,2024-01-03,Consumer,Referral
C004903,Siddharth Mehta,Female,22,Gurugram,Gurugram,2026-02-16,Consumer,Organic Search
C004904,Arjun Das,Female,29,Unknown,Unknown,2023-10-16,Consumer,Marketplace
C004905,Nikhil Reddy,Male,18,Jaipur,Jaipur,2022-09-17,Consumer,Referral
C004906,Nikhil Das,Male,53,Lucknow,Lucknow,2022-07-23,Consumer,Marketplace
C004907,Vikram Kumar,Male,33,Lucknow,Lucknow,2024-01-25,Consumer,Organic Search
C004908,Diya Das,Female,18,Delhi,Delhi,2024-06-16,Corporate,Paid Search
C004909,Aditi Mehta,Female,38,Pune,Pune,2024-03-28,Consumer,Organic Search
C004910,Neha Verma,Male,34,Coimbatore,Coimbatore,2022-01-02,Consumer,Referral
C004911,Tanya Verma,Male,46,Bengaluru,Bengaluru,2023-02-17,Consumer,Affiliate
C004912,Manish Nair,Male,37,Coimbatore,Coimbatore,2022-10-14,Consumer,Organic Search
C004913,Meera Das,Female,41,Chandigarh,Chandigarh,2024-02-01,Consumer,Organic Search
C004914,Isha Kumar,Male,48,Mumbai,Mumbai,2022-08-17,Consumer,Referral
C004915,Karan Gupta,Male,42,Gurugram,Gurugram,2022-11-04,Consumer,Social Media
C004916,Sneha Bose,Male,37,Gurugram,Gurugram,2022-01-20,Consumer,Marketplace
C004917,Nisha Chopra,Male,30,Pune,Pune,2023-07-06,Corporate,Affiliate
C004918,Kavya Singh,Male,37,Pune,Pune,2023-06-24,Consumer,Email
C004919,Pooja Joshi,Male,21,Mumbai,Mumbai,2023-07-19,Consumer,Social Media
C004920,Aditya Bose,Male,18,Bhopal,Bhopal,2024-09-21,Consumer,Organic Search
C004921,Ishaan Joshi,Male,26,Kolkata,Kolkata,2023-09-20,Consumer,Social Media
C004922,Manish Sharma,Female,37,Gurugram,Gurugram,2023-04-12,Small Business,Paid Search
C004923,Aarav Shah,Male,21,Visakhapatnam,Visakhapatnam,2023-05-09,Consumer,Organic Search
C004924,Riya Joshi,Female,18,Pune,Pune,2022-12-10,Consumer,Referral
C004925,Tanya Malhotra,Male,31,Nagpur,Nagpur,2023-06-06,Corporate,Marketplace
C004926,Neha Kumar,Female,32,Mumbai,Mumbai,2023-03-11,Consumer,Referral
C004927,Neha Patel,Male,46,Bengaluru,Bengaluru,2024-09-21,Consumer,Marketplace
C004928,Ananya Reddy,Male,28,Bhubaneswar,Bhubaneswar,2023-04-12,Consumer,Email
C004929,Aditya Bose,Female,20,Mysuru,Mysuru,2024-09-22,Consumer,Referral
C004930,Riya Rao,Female,35,Chennai,Chennai,2024-01-09,Consumer,Social Media
C004931,Varun Chopra,Female,49,Nagpur,Nagpur,2023-01-26,Consumer,Referral
C004932,Ishaan Bose,Male,26,Nagpur,Nagpur,2024-03-30,Consumer,Affiliate
C004933,Sneha Malhotra,Female,20,Bhopal,Bhopal,2023-12-20,Consumer,Social Media
C004934,Sanya Das,Female,47,Jaipur,Jaipur,2025-03-09,Corporate,Organic Search
C004935,Aarav Mishra,Female,22,Kolkata,Kolkata,2025-05-29,Consumer,Organic Search
C004936,Vivaan Shah,Female,45,Guwahati,Guwahati,2023-11-26,Consumer,Email
C004937,Aditya Kapoor,Female,38,Chennai,Chennai,2022-10-31,Home Office,Paid Search
C004938,Pooja Shah,Male,37,Coimbatore,Coimbatore,2024-12-03,Consumer,Organic Search
C004939,Varun Kapoor,Male,47,Visakhapatnam,Visakhapatnam,2022-06-19,Corporate,Paid Search
C004940,Ananya Singh,Female,20,Jaipur,Jaipur,2022-08-05,Consumer,Referral
C004941,Varun Verma,Male,33,Lucknow,Lucknow,2025-12-14,Corporate,Referral
C004942,Rohan Nair,Male,45,Bhubaneswar,Bhubaneswar,2024-11-20,Consumer,Affiliate
C004943,Kavya Das,Female,38,Coimbatore,Coimbatore,2023-11-03,Small Business,Unknown
C004944,Vikram Sharma,Male,31,Gurugram,Gurugram,2026-04-03,Small Business,Paid Search
C004945,Reyansh Chopra,Male,27,Kolkata,Kolkata,2022-05-27,Consumer,Referral
C004946,Reyansh Iyer,Female,31,Chennai,Chennai,2026-07-18,Consumer,Marketplace
C004947,Meera Singh,Female,42,Jaipur,Jaipur,2023-02-22,Home Office,Referral
C004948,Ananya Kumar,Male,42,Lucknow,Lucknow,2024-03-27,Consumer,Paid Search
C004949,Vivaan Shah,Female,27,Pune,Pune,2024-05-11,Consumer,Organic Search
C004950,Aarav Bose,Male,45,Chennai,Chennai,2022-12-17,Consumer,Paid Search
C004951,Neha Yadav,Female,23,Bhopal,Bhopal,2023-12-13,Corporate,Email
C004952,Vivaan Sharma,Female,18,Coimbatore,Coimbatore,2022-04-16,Consumer,Marketplace
C004953,Aarav Nair,Female,35,Delhi,Delhi,2025-02-03,Consumer,Organic Search
C004954,Aditya Iyer,Male,33,Chandigarh,Chandigarh,2024-01-25,Consumer,Paid Search
C004955,Sanya Chopra,Female,18,Nagpur,Nagpur,2024-09-17,Corporate,Referral
C004956,Aarav Rao,Non-Binary,18,Nagpur,Nagpur,2024-11-03,Consumer,Social Media
C004957,Ananya Iyer,Female,37,Kochi,Kochi,2025-09-22,Consumer,Social Media
C004958,Manish Das,Female,29,Noida,Noida,2024-04-08,Small Business,Marketplace
C004959,Aditya Mehta,Male,28,Ahmedabad,Ahmedabad,2025-10-15,Consumer,Email
C004960,Aditi Patel,Male,41,Mysuru,Mysuru,2022-05-07,Home Office,Affiliate
C004961,Meera Shah,Female,37,Kolkata,Kolkata,2026-07-24,Consumer,Marketplace
C004962,Pooja Mehta,Male,31,Surat,Surat,2024-04-11,Consumer,Paid Search
C004963,Pooja Kumar,Female,43,Hyderabad,Hyderabad,2025-08-18,Consumer,Organic Search
C004964,Diya Mishra,Male,34,Mumbai,Mumbai,2022-10-26,Consumer,Paid Search
C004965,Kavya Rao,Female,37,Guwahati,Guwahati,2023-05-21,Small Business,Email
C004966,Priya Iyer,Male,42,Hyderabad,Hyderabad,2024-09-03,Consumer,Marketplace
C004967,Priya Mehta,Male,40,Chandigarh,Chandigarh,2024-03-08,Consumer,Paid Search
C004968,Varun Yadav,Female,31,Kolkata,Kolkata,2022-06-15,Consumer,Email
C004969,Arjun Sharma,Male,18,Delhi,Delhi,2024-04-15,Consumer,Organic Search
C004970,Vivaan Sharma,Non-Binary,41,Delhi,Delhi,2022-04-06,Consumer,Referral
C004971,Sanya Patel,Male,51,Indore,Indore,2023-10-09,Consumer,Referral
C004972,Rahul Yadav,Male,47,Mysuru,Mysuru,2022-08-09,Consumer,Social Media
C004973,Tanya Chopra,Female,42,Lucknow,Lucknow,2022-02-24,Corporate,Affiliate
C004974,Sneha Sharma,Female,18,Delhi,Delhi,2022-02-20,Small Business,Social Media
C004975,Sneha Nair,Male,26,Chennai,Chennai,2022-10-09,Small Business,Referral
C004976,Sneha Reddy,Male,24,Visakhapatnam,Visakhapatnam,2024-10-02,Consumer,Social Media
C004977,Nisha Patel,Male,28,Ahmedabad,Ahmedabad,2022-11-30,Consumer,Social Media
C004978,Meera Sharma,Female,31,Patna,Patna,2022-09-22,Consumer,Organic Search
C004979,Ananya Rao,Male,32,Indore,Indore,2022-02-21,Corporate,Paid Search
C004980,Tanya Verma,Female,46,Delhi,Delhi,2024-06-06,Consumer,Referral
C004981,Neha Gupta,Male,36,Mysuru,Mysuru,2023-04-26,Consumer,Referral
C004982,Reyansh Gupta,Female,39,Delhi,Delhi,2023-01-27,Consumer,Marketplace
C004983,Pooja Malhotra,Female,38,Noida,Noida,2024-11-02,Corporate,Paid Search
C004984,ROHAN SHARMA,Female,28,Noida,Noida,2024-01-26,Corporate,Referral
C004985,Meera Joshi,Female,18,Coimbatore,Coimbatore,2025-08-26,Consumer,Social Media
C004986,Vikram Gupta,Male,58,Kochi,Kochi,2026-02-16,Home Office,Social Media
C004987,Rahul Gupta,Male,44,Bengaluru,Bengaluru,2025-01-01,Home Office,Organic Search
C004988,Tanya Yadav,Female,36,Coimbatore,Coimbatore,2022-07-29,Small Business,Affiliate
C004989,Krishna Gupta,Male,44,Surat,Surat,2022-08-25,Consumer,Social Media
C004990,Pooja Bose,Male,31,Jaipur,Jaipur,2024-10-01,Consumer,Affiliate
C004991,Riya Yadav,Female,49,Coimbatore,Coimbatore,2022-02-22,Home Office,Marketplace
C004992,Riya Nair,Female,39,Mysuru,Mysuru,,Home Office,Organic Search
C004993,Karan Gupta,Female,18,Kochi,Kochi,2026-06-01,Consumer,Organic Search
C004994,Pooja Joshi,Female,36,Delhi,Delhi,2023-09-01,Home Office,Referral
C004995,Reyansh Kapoor,Female,38,Patna,Patna,2025-02-17,Consumer,Paid Search
C004996,Vivaan Das,Male,30,Surat,Surat,2024-11-22,Corporate,Email
C004997,Manish Das,Male,34,Jaipur,Jaipur,2023-03-12,Consumer,Organic Search
C004998,Aditi Verma,Male,50,Kolkata,Kolkata,2025-04-08,Consumer,Social Media
C004999,Meera Malhotra,Female,18,Kolkata,Kolkata,2025-07-03,Consumer,Social Media
C005000,Aditi Sharma,Male,38,Gurugram,Gurugram,2025-09-08,Corporate,Paid Search
C005001,Varun Kapoor,Female,26,Coimbatore,Coimbatore,2025-05-15,Consumer,Referral
C005002,Priya Reddy,Male,30,Kolkata,Kolkata,2023-11-25,Consumer,Affiliate
C005003,Kabir Das,Male,35,Kochi,Kochi,2025-07-21,Consumer,Organic Search
C005004,Kabir Sharma,Male,23,Kolkata,Kolkata,2026-05-07,Consumer,Social Media
C005005,Priya Mehta,Female,42,Lucknow,Lucknow,2026-07-20,Home Office,Marketplace
C005006,Varun Singh,Unknown,35,Kochi,Kochi,2023-06-04,Consumer,Social Media
C005007,Tanya Nair,Male,31,Bengaluru,Bengaluru,2024-06-23,Consumer,Organic Search
C005008,Isha Singh,Male,18,Chandigarh,Chandigarh,2022-12-02,Consumer,Social Media
C005009,Vivaan Mishra,Male,27,Guwahati,Guwahati,2025-09-20,Home Office,Organic Search
C005010,Vikram Nair,Male,18,Jaipur,Jaipur,2023-11-27,Home Office,Referral
C005011,Neha Nair,Female,39,Gurugram,Gurugram,2025-03-11,Home Office,Referral
C005012,Manish Yadav,Male,37,Delhi,Delhi,2022-08-17,Consumer,Organic Search
C005013,Reyansh Sharma,Male,29,Noida,Noida,2024-05-31,Consumer,Paid Search
C005014,Isha Verma,Female,32,Hyderabad,Hyderabad,2024-01-10,Home Office,Organic Search
C005015,Sneha Sharma,Non-Binary,42,Gurugram,Gurugram,2022-10-28,Corporate,Referral
C005016,Nikhil Kapoor,Male,27,Ahmedabad,Ahmedabad,2024-07-27,Consumer,Email
C005017,Karan Nair,Female,48,Delhi,Delhi,2025-05-13,Consumer,Social Media
C005018,Reyansh Yadav,Male,42,Pune,Pune,2022-03-06,Consumer,Marketplace
C005019,Neha Kumar,Male,31,Nagpur,Nagpur,2024-12-04,Home Office,Email
C005020,Nikhil Sharma,Male,33,Gurugram,Gurugram,2023-08-19,Consumer,Social Media
C005021,Ishaan Bose,Male,28,Gurugram,Gurugram,2022-12-12,Consumer,Marketplace
C005022,Aditi Malhotra,Male,43,Surat,Surat,2024-09-18,Corporate,Social Media
C005023,Karan Chopra,Female,40,Gurugram,Gurugram,2024-01-13,Consumer,Marketplace
C005024,Siddharth Shah,Male,34,Gurugram,Gurugram,2025-09-05,Consumer,Email
C005025,Neha Nair,Male,32,Lucknow,Lucknow,2024-05-27,Consumer,Paid Search
C005026,Pooja Rao,Female,53,Nagpur,Nagpur,2025-06-21,Consumer,Organic Search
C005027,Siddharth Gupta,Female,19,Chennai,Chennai,2026-01-03,Corporate,Social Media
C005028,Nisha Kumar,Female,18,Lucknow,Lucknow,2023-08-21,Home Office,Social Media
C005029,Unknown,Male,28,Chennai,Chennai,2024-02-12,Small Business,Organic Search
C005030,Aditya Nair,Male,42,Chandigarh,Chandigarh,2023-12-20,Consumer,Paid Search
C005031,Arjun Joshi,Female,41,Delhi,Delhi,2024-03-16,Corporate,Paid Search
C005032,Ishaan Sharma,Female,18,Noida,Noida,2024-11-22,Corporate,Paid Search
C005033,Rohan Chopra,Male,21,Patna,Patna,2024-01-24,Home Office,Organic Search
C005034,Kabir Malhotra,Female,47,Indore,Indore,2024-05-28,Consumer,Email
C005035,Kavya Sharma,Male,28,Indore,Indore,2024-02-21,Corporate,Organic Search
C005036,Kavya Chopra,Male,30,Bhubaneswar,Bhubaneswar,2025-06-27,Consumer,Organic Search
C005037,Aditya Singh,Male,35,Chandigarh,Chandigarh,2023-04-20,Consumer,Paid Search
C005038,Nikhil Singh,Female,21,Delhi,Delhi,2025-05-30,Corporate,Organic Search
C005039,Karan Kapoor,Female,29,Gurugram,Gurugram,2022-02-26,Corporate,Email
C005040,Siddharth Mehta,Male,27,Mumbai,Mumbai,2022-05-07,Home Office,Organic Search
C005041,Manish Malhotra,Male,52,Hyderabad,Hyderabad,2022-08-04,Corporate,Organic Search
C005042,Siddharth Malhotra,Male,26,Lucknow,Lucknow,2025-06-23,Small Business,Referral
C005043,Vikram Kumar,Male,40,Mysuru,Mysuru,2025-03-31,Consumer,Organic Search
C005044,Aditi Yadav,Female,18,Hyderabad,Hyderabad,2023-03-13,Home Office,Email
C005045,Riya Joshi,Female,25,Gurugram,Gurugram,2025-08-07,Home Office,Email
C005046,Vikram Gupta,Male,43,Chandigarh,Chandigarh,2023-05-14,Home Office,Social Media
C005047,Riya Malhotra,Female,33,Coimbatore,Coimbatore,2026-07-06,Corporate,Email
C005048,Pooja Reddy,Male,37,Noida,Noida,2025-03-23,Corporate,Social Media
C005049,Krishna Joshi,Male,20,Coimbatore,Coimbatore,2022-12-23,Home Office,Organic Search
C005050,Sanya Singh,Male,35,Chennai,Chennai,2024-06-29,Consumer,Organic Search
C005051,Vivaan Das,Female,23,Kolkata,Kolkata,2022-04-02,Consumer,Referral
C005052,Pooja Gupta,Male,23,Visakhapatnam,Visakhapatnam,2022-01-02,Corporate,Paid Search
C005053,Sanya Das,Male,41,Delhi,Delhi,2023-07-12,Small Business,Email
C005054,Tanya Kumar,Female,38,Ahmedabad,Ahmedabad,2023-07-15,Home Office,Organic Search
C005055,Aarav Rao,Female,44,Kochi,Kochi,2024-01-26,Consumer,Email
C005056,Rahul Verma,Male,32,Patna,Patna,2024-11-06,Consumer,Marketplace
C005057,Arjun Gupta,Female,39,Bhopal,Bhopal,2022-09-28,Corporate,Organic Search
C005058,Rohan Joshi,Female,21,Ahmedabad,Ahmedabad,2022-04-05,Consumer,Social Media
C005059,Nisha Rao,Male,27,Coimbatore,Coimbatore,2023-04-05,Consumer,Organic Search
C005060,Neha Chopra,Female,28,Pune,Pune,2024-10-01,Consumer,Referral
C005061,Vikram Kapoor,Female,18,Kolkata,Kolkata,2023-07-03,Small Business,Marketplace
C005062,Varun Sharma,Male,19,Bhopal,Bhopal,2026-02-28,Consumer,Affiliate
C005063,Sanya Rao,Female,18,Nagpur,Nagpur,2026-04-24,Corporate,Email
C005064,Arjun Rao,Male,18,Visakhapatnam,Visakhapatnam,2024-11-16,Consumer,Referral
C005065,Ananya Reddy,Male,50,Hyderabad,Hyderabad,2023-08-07,Consumer,Social Media
C005066,Kabir Chopra,Male,35,Bhopal,Bhopal,2024-12-06,Consumer,Social Media
C005067,Siddharth Nair,Female,43,Lucknow,Lucknow,2022-11-22,Consumer,Marketplace
C005068,Priya Malhotra,Female,55,Unknown,Unknown,2023-03-16,Consumer,Email
C005069,Reyansh Verma,Female,44,Chennai,Chennai,2023-12-09,Consumer,Social Media
C005070,Isha Gupta,Female,26,Noida,Noida,2023-03-08,Corporate,Social Media
C005071,Arjun Malhotra,Male,21,Noida,Noida,2026-02-22,Consumer,Marketplace
C005072,Tanya Mehta,Male,23,Chandigarh,Chandigarh,2022-11-19,Corporate,Paid Search
C005073,Aarav Bose,Male,18,Mysuru,Mysuru,2022-10-24,Consumer,Paid Search
C005074,Diya Das,Male,60,Pune,Pune,2022-09-30,Consumer,Organic Search
C005075,Ishaan Kumar,Female,39,Guwahati,Guwahati,2022-06-18,Consumer,Marketplace
C005076,Reyansh Joshi,Male,52,Mysuru,Mysuru,2024-02-17,Home Office,Paid Search
C005077,Diya Shah,Male,18,Visakhapatnam,Visakhapatnam,2026-05-04,Consumer,Organic Search
C005078,Aditya Mehta,Female,26,Visakhapatnam,Visakhapatnam,2023-07-11,Home Office,Organic Search
C005079,Isha Chopra,Female,50,Nagpur,Nagpur,2023-03-22,Consumer,Organic Search
C005080,Aditya Das,Male,24,Surat,Surat,2024-11-28,Consumer,Social Media
C005081,Arjun Nair,Male,18,Surat,Surat,2025-10-08,Home Office,Email
C005082,Krishna Patel,Male,31,Kolkata,Kolkata,2022-10-03,Consumer,Affiliate
C005083,Karan Iyer,Female,36,Lucknow,Lucknow,2025-07-31,Corporate,Social Media
C005084,Manish Singh,Female,36,Gurugram,Gurugram,2023-11-25,Home Office,Email
C005085,Siddharth Sharma,Male,40,Chandigarh,Chandigarh,2023-12-30,Consumer,Organic Search
C005086,Ishaan Mishra,Female,18,Guwahati,Guwahati,2025-07-28,Consumer,Organic Search
C005087,Neha Das,Male,43,Bhopal,Bhopal,2024-09-13,Small Business,Affiliate
C005088,Ishaan Patel,Male,32,Chandigarh,Chandigarh,2025-09-02,Corporate,Social Media
C005089,Nikhil Malhotra,Male,45,Hyderabad,Hyderabad,2026-01-09,Small Business,Affiliate
C005090,Arjun Gupta,Male,27,Indore,Indore,2022-03-31,Home Office,Paid Search
C005091,Rohan Kumar,Female,53,Hyderabad,Hyderabad,2022-01-18,Corporate,Marketplace
C005092,Pooja Gupta,Male,18,Noida,Noida,2024-04-30,Corporate,Paid Search
C005093,Manish Kumar,Male,33,Chennai,Chennai,2022-08-22,Corporate,Paid Search
C005094,Aditya Kapoor,Male,35,Patna,Patna,2025-12-10,Corporate,Social Media
C005095,Aarav Rao,Male,29,Chandigarh,Chandigarh,2025-01-31,Consumer,Email
C005096,Arjun Joshi,Female,44,Hyderabad,Hyderabad,2025-11-04,Home Office,Email
C005097,Vikram Verma,Male,33,Ahmedabad,Ahmedabad,2024-08-23,Consumer,Marketplace
C005098,Isha Reddy,Female,33,Bhubaneswar,Bhubaneswar,2023-07-28,Consumer,Social Media
C005099,Diya Nair,Female,26,Bhopal,Bhopal,2024-09-03,Home Office,Marketplace
C005100,Riya Verma,Female,41,Chandigarh,Chandigarh,2022-05-08,Home Office,Paid Search
C005101,Sanya Sharma,Female,39,Ahmedabad,Ahmedabad,2024-10-04,Small Business,Organic Search
C005102,Ananya Nair,Female,40,Guwahati,Guwahati,2024-07-19,Consumer,Paid Search
C005103,Kavya Mishra,Female,36,Hyderabad,Hyderabad,2024-12-19,Home Office,Paid Search
C005104,Meera Iyer,Female,38,Kolkata,Kolkata,2026-05-04,Consumer,Organic Search
C005105,Priya Mehta,Female,26,Visakhapatnam,Visakhapatnam,2025-05-15,Home Office,Affiliate
C005106,Meera Yadav,Male,20,Guwahati,Guwahati,2022-12-25,Corporate,Social Media
C005107,Reyansh Bose,Male,38,Bengaluru,Bengaluru,2023-07-13,Corporate,Organic Search
C005108,Vivaan Kumar,Unknown,39,Lucknow,Lucknow,2022-10-07,Corporate,Social Media
C005109,Rahul Yadav,Male,39,Ahmedabad,Ahmedabad,2026-03-10,Home Office,Organic Search
C005110,Vikram Joshi,Male,45,Indore,Indore,2022-06-23,Consumer,Referral
C005111,Aditi Gupta,Female,41,Bhubaneswar,Bhubaneswar,2025-08-01,Consumer,Paid Search
C005112,Aditya Iyer,Male,39,Mumbai,Mumbai,2024-10-03,Consumer,Social Media
C005113,Siddharth Malhotra,Male,23,Patna,Patna,2023-06-05,Home Office,Organic Search
C005114,Varun Gupta,Male,47,Bhubaneswar,Bhubaneswar,2025-07-31,Corporate,Affiliate
C005115,Ishaan Bose,Female,36,Ahmedabad,Ahmedabad,2025-07-17,Consumer,Marketplace
C005116,Riya Joshi,Female,43,Bhopal,Bhopal,2022-09-22,Consumer,Organic Search
C005117,Aarav Joshi,Male,46,Chennai,Chennai,2024-07-24,Consumer,Organic Search
C005118,Pooja Patel,Male,38,Nagpur,Nagpur,2023-02-06,Home Office,Social Media
C005119,Pooja Mehta,Male,36,Noida,Noida,2024-12-14,Consumer,Affiliate
C005120,Nikhil Mishra,Female,25,Mysuru,Mysuru,2023-07-14,Corporate,Organic Search
C005121,Ishaan Chopra,Male,38,Mysuru,Mysuru,2023-03-22,Consumer,Marketplace
C005122,Arjun Shah,Male,26,Bhopal,Bhopal,2022-01-18,Corporate,Social Media
C005123,Nikhil Mishra,Male,24,Hyderabad,Hyderabad,2025-04-02,Consumer,Marketplace
C005124,Kabir Chopra,Male,26,Mysuru,Mysuru,2024-09-30,Consumer,Paid Search
C005125,Kavya Rao,Female,33,Bhopal,Bhopal,2024-10-16,Corporate,Organic Search
C005126,Varun Sharma,Female,28,Patna,Patna,2025-08-12,Home Office,Organic Search
C005127,Karan Joshi,Male,26,Noida,Noida,2024-05-16,Corporate,Affiliate
C005128,Rahul Malhotra,Male,47,Pune,Pune,2022-12-06,Home Office,Social Media
C005129,Aditi Rao,Male,43,Gurugram,Gurugram,2022-09-08,Home Office,Social Media
C005130,Sneha Reddy,Female,41,Indore,Indore,2022-05-05,Corporate,Paid Search
C005131,Rahul Sharma,Female,40,Pune,Pune,2023-08-09,Home Office,Paid Search
C005132,Arjun Shah,Male,35,Mysuru,Mysuru,2024-10-31,Consumer,Social Media
C005133,Manish Sharma,Female,24,Visakhapatnam,Visakhapatnam,2022-04-27,Home Office,Paid Search
C005134,Priya Verma,Female,48,Surat,Surat,2023-11-10,Consumer,Paid Search
C005135,Kabir Nair,Male,32,Chennai,Chennai,2022-08-30,Home Office,Organic Search
C005136,Priya Iyer,Female,32,Pune,Pune,2023-08-27,Home Office,Organic Search
C005137,Isha Joshi,Male,51,Delhi,Delhi,2026-07-05,Corporate,Social Media
C005138,Nikhil Kumar,Female,18,Kochi,Kochi,2022-05-08,Consumer,Organic Search
C005139,Aarav Patel,Female,36,Delhi,Delhi,2024-05-21,Consumer,Organic Search
C005140,Manish Kapoor,Female,32,Hyderabad,Hyderabad,2024-08-06,Consumer,Paid Search
C005141,Sneha Mehta,Female,18,Pune,Pune,2024-06-28,Home Office,Paid Search
C005142,Arjun Yadav,Female,32,Chandigarh,Chandigarh,2022-07-20,Home Office,Social Media
C005143,Reyansh Mehta,Female,25,Visakhapatnam,Visakhapatnam,2025-10-03,Home Office,Affiliate
C005144,Vivaan Rao,Female,28,Bhubaneswar,Bhubaneswar,2025-01-14,Consumer,Email
C005145,Tanya Mishra,Male,29,Noida,Noida,2023-07-07,Consumer,Organic Search
C005146,Sneha Verma,Male,41,Delhi,Delhi,2023-02-14,Consumer,Organic Search
C005147,Ananya Gupta,Male,27,Patna,Patna,2023-02-17,Corporate,Affiliate
C005148,Karan Singh,Female,23,Indore,Indore,2023-05-14,Home Office,Organic Search
C005149,Isha Mishra,Female,27,Indore,Indore,2026-01-17,Corporate,Marketplace
C005150,Riya Kumar,Male,37,Visakhapatnam,Visakhapatnam,2025-04-20,Consumer,Paid Search
C005151,Varun Singh,Female,36,Gurugram,Gurugram,2024-02-15,Home Office,Email
C005152,Krishna Kapoor,Male,20,Patna,Patna,2025-11-09,Consumer,Social Media
C005153,Vivaan Chopra,Male,49,Kolkata,Kolkata,2026-06-14,Small Business,Marketplace
C005154,Karan Nair,Male,46,Kolkata,Kolkata,2024-08-16,Home Office,Organic Search
C005155,Priya Iyer,Male,18,Noida,Noida,2024-11-28,Small Business,Email
C005156,Kavya Bose,Female,50,Bengaluru,Bengaluru,2022-05-29,Consumer,Marketplace
C005157,Arjun Nair,Male,30,Indore,Indore,2025-02-22,Consumer,Marketplace
C005158,Pooja Verma,Female,35,Chandigarh,Chandigarh,2022-09-15,Consumer,Social Media
C005159,Aarav Mishra,Female,36,Jaipur,Jaipur,2026-04-04,Consumer,Paid Search
C005160,Aditya Malhotra,Male,34,Chandigarh,Chandigarh,2024-06-20,Consumer,Social Media
C005161,Diya Mishra,Female,42,Coimbatore,Coimbatore,2022-08-14,Consumer,Organic Search
C005162,Varun Sharma,Female,25,Kochi,Kochi,2023-09-13,Home Office,Paid Search
C005163,Ananya Mehta,Male,27,Noida,Noida,2022-07-30,Consumer,Referral
C005164,Ananya Sharma,Male,34,Gurugram,Gurugram,2026-05-03,Consumer,Social Media
C005165,Kabir Rao,Male,32,Mumbai,Mumbai,2024-01-27,Small Business,Social Media
C005166,Aditya Rao,Male,42,Kochi,Kochi,2026-06-19,Small Business,Organic Search
C005167,Rohan Joshi,Male,53,Bhubaneswar,Bhubaneswar,2024-05-25,Consumer,Email
C005168,Tanya Patel,Male,41,Kolkata,Kolkata,2023-10-26,Consumer,Paid Search
C005169,Aditya Kapoor,Male,34,Noida,Noida,2025-09-09,Home Office,Marketplace
C005170,Sneha Yadav,Female,40,Bhopal,Bhopal,2024-12-22,Home Office,Paid Search
C005171,Vivaan Iyer,Male,18,Guwahati,Guwahati,2022-06-29,Consumer,Organic Search
C005172,Rahul Rao,Female,26,Noida,Noida,2026-01-19,Home Office,Paid Search
C005173,Nikhil Reddy,Male,46,Delhi,Delhi,2024-05-30,Home Office,Organic Search
C005174,Aarav Chopra,Female,18,Bhubaneswar,Bhubaneswar,2023-07-04,Consumer,Affiliate
C005175,Tanya Verma,Male,42,Kochi,Kochi,2023-05-07,Consumer,Organic Search
C005176,Vikram Reddy,Male,30,Nagpur,Nagpur,2025-10-12,Home Office,Organic Search
C005177,Rohan Das,Female,29,Noida,Noida,2022-01-05,Consumer,Marketplace
C005178,Meera Mishra,Male,30,Delhi,Delhi,2022-06-26,Consumer,Paid Search
C005179,Kabir Mishra,Male,18,Gurugram,Gurugram,2022-12-13,Consumer,Paid Search
C005180,Kabir Kumar,Male,18,Mysuru,Mysuru,2022-08-28,Consumer,Paid Search
C005181,Aditi Das,Male,42,Patna,Patna,2023-04-24,Corporate,Social Media
C005182,Priya Das,Female,32,Gurugram,Gurugram,2024-05-08,Consumer,Email
C005183,Vivaan Patel,Male,53,Hyderabad,Hyderabad,2023-03-09,Consumer,Referral
C005184,Krishna Joshi,Male,43,Hyderabad,Hyderabad,2026-07-26,Corporate,Marketplace
C005185,Rahul Malhotra,Male,45,Delhi,Delhi,,Small Business,Referral
C005186,Nikhil Joshi,Male,32,Coimbatore,Coimbatore,2022-02-16,Small Business,Referral
C005187,Varun Chopra,Male,38,Hyderabad,Hyderabad,2024-11-19,Corporate,Organic Search
C005188,Manish Das,Female,50,Jaipur,Jaipur,2026-05-05,Consumer,Referral
C005189,Krishna Mishra,Non-Binary,26,Guwahati,Guwahati,2023-10-25,Corporate,Social Media
C005190,Arjun Chopra,Female,27,Surat,Surat,2022-08-01,Consumer,Affiliate
C005191,Sneha Verma,Male,38,Chennai,Chennai,2025-12-13,Consumer,Referral
C005192,Nisha Mehta,Female,24,Surat,Surat,2022-11-06,Consumer,Organic Search
C005193,Isha Reddy,Male,38,Guwahati,Guwahati,2022-09-01,Consumer,Social Media
C005194,Varun Malhotra,Female,18,Pune,Pune,2023-09-18,Corporate,Paid Search
C005195,Ishaan Nair,Female,55,Gurugram,Gurugram,2022-03-26,Home Office,Email
C005196,Tanya Patel,Male,18,Nagpur,Nagpur,2022-08-29,Consumer,Paid Search
C005197,Kabir Kapoor,Female,45,Hyderabad,Hyderabad,2024-07-28,Consumer,Social Media
C005198,Kavya Mehta,Male,23,Kolkata,Kolkata,2025-02-17,Small Business,Organic Search
C005199,Kavya Gupta,Female,37,Nagpur,Nagpur,2022-10-07,Consumer,Paid Search
C005200,Aarav Iyer,Female,18,Delhi,Delhi,2023-12-10,Consumer,Referral
C005201,Kabir Mehta,Female,40,Chennai,Chennai,2024-12-15,Consumer,Social Media
C005202,Priya Rao,Female,38,Kolkata,Kolkata,2023-02-04,Consumer,Organic Search
C005203,Arjun Reddy,Male,42,Bhopal,Bhopal,2025-09-11,Consumer,Referral
C005204,Kavya Kumar,Male,56,Delhi,Delhi,2025-02-27,Consumer,Referral
C005205,Manish Chopra,Female,28,Gurugram,Gurugram,2024-08-08,Consumer,Social Media
C005206,Sanya Kumar,Male,28,Guwahati,Guwahati,2025-09-05,Consumer,Email
C005207,Isha Kapoor,Female,25,Surat,Surat,2026-06-08,Consumer,Paid Search
C005208,Neha Rao,Male,39,Lucknow,Lucknow,2023-08-13,Home Office,Social Media
C005209,Sneha Reddy,Female,48,Bhubaneswar,Bhubaneswar,2023-05-14,Home Office,Referral
C005210,Diya Reddy,Male,47,Noida,Noida,2023-08-11,Consumer,Marketplace
C005211,Arjun Malhotra,Male,22,Surat,Surat,2023-06-10,Home Office,Paid Search
C005212,Karan Das,Female,18,Chennai,Chennai,2025-10-16,Consumer,Paid Search
C005213,Varun Shah,Female,31,Bhopal,Bhopal,2022-09-04,Consumer,Paid Search
C005214,Kavya Singh,Male,30,Kochi,Kochi,2022-09-19,Home Office,Paid Search
C005215,Varun Gupta,Male,54,Nagpur,Nagpur,2023-06-20,Consumer,Social Media
C005216,Sanya Patel,Female,30,Noida,Noida,2026-07-25,Consumer,Social Media
C005217,Riya Joshi,Male,34,Lucknow,Lucknow,2024-07-12,Corporate,Paid Search
C005218,Manish Shah,Male,47,Gurugram,Gurugram,2026-05-21,Home Office,Email
C005219,Vikram Kumar,Female,18,Kochi,Kochi,2023-12-10,Corporate,Affiliate
C005220,Nisha Bose,Male,18,Bengaluru,Bengaluru,2023-10-15,Home Office,Organic Search
C005221,Rahul Das,Female,34,Kochi,Kochi,2025-07-22,Consumer,Referral
C005222,Isha Reddy,Female,22,Gurugram,Gurugram,2026-01-27,Consumer,Affiliate
C005223,Neha Rao,Non-Binary,27,Lucknow,Lucknow,2024-03-22,Consumer,Unknown
C005224,Neha Gupta,Female,45,Lucknow,Lucknow,2022-05-02,Corporate,Organic Search
C005225,Nisha Kapoor,Male,35,Coimbatore,Coimbatore,2024-03-30,Corporate,Organic Search
C005226,Nisha Gupta,Male,30,Jaipur,Jaipur,2024-04-27,Consumer,Paid Search
C005227,Isha Nair,Male,28,Indore,Indore,2022-12-29,Consumer,Organic Search
C005228,Rohan Nair,Female,31,Pune,Pune,2023-01-03,Corporate,Paid Search
C005229,Riya Sharma,Male,40,Surat,Surat,2024-03-19,Small Business,Paid Search
C005230,Vivaan Reddy,Male,29,Hyderabad,Hyderabad,2025-04-16,Small Business,Paid Search
C005231,Nikhil Reddy,Male,34,Bhopal,Bhopal,2023-08-20,Consumer,Marketplace
C005232,Sanya Mehta,Male,18,Kochi,Kochi,2025-08-26,Consumer,Email
C005233,Rahul Reddy,Female,30,Mysuru,Mysuru,2026-01-30,Consumer,Paid Search
C005234,Krishna Gupta,Male,27,Noida,Noida,2023-03-09,Consumer,Social Media
C005235,Isha Yadav,Female,36,Visakhapatnam,Visakhapatnam,2024-02-04,Corporate,Affiliate
C005236,Aditya Rao,Male,31,Kolkata,Kolkata,2023-06-04,Consumer,Organic Search
C005237,Diya Mishra,Female,27,Hyderabad,Hyderabad,2023-12-05,Corporate,Paid Search
C005238,Reyansh Joshi,Non-Binary,50,Delhi,Delhi,2026-02-13,Consumer,Email
C005239,Manish Verma,Male,20,Lucknow,Lucknow,2023-11-09,Small Business,Organic Search
C005240,Kavya Verma,Male,43,Ahmedabad,Ahmedabad,2022-06-25,Consumer,Paid Search
C005241,Pooja Gupta,Male,22,Guwahati,Guwahati,2025-05-31,Consumer,Referral
C005242,Vikram Bose,Male,43,Coimbatore,Coimbatore,2026-01-14,Consumer,Social Media
C005243,Aditya Shah,Male,26,Chennai,Chennai,2026-03-21,Consumer,Email
C005244,Karan Bose,Male,25,Jaipur,Jaipur,2023-08-28,Consumer,Email
C005245,Arjun Reddy,Male,51,Kolkata,Kolkata,2024-09-12,Consumer,Paid Search
C005246,Aarav Yadav,Male,31,Lucknow,Lucknow,2024-04-06,Home Office,Email
C005247,Ishaan Iyer,Male,46,Ahmedabad,Ahmedabad,2026-01-03,Consumer,Email
C005248,Tanya Iyer,Female,43,Nagpur,Nagpur,2022-10-10,Consumer,Social Media
C005249,Neha Verma,Male,24,Visakhapatnam,Visakhapatnam,2023-08-20,Consumer,Affiliate
C005250,Meera Das,Female,22,Bhopal,Bhopal,2024-05-01,Small Business,Referral
C005251,Aditya Iyer,Male,32,Mumbai,Mumbai,,Home Office,Organic Search
C005252,Aditya Gupta,Female,32,Mumbai,Mumbai,2024-01-18,Consumer,Social Media
C005253,Priya Reddy,Male,29,Pune,Pune,2025-11-24,Home Office,Organic Search
C005254,Reyansh Kumar,Male,26,Gurugram,Gurugram,2022-11-23,Corporate,Paid Search
C005255,Siddharth Bose,Unknown,37,Delhi,Delhi,2023-12-14,Corporate,Organic Search
C005256,Priya Joshi,Male,34,Kochi,Kochi,2024-01-08,Consumer,Referral
C005257,Neha Bose,Non-Binary,18,Guwahati,Guwahati,2023-06-22,Small Business,Marketplace
C005258,Kavya Singh,Male,19,Bengaluru,Bengaluru,2025-03-19,Corporate,Paid Search
C005259,Neha Nair,Female,35,Kochi,Kochi,2026-04-25,Consumer,Paid Search
C005260,Ishaan Joshi,Female,21,Kochi,Kochi,2023-06-26,Consumer,Social Media
C005261,Manish Patel,Male,35,Delhi,Delhi,2023-01-08,Consumer,Organic Search
C005262,Vivaan Kapoor,Female,47,Hyderabad,Hyderabad,2024-05-06,Corporate,Organic Search
C005263,Sneha Patel,Male,22,Hyderabad,Hyderabad,2026-04-30,Consumer,Marketplace
C005264,Tanya Malhotra,Female,37,Nagpur,Nagpur,2022-03-09,Consumer,Organic Search
C005265,Rohan Malhotra,Non-Binary,22,Noida,Noida,2025-02-25,Corporate,Paid Search
C005266,Pooja Reddy,Male,30,Bhubaneswar,Bhubaneswar,2026-01-25,Consumer,Affiliate
C005267,Varun Mehta,Male,28,Jaipur,Jaipur,2022-11-25,Consumer,Email
C005268,Aditya Shah,Female,18,Ahmedabad,Ahmedabad,2022-11-14,Small Business,Paid Search
C005269,Aditi Shah,Male,41,Noida,Noida,2023-10-19,Consumer,Referral
C005270,Meera Joshi,Male,44,Coimbatore,Coimbatore,2026-06-10,Corporate,Organic Search
C005271,Tanya Shah,Female,36,Jaipur,Jaipur,2026-03-16,Consumer,Social Media
C005272,Ananya Gupta,Male,34,Nagpur,Nagpur,2022-02-24,Home Office,Social Media
C005273,Aditi Yadav,Male,27,Bengaluru,Bengaluru,2022-12-11,Corporate,Unknown
C005274,Reyansh Iyer,Female,24,Bhopal,Bhopal,2023-03-17,Corporate,Social Media
C005275,Kabir Mehta,Male,18,Bengaluru,Bengaluru,2022-09-10,Consumer,Social Media
C005276,Aditi Gupta,Male,44,Ahmedabad,Ahmedabad,2025-02-11,Home Office,Organic Search
C005277,Kabir Shah,Female,33,Bhopal,Bhopal,2025-06-07,Small Business,Paid Search
C005278,Isha Chopra,Male,34,Lucknow,Lucknow,2025-01-11,Consumer,Paid Search
C005279,Manish Shah,Female,18,Bengaluru,Bengaluru,2023-04-30,Home Office,Marketplace
C005280,Aditi Malhotra,Male,29,Mumbai,Mumbai,2025-05-24,Consumer,Marketplace
C005281,Karan Mehta,Male,46,Noida,Noida,2022-09-29,Home Office,Paid Search
C005282,Pooja Kapoor,Male,45,Surat,Surat,2025-10-09,Corporate,Organic Search
C005283,Aarav Reddy,Female,23,Noida,Noida,2022-03-20,Corporate,Paid Search
C005284,Aarav Shah,Male,18,Nagpur,Nagpur,2022-08-13,Consumer,Email
C005285,Isha Rao,Female,39,Lucknow,Lucknow,2022-02-17,Consumer,Organic Search
C005286,Meera Kapoor,Male,49,Coimbatore,Coimbatore,2026-06-26,Consumer,Paid Search
C005287,Pooja Mishra,Male,31,Coimbatore,Coimbatore,2023-10-22,Consumer,Organic Search
C005288,Meera Patel,Female,34,Jaipur,Jaipur,2026-03-03,Consumer,Email
C005289,Siddharth Singh,Male,29,Kolkata,Kolkata,2026-06-19,Corporate,Marketplace
C005290,Reyansh Mehta,Female,18,Delhi,Delhi,2025-03-11,Consumer,Social Media
C005291,Ananya Sharma,Female,26,Lucknow,Lucknow,2024-02-20,Consumer,Organic Search
C005292,Neha Mishra,Male,20,Mumbai,Mumbai,2026-06-22,Consumer,Email
C005293,Ishaan Singh,Female,30,Guwahati,Guwahati,2024-02-25,Consumer,Paid Search
C005294,Siddharth Joshi,Male,26,Patna,Patna,2024-07-01,Consumer,Social Media
C005295,Kabir Bose,Male,38,Jaipur,Jaipur,2024-09-12,Consumer,Organic Search
C005296,Siddharth Nair,Female,20,Lucknow,Lucknow,2023-07-06,Home Office,Social Media
C005297,Neha Iyer,Female,28,Ahmedabad,Ahmedabad,2025-04-15,Corporate,Email
C005298,Vikram Iyer,Male,45,Bengaluru,Bengaluru,2022-06-04,Consumer,Referral
C005299,Priya Sharma,Non-Binary,27,Ahmedabad,Ahmedabad,2023-06-29,Consumer,Marketplace
C005300,Tanya Shah,Male,22,Coimbatore,Coimbatore,2023-07-19,Consumer,Organic Search
C005301,Reyansh Mehta,Male,28,Guwahati,Guwahati,2025-04-02,Corporate,Affiliate
C005302,Varun Mishra,Female,35,Surat,Surat,2022-12-09,Consumer,Affiliate
C005303,Kavya Verma,Female,18,Coimbatore,Coimbatore,2026-07-19,Corporate,Social Media
C005304,Nikhil Sharma,Male,40,Surat,Surat,2026-01-15,Consumer,Organic Search
C005305,Kavya Malhotra,Male,21,Coimbatore,Coimbatore,2023-06-22,Small Business,Organic Search
C005306,Sanya Verma,Female,53,Patna,Patna,2026-01-07,Consumer,Referral
C005307,Ananya Bose,Female,44,Patna,Patna,2025-02-27,Consumer,Referral
C005308,Meera Singh,Female,38,Lucknow,Lucknow,2022-03-28,Consumer,Paid Search
C005309,Meera Verma,Male,31,Chennai,Chennai,2023-12-30,Consumer,Affiliate
C005310,Nikhil Nair,Non-Binary,26,Bhubaneswar,Bhubaneswar,2023-12-11,Consumer,Affiliate
C005311,Priya Kumar,Male,26,Kochi,Kochi,2026-02-02,Consumer,Organic Search
C005312,Siddharth Yadav,Male,40,Bhubaneswar,Bhubaneswar,2025-03-14,Consumer,Social Media
C005313,Tanya Kumar,Female,19,Kolkata,Kolkata,2022-09-09,Corporate,Marketplace
C005314,Aditya Joshi,Female,31,Bengaluru,Bengaluru,2025-07-31,Small Business,Affiliate
C005315,Diya Nair,Male,42,Mysuru,Mysuru,2022-12-08,Corporate,Organic Search
C005316,Kavya Shah,Female,37,Bengaluru,Bengaluru,2022-03-20,Consumer,Organic Search
C005317,Rohan Shah,Male,42,Lucknow,Lucknow,2022-11-16,Consumer,Marketplace
C005318,Krishna Singh,Female,40,Mysuru,Mysuru,2025-03-08,Consumer,Organic Search
C005319,Krishna Kumar,Male,38,Indore,Indore,2026-03-12,Corporate,Referral
C005320,Sanya Bose,Male,30,Noida,Noida,2024-02-14,Home Office,Paid Search
C005321,Arjun Joshi,Male,21,Indore,Indore,2023-02-19,Consumer,Organic Search
C005322,Vikram Mehta,Female,21,Mysuru,Mysuru,2023-06-26,Consumer,Social Media
C005323,Varun Shah,Female,32,Coimbatore,Coimbatore,2022-03-26,Home Office,Organic Search
C005324,Manish Das,Male,27,Pune,Pune,2022-04-29,Consumer,Affiliate
C005325,Priya Reddy,Female,18,Surat,Surat,2022-05-14,Consumer,Referral
C005326,Kavya Yadav,Male,35,Gurugram,Gurugram,2024-07-29,Consumer,Social Media
C005327,Priya Shah,Female,18,Bhopal,Bhopal,2025-07-16,Consumer,Affiliate
C005328,Ishaan Verma,Male,52,Patna,Patna,2022-05-16,Consumer,Referral
C005329,Karan Gupta,Male,25,Bhopal,Bhopal,2023-10-22,Corporate,Email
C005330,Siddharth Bose,Female,43,Bhopal,Bhopal,2025-03-04,Home Office,Social Media
C005331,Arjun Kapoor,Female,51,Gurugram,Gurugram,2025-05-23,Corporate,Email
C005332,Ishaan Mishra,Female,18,Chennai,Chennai,2022-04-01,Consumer,Paid Search
C005333,Manish Joshi,Female,39,Jaipur,Jaipur,2022-05-23,Consumer,Email
C005334,Varun Bose,Female,32,Nagpur,Nagpur,2025-06-19,Corporate,Organic Search
C005335,Aditya Mehta,Female,31,Pune,Pune,2022-08-30,Consumer,Email
C005336,Rahul Sharma,Non-Binary,35,Ahmedabad,Ahmedabad,2025-03-31,Corporate,Paid Search
C005337,Aditya Mehta,Female,39,Delhi,Delhi,2025-11-11,Home Office,Organic Search
C005338,Riya Rao,Male,30,Chennai,Chennai,2026-03-23,Consumer,Marketplace
C005339,Nisha Rao,Female,37,Pune,Pune,2022-07-01,Consumer,Organic Search
C005340,Vikram Das,Female,32,Jaipur,Jaipur,2026-01-05,Consumer,Organic Search
C005341,Manish Mehta,Female,49,Guwahati,Guwahati,2023-01-03,Corporate,Referral
C005342,Varun Iyer,Female,49,Nagpur,Nagpur,2024-06-25,Consumer,Affiliate
C005343,Manish Kumar,Male,54,Patna,Patna,2025-08-27,Consumer,Social Media
C005344,Priya Mehta,Female,39,Indore,Indore,2026-02-12,Corporate,Marketplace
C005345,Priya Verma,Non-Binary,18,Visakhapatnam,Visakhapatnam,2024-10-09,Consumer,Marketplace
C005346,Meera Verma,Male,34,Kochi,Kochi,2025-08-30,Consumer,Social Media
C005347,Meera Verma,Male,31,Gurugram,Gurugram,2022-02-15,Small Business,Paid Search
C005348,Pooja Verma,Female,62,Lucknow,Lucknow,2022-05-16,Corporate,Email
C005349,Siddharth Malhotra,Male,42,Coimbatore,Coimbatore,2026-07-08,Consumer,Email
C005350,Vikram Mehta,Female,39,Bhubaneswar,Bhubaneswar,2024-03-24,Consumer,Organic Search
C005351,Nisha Nair,Male,27,Jaipur,Jaipur,2023-07-19,Consumer,Organic Search
C005352,Vikram Yadav,Female,19,Gurugram,Gurugram,2022-09-20,Consumer,Social Media
C005353,Krishna Mehta,Female,33,Hyderabad,Hyderabad,2025-11-24,Consumer,Social Media
C005354,Rohan Verma,Male,46,Delhi,Delhi,2022-07-26,Consumer,Email
C005355,Sneha Kumar,Male,36,Mumbai,Mumbai,2025-05-06,Consumer,Referral
C005356,Aditi Mehta,Male,38,Hyderabad,Hyderabad,2024-01-13,Consumer,Marketplace
C005357,Nikhil Verma,Female,41,Mumbai,Mumbai,2024-05-10,Consumer,Social Media
C005358,Pooja Shah,Male,19,Chennai,Chennai,2025-05-26,Consumer,Referral
C005359,Aditya Reddy,Male,38,Surat,Surat,2024-07-05,Small Business,Marketplace
C005360,Priya Das,Female,28,Delhi,Delhi,2022-04-15,Consumer,Social Media
C005361,Siddharth Kapoor,Male,46,Ahmedabad,Ahmedabad,2023-04-19,Consumer,Social Media
C005362,Ishaan Shah,Male,33,Indore,Indore,2025-03-13,Consumer,Organic Search
C005363,Nisha Verma,Female,18,Guwahati,Guwahati,2023-01-27,Consumer,Paid Search
C005364,Manish Nair,Male,43,Indore,Indore,2024-09-03,Corporate,Marketplace
C005365,Krishna Yadav,Female,40,Bengaluru,Bengaluru,2023-06-06,Home Office,Paid Search
C005366,Manish Yadav,Male,18,Bhopal,Bhopal,2025-04-22,Consumer,Paid Search
C005367,Ishaan Kumar,Male,48,Patna,Patna,2022-02-10,Home Office,Affiliate
C005368,Ananya Chopra,Female,24,Jaipur,Jaipur,2024-12-25,Consumer,Marketplace
C005369,Sanya Rao,Female,26,Kolkata,Kolkata,2023-02-28,Consumer,Social Media
C005370,Siddharth Das,Female,44,Kolkata,Kolkata,2023-10-15,Corporate,Organic Search
C005371,Kabir Rao,Female,49,Bhubaneswar,Bhubaneswar,2024-02-05,Consumer,Organic Search
C005372,Diya Joshi,Female,18,Kolkata,Kolkata,2023-12-05,Consumer,Organic Search
C005373,Diya Bose,Male,32,Ahmedabad,Ahmedabad,2026-01-02,Consumer,Referral
C005374,Nikhil Joshi,Female,37,Guwahati,Guwahati,2024-05-21,Consumer,Organic Search
C005375,Nisha Reddy,Female,32,Mumbai,Mumbai,2024-11-11,Consumer,Paid Search
C005376,Krishna Mishra,Male,43,Jaipur,Jaipur,2026-07-29,Consumer,Social Media
C005377,Tanya Kapoor,Female,33,Noida,Noida,2026-04-16,Consumer,Organic Search
C005378,Riya Gupta,Male,36,Kochi,Kochi,2025-09-02,Consumer,Social Media
C005379,Tanya Sharma,Male,26,Bhopal,Bhopal,2023-08-23,Home Office,Social Media
C005380,Meera Joshi,Male,26,Bhubaneswar,Bhubaneswar,2025-01-23,Consumer,Social Media
C005381,Rahul Das,Male,39,Surat,Surat,2026-07-19,Consumer,Social Media
C005382,Siddharth Bose,Female,18,Jaipur,Jaipur,2025-07-21,Small Business,Email
C005383,Priya Das,Female,25,Hyderabad,Hyderabad,2023-12-20,Home Office,Social Media
C005384,Aditi Singh,Female,40,Gurugram,Gurugram,2025-03-03,Consumer,Organic Search
C005385,Manish Shah,Female,18,Noida,Noida,,Consumer,Organic Search
C005386,Aditya Sharma,Male,23,Delhi,Delhi,2025-07-27,Home Office,Referral
C005387,Kabir Patel,Male,26,Surat,Surat,2023-12-17,Small Business,Referral
C005388,Ishaan Verma,Male,25,Ahmedabad,Ahmedabad,2023-01-06,Consumer,Paid Search
C005389,Pooja Yadav,Male,30,Hyderabad,Hyderabad,2023-03-07,Corporate,Social Media
C005390,Tanya Singh,Female,39,Delhi,Delhi,2024-05-26,Consumer,Email
C005391,Siddharth Singh,Male,34,Noida,Noida,2025-05-20,Consumer,Organic Search
C005392,Nisha Kumar,Female,42,Coimbatore,Coimbatore,2026-07-17,Consumer,Social Media
C005393,Aarav Gupta,Male,31,Ahmedabad,Ahmedabad,2022-10-30,Consumer,Affiliate
C005394,Nikhil Mishra,Female,28,Kolkata,Kolkata,2023-05-30,Consumer,Paid Search
C005395,Diya Singh,Male,28,Mumbai,Mumbai,2023-06-05,Small Business,Organic Search
C005396,Varun Reddy,Male,35,Coimbatore,Coimbatore,2026-06-06,Consumer,Marketplace
C005397,Varun Malhotra,Female,36,Guwahati,Guwahati,2025-02-13,Corporate,Social Media
C005398,Isha Rao,Female,18,Chennai,Chennai,2022-04-17,Consumer,Referral
C005399,Vivaan Verma,Male,30,Noida,Noida,2025-03-27,Consumer,Organic Search
C005400,Aarav Joshi,Male,51,Bhubaneswar,Bhubaneswar,2024-03-26,Consumer,Referral
C005401,Sneha Bose,Male,46,Mysuru,Mysuru,2025-02-05,Small Business,Email
C005402,Manish Kapoor,Female,40,Chandigarh,Chandigarh,2024-02-29,Corporate,Social Media
C005403,Arjun Verma,Male,18,Surat,Surat,2022-06-12,Consumer,Organic Search
C005404,Rohan Mishra,Female,39,Indore,Indore,2023-08-25,Consumer,Social Media
C005405,Isha Gupta,Female,59,Ahmedabad,Ahmedabad,2025-01-17,Corporate,Affiliate
C005406,Ananya Sharma,Male,27,Mumbai,Mumbai,2024-01-01,Consumer,Organic Search
C005407,Aarav Mehta,Male,30,Chennai,Chennai,2023-07-10,Home Office,Social Media
C005408,Nisha Yadav,Female,35,Chandigarh,Chandigarh,2022-12-31,Consumer,Email
C005409,Sneha Bose,Male,31,Kolkata,Kolkata,2022-07-10,Consumer,Social Media
C005410,Aditya Das,Female,47,Lucknow,Lucknow,2022-09-24,Small Business,Social Media
C005411,Meera Malhotra,Female,37,Visakhapatnam,Visakhapatnam,2024-04-11,Consumer,Email
C005412,Riya Singh,Male,55,Jaipur,Jaipur,2025-09-18,Home Office,Marketplace
C005413,Karan Chopra,Male,27,Surat,Surat,2023-01-16,Corporate,Paid Search
C005414,Aditi Mehta,Female,18,Jaipur,Jaipur,2025-07-22,Consumer,Email
C005415,Varun Mishra,Male,23,Patna,Patna,2023-06-17,Consumer,Referral
C005416,Arjun Das,Male,28,Kolkata,Kolkata,2024-08-25,Home Office,Email
C005417,Ananya Nair,Female,18,Indore,Indore,2023-09-10,Consumer,Marketplace
C005418,Krishna Gupta,Male,18,Visakhapatnam,Visakhapatnam,2025-06-26,Consumer,Email
C005419,Ishaan Malhotra,Female,42,Ahmedabad,Ahmedabad,2023-09-19,Consumer,Social Media
C005420,Rahul Kapoor,Male,43,Gurugram,Gurugram,2024-01-03,Consumer,Paid Search
C005421,Nisha Sharma,Female,25,Mysuru,Mysuru,2026-03-30,Consumer,Marketplace
C005422,Kavya Mishra,Female,33,Delhi,Delhi,2025-01-23,Consumer,Paid Search
C005423,Neha Das,Female,41,Mysuru,Mysuru,2025-06-03,Consumer,Paid Search
C005424,Riya Gupta,Female,50,Visakhapatnam,Visakhapatnam,2025-11-16,Home Office,Social Media
C005425,Nikhil Nair,Male,36,Mumbai,Mumbai,2023-06-01,Consumer,Referral
C005426,Rohan Rao,Male,18,Chennai,Chennai,2024-05-27,Consumer,Organic Search
C005427,Varun Das,Male,33,Chennai,Chennai,2024-06-22,Consumer,Referral
C005428,Vivaan Iyer,Female,34,Patna,Patna,2025-02-28,Corporate,Email
C005429,Karan Patel,Female,54,Mumbai,Mumbai,2024-06-11,Consumer,Paid Search
C005430,Tanya Joshi,Male,26,Bengaluru,Bengaluru,2022-03-15,Corporate,Organic Search
C005431,Sanya Singh,Male,27,Delhi,Delhi,2025-11-25,Consumer,Paid Search
C005432,Karan Kumar,Female,25,Surat,Surat,2025-01-16,Small Business,Social Media
C005433,Aditi Shah,Female,57,Chandigarh,Chandigarh,2022-05-30,Consumer,Paid Search
C005434,Pooja Nair,Female,18,Delhi,Delhi,2024-11-25,Corporate,Referral
C005435,Riya Shah,Male,18,Lucknow,Lucknow,2025-11-28,Consumer,Marketplace
C005436,Kavya Mehta,Male,18,Bengaluru,Bengaluru,2025-06-09,Consumer,Social Media
C005437,Tanya Gupta,Female,50,Gurugram,Gurugram,2022-10-23,Corporate,Organic Search
C005438,Sanya Chopra,Male,35,Hyderabad,Hyderabad,2023-10-16,Home Office,Paid Search
C005439,Nikhil Mehta,Female,19,Mysuru,Mysuru,2022-08-09,Consumer,Email
C005440,Priya Sharma,Female,30,Chandigarh,Chandigarh,2025-01-31,Consumer,Social Media
C005441,Vikram Das,Male,30,Noida,Noida,2025-03-06,Consumer,Paid Search
C005442,Tanya Singh,Male,37,Bhopal,Bhopal,2026-07-12,Corporate,Paid Search
C005443,Arjun Mishra,Female,38,Kolkata,Kolkata,2026-07-24,Home Office,Email
C005444,Meera Gupta,Female,27,Lucknow,Lucknow,2025-08-29,Corporate,Paid Search
C005445,Aditi Verma,Female,42,Coimbatore,Coimbatore,2025-06-14,Small Business,Organic Search
C005446,Priya Bose,Male,33,Delhi,Delhi,2022-03-30,Consumer,Referral
C005447,Priya Mehta,Female,69,Surat,Surat,2024-04-17,Small Business,Marketplace
C005448,Tanya Kumar,Female,18,Kolkata,Kolkata,2025-12-20,Consumer,Organic Search
C005449,Riya Bose,Male,18,Pune,Pune,2026-02-12,Consumer,Paid Search
C005450,Isha Iyer,Male,31,Coimbatore,Coimbatore,2022-04-24,Consumer,Social Media
C005451,Neha Das,Male,36,Gurugram,Gurugram,2026-04-23,Corporate,Marketplace
C005452,Vikram Patel,Male,39,Hyderabad,Hyderabad,2022-05-13,Consumer,Paid Search
C005453,Karan Yadav,Male,27,Bhubaneswar,Bhubaneswar,2026-07-04,Consumer,Organic Search
C005454,Sneha Rao,Male,26,Bhopal,Bhopal,2024-01-26,Consumer,Organic Search
C005455,Krishna Kumar,Male,23,Kochi,Kochi,2025-12-11,Consumer,Paid Search
C005456,Aarav Singh,Male,28,Gurugram,Gurugram,2024-02-05,Consumer,Social Media
C005457,Karan Chopra,Male,53,Guwahati,Guwahati,2024-07-11,Consumer,Email
C005458,Aarav Yadav,Female,18,Coimbatore,Coimbatore,2022-01-03,Small Business,Referral
C005459,Aarav Iyer,Male,35,Patna,Patna,2024-09-16,Consumer,Organic Search
C005460,Riya Singh,Female,30,Jaipur,Jaipur,2023-06-20,Consumer,Referral
C005461,Unknown,Female,30,Surat,Surat,2022-09-13,Consumer,Paid Search
C005462,Varun Kapoor,Female,48,Chennai,Chennai,2025-05-08,Consumer,Organic Search
C005463,Ananya Yadav,Female,36,Jaipur,Jaipur,2024-10-09,Corporate,Affiliate
C005464,Siddharth Shah,Female,27,Surat,Surat,2022-01-28,Corporate,Paid Search
C005465,Aditi Mehta,Male,40,Jaipur,Jaipur,2025-02-27,Corporate,Organic Search
C005466,Tanya Mishra,Female,33,Lucknow,Lucknow,2022-05-25,Home Office,Paid Search
C005467,Sneha Mehta,Male,25,Bhubaneswar,Bhubaneswar,2023-09-09,Consumer,Email
C005468,Aditi Nair,Female,38,Chandigarh,Chandigarh,2026-02-04,Consumer,Organic Search
C005469,Arjun Verma,Male,27,Kolkata,Kolkata,2023-05-06,Consumer,Marketplace
C005470,Reyansh Yadav,Female,21,Hyderabad,Hyderabad,2023-02-06,Corporate,Paid Search
C005471,Tanya Nair,Male,31,Pune,Pune,2026-05-30,Home Office,Affiliate
C005472,Aditya Iyer,Male,29,Delhi,Delhi,2026-05-29,Consumer,Social Media
C005473,Neha Gupta,Female,20,Hyderabad,Hyderabad,2023-09-06,Corporate,Organic Search
C005474,Rohan Kumar,Male,22,Coimbatore,Coimbatore,2025-03-19,Consumer,Paid Search
C005475,Karan Nair,Female,18,Jaipur,Jaipur,2023-11-20,Consumer,Organic Search
C005476,Ishaan Yadav,Male,35,Pune,Pune,2024-02-13,Home Office,Email
C005477,Neha Singh,Female,36,Hyderabad,Hyderabad,2024-03-12,Small Business,Paid Search
C005478,Ishaan Gupta,Male,33,Jaipur,Jaipur,2025-07-04,Home Office,Social Media
C005479,Isha Verma,Male,58,Nagpur,Nagpur,2026-05-12,Small Business,Marketplace
C005480,Krishna Nair,Female,39,Indore,Indore,2022-05-02,Home Office,Organic Search
C005481,Ananya Reddy,Male,37,Indore,Indore,2023-05-07,Consumer,Social Media
C005482,Meera Yadav,Female,18,Patna,Patna,2026-05-21,Consumer,Affiliate
C005483,Varun Nair,Female,20,Patna,Patna,2023-02-22,Consumer,Paid Search
C005484,Nisha Mehta,Female,18,Mumbai,Mumbai,2023-02-19,Consumer,Organic Search
C005485,Sneha Reddy,Female,32,Lucknow,Lucknow,,Consumer,Paid Search
C005486,Sanya Chopra,Male,37,Jaipur,Jaipur,2022-01-01,Consumer,Email
C005487,Arjun Patel,Male,49,Surat,Surat,2026-01-17,Consumer,Organic Search
C005488,Ananya Rao,Female,50,Mysuru,Mysuru,2025-12-26,Consumer,Social Media
C005489,Varun Das,Male,34,Kolkata,Kolkata,2024-04-08,Consumer,Referral
C005490,Siddharth Mishra,Male,52,Kochi,Kochi,2022-06-15,Consumer,Marketplace
C005491,Aditya Das,Female,22,Bhubaneswar,Bhubaneswar,2024-11-09,Home Office,Social Media
C005492,Reyansh Yadav,Male,46,Delhi,Delhi,2025-04-07,Consumer,Paid Search
C005493,Siddharth Kapoor,Male,34,Surat,Surat,2024-06-23,Consumer,Social Media
C005494,Karan Reddy,Female,34,Bengaluru,Bengaluru,2022-09-07,Consumer,Email
C005495,Rahul Shah,Female,18,Kochi,Kochi,2024-09-24,Consumer,Social Media
C005496,Reyansh Verma,Male,40,Gurugram,Gurugram,2026-07-01,Consumer,Organic Search
C005497,Rohan Nair,Female,46,Visakhapatnam,Visakhapatnam,2022-09-30,Consumer,Organic Search
C005498,Priya Mehta,Female,35,Delhi,Delhi,2022-02-16,Consumer,Social Media
C005499,Ananya Das,Female,33,Indore,Indore,2025-07-27,Small Business,Social Media
C005500,Krishna Malhotra,Female,18,Lucknow,Lucknow,2025-02-16,Consumer,Marketplace
C005501,Isha Chopra,Female,26,Ahmedabad,Ahmedabad,2026-07-29,Consumer,Marketplace
C005502,Karan Patel,Male,28,Mumbai,Mumbai,2026-04-10,Corporate,Social Media
C005503,Meera Gupta,Male,25,Gurugram,Gurugram,2022-01-05,Consumer,Organic Search
C005504,Neha Chopra,Male,40,Bengaluru,Bengaluru,2025-05-25,Consumer,Marketplace
C005505,Rohan Gupta,Male,37,Nagpur,Nagpur,2026-04-28,Consumer,Social Media
C005506,Pooja Malhotra,Female,26,Patna,Patna,2022-08-21,Consumer,Referral
C005507,Sanya Nair,Male,29,Surat,Surat,2022-08-27,Consumer,Social Media
C005508,Nikhil Shah,Female,24,Guwahati,Guwahati,2022-11-25,Consumer,Organic Search
C005509,Riya Kapoor,Male,36,Ahmedabad,Ahmedabad,2025-03-23,Consumer,Paid Search
C005510,Siddharth Kapoor,Female,36,Lucknow,Lucknow,2024-03-06,Small Business,Referral
C005511,Meera Rao,Female,18,Noida,Noida,2025-07-25,Consumer,Organic Search
C005512,Rohan Shah,Female,19,Lucknow,Lucknow,2025-03-29,Home Office,Paid Search
C005513,Rohan Sharma,Male,46,Patna,Patna,2022-03-28,Consumer,Marketplace
C005514,Nisha Gupta,Male,35,Mumbai,Mumbai,2022-03-19,Corporate,Social Media
C005515,Manish Das,Male,29,Jaipur,Jaipur,2023-05-23,Consumer,Email
C005516,Nisha Joshi,Female,20,Coimbatore,Coimbatore,2022-07-02,Home Office,Social Media
C005517,Krishna Rao,Male,33,Chandigarh,Chandigarh,2022-03-18,Consumer,Unknown
C005518,Arjun Shah,Female,39,Indore,Indore,2024-02-02,Consumer,Paid Search
C005519,Ishaan Yadav,Male,38,Ahmedabad,Ahmedabad,2023-09-10,Small Business,Referral
C005520,Kavya Patel,Unknown,39,Visakhapatnam,Visakhapatnam,2022-10-28,Corporate,Organic Search
C005521,Siddharth Gupta,Female,19,Hyderabad,Hyderabad,2022-03-21,Consumer,Organic Search
C005522,Nikhil Singh,Female,18,Surat,Surat,2024-04-07,Corporate,Organic Search
C005523,Arjun Gupta,Female,36,Lucknow,Lucknow,2022-03-26,Consumer,Affiliate
C005524,Ishaan Shah,Male,38,Coimbatore,Coimbatore,2026-02-06,Consumer,Paid Search
C005525,Krishna Mehta,Female,22,Hyderabad,Hyderabad,2025-11-03,Home Office,Organic Search
C005526,Ishaan Yadav,Male,35,Noida,Noida,2026-02-14,Consumer,Marketplace
C005527,Siddharth Iyer,Male,47,Mysuru,Mysuru,2022-05-20,Home Office,Paid Search
C005528,Unknown,Female,44,Chandigarh,Chandigarh,2022-02-17,Consumer,Paid Search
C005529,Tanya Joshi,Male,37,Hyderabad,Hyderabad,2024-06-06,Corporate,Paid Search
C005530,Kabir Reddy,Female,43,Bengaluru,Bengaluru,2022-03-06,Small Business,Social Media
C005531,Sanya Mehta,Female,56,Mumbai,Mumbai,2024-05-28,Corporate,Referral
C005532,Priya Gupta,Female,22,Lucknow,Lucknow,2026-05-29,Consumer,Organic Search
C005533,Priya Patel,Male,32,Kochi,Kochi,2024-05-22,Consumer,Organic Search
C005534,Neha Reddy,Female,21,Chennai,Chennai,2023-02-17,Consumer,Email
C005535,Karan Patel,Male,31,Bhubaneswar,Bhubaneswar,2026-04-05,Consumer,Affiliate
C005536,Rahul Rao,Male,36,Bhubaneswar,Bhubaneswar,2023-11-10,Home Office,Paid Search
C005537,Meera Rao,Male,45,Coimbatore,Coimbatore,2025-12-20,Home Office,Paid Search
C005538,Manish Malhotra,Female,36,Surat,Surat,2025-03-31,Consumer,Organic Search
C005539,Rahul Gupta,Male,34,Chennai,Chennai,2026-04-11,Home Office,Organic Search
C005540,Neha Iyer,Male,30,Chandigarh,Chandigarh,2025-06-01,Consumer,Social Media
C005541,Diya Gupta,Male,51,Mumbai,Mumbai,2023-10-26,Consumer,Organic Search
C005542,Nikhil Iyer,Female,40,Kolkata,Kolkata,2024-02-08,Home Office,Organic Search
C005543,Tanya Verma,Female,40,Hyderabad,Hyderabad,2024-10-01,Consumer,Social Media
C005544,Diya Singh,Male,38,Kochi,Kochi,2023-10-06,Consumer,Social Media
C005545,Sanya Yadav,Male,34,Noida,Noida,2024-04-16,Consumer,Organic Search
C005546,Manish Rao,Male,33,Chennai,Chennai,2023-01-23,Consumer,Referral
C005547,Aarav Reddy,Female,34,Patna,Patna,2022-06-06,Small Business,Social Media
C005548,Ananya Yadav,Male,18,Guwahati,Guwahati,2023-02-05,Home Office,Social Media
C005549,Diya Kapoor,Male,45,Bhubaneswar,Bhubaneswar,2026-02-01,Corporate,Organic Search
C005550,Rohan Chopra,Male,41,Chennai,Chennai,2026-03-07,Consumer,Referral
C005551,Vivaan Kapoor,Female,33,Ahmedabad,Ahmedabad,2023-05-06,Consumer,Organic Search
C005552,Isha Yadav,Female,41,Ahmedabad,Ahmedabad,2024-04-07,Consumer,Marketplace
C005553,Sneha Shah,Female,18,Bhopal,Bhopal,2025-03-21,Consumer,Referral
C005554,Vivaan Patel,Male,45,Bhubaneswar,Bhubaneswar,2024-09-30,Corporate,Marketplace
C005555,Varun Verma,Male,18,Jaipur,Jaipur,2023-07-19,Consumer,Social Media
C005556,Diya Mishra,Male,45,Noida,Noida,,Corporate,Email
C005557,Tanya Mishra,Male,41,Visakhapatnam,Visakhapatnam,2022-04-17,Consumer,Social Media
C005558,Nisha Shah,Male,25,Pune,Pune,2026-07-12,Consumer,Social Media
C005559,Kavya Mishra,Male,35,Hyderabad,Hyderabad,2024-03-13,Consumer,Paid Search
C005560,Ishaan Kumar,Male,31,Nagpur,Nagpur,2022-08-26,Corporate,Marketplace
C005561,Tanya Singh,Male,52,Mysuru,Mysuru,2022-06-29,Home Office,Marketplace
C005562,Meera Kumar,Male,38,Noida,Noida,2026-05-09,Consumer,Organic Search
C005563,Diya Nair,Male,23,Hyderabad,Hyderabad,2023-10-21,Consumer,Marketplace
C005564,Vivaan Singh,Male,47,Noida,Noida,2022-01-30,Small Business,Paid Search
C005565,Tanya Rao,Male,26,Lucknow,Lucknow,2024-07-11,Home Office,Organic Search
C005566,Sanya Kapoor,Female,31,Nagpur,Nagpur,2025-07-08,Consumer,Social Media
C005567,Karan Gupta,Female,18,Nagpur,Nagpur,2024-05-28,Consumer,Marketplace
C005568,Ananya Nair,Male,40,Pune,Pune,2026-04-08,Consumer,Referral
C005569,Ananya Joshi,Male,28,Coimbatore,Coimbatore,2022-01-15,Consumer,Marketplace
C005570,Kabir Singh,Female,27,Kochi,Kochi,2023-05-03,Home Office,Paid Search
C005571,Sanya Joshi,Female,25,Delhi,Delhi,2026-04-03,Consumer,Organic Search
C005572,Sanya Mehta,Female,24,Surat,Surat,2022-03-10,Consumer,Paid Search
C005573,Siddharth Bose,Male,45,Jaipur,Jaipur,2022-01-29,Small Business,Paid Search
C005574,Riya Nair,Female,44,Lucknow,Lucknow,2023-03-08,Consumer,Referral
C005575,Varun Bose,Male,37,Bhubaneswar,Bhubaneswar,2025-06-16,Consumer,Email
C005576,Manish Shah,Female,20,Coimbatore,Coimbatore,2025-11-01,Consumer,Social Media
C005577,Rohan Kapoor,Female,42,Coimbatore,Coimbatore,2024-05-02,Consumer,Paid Search
C005578,Sneha Chopra,Female,27,Ahmedabad,Ahmedabad,2025-10-07,Consumer,Organic Search
C005579,Sneha Singh,Female,42,Chennai,Chennai,2026-01-19,Small Business,Organic Search
C005580,Ananya Gupta,Female,35,Mumbai,Mumbai,2022-06-24,Consumer,Email
C005581,Kabir Sharma,Female,36,Coimbatore,Coimbatore,2025-12-22,Corporate,Paid Search
C005582,Nikhil Yadav,Female,38,Surat,Surat,2022-04-02,Corporate,Referral
C005583,Nikhil Singh,Male,42,Indore,Indore,2025-04-11,Consumer,Social Media
C005584,Aditya Joshi,Female,31,Bhopal,Bhopal,2024-04-07,Consumer,Social Media
C005585,Varun Shah,Male,49,Surat,Surat,2024-09-14,Consumer,Paid Search
C005586,Meera Patel,Female,26,Gurugram,Gurugram,2024-10-22,Consumer,Email
C005587,Varun Kumar,Female,46,Chennai,Chennai,2023-07-17,Consumer,Social Media
C005588,Vivaan Singh,Male,35,Patna,Patna,2023-08-25,Consumer,Social Media
C005589,Ishaan Shah,Non-Binary,18,Jaipur,Jaipur,2026-03-24,Consumer,Marketplace
C005590,Rohan Verma,Female,18,Coimbatore,Coimbatore,2022-12-21,Consumer,Affiliate
C005591,Neha Reddy,Male,34,Jaipur,Jaipur,2024-09-19,Consumer,Marketplace
C005592,Vikram Yadav,Female,54,Bengaluru,Bengaluru,2022-12-10,Consumer,Email
C005593,Rahul Mehta,Female,22,Surat,Surat,2024-10-20,Consumer,Social Media
C005594,Kabir Sharma,Male,31,Chennai,Chennai,2023-10-22,Home Office,Paid Search
C005595,Nikhil Sharma,Male,41,Coimbatore,Coimbatore,2025-07-05,Consumer,Email
C005596,Vikram Bose,Male,37,Surat,Surat,2022-11-22,Small Business,Social Media
C005597,Tanya Yadav,Male,18,Lucknow,Lucknow,2025-03-01,Consumer,Referral
C005598,Nisha Kapoor,Male,19,Pune,Pune,2023-01-21,Consumer,Marketplace
C005599,Reyansh Kapoor,Male,33,Kochi,Kochi,2025-04-17,Home Office,Organic Search
C005600,Reyansh Das,Female,46,Bengaluru,Bengaluru,2024-08-30,Corporate,Email
C005601,Isha Chopra,Female,31,Bhopal,Bhopal,,Consumer,Organic Search
C005602,Vivaan Kumar,Male,50,Kochi,Kochi,2026-05-31,Consumer,Paid Search
C005603,Reyansh Mehta,Female,37,Nagpur,Nagpur,2025-04-02,Consumer,Referral
C005604,Diya Sharma,Unknown,18,Gurugram,Gurugram,2023-09-21,Consumer,Organic Search
C005605,Tanya Bose,Male,32,Kochi,Kochi,2023-01-14,Consumer,Referral
C005606,Ishaan Malhotra,Non-Binary,46,Gurugram,Gurugram,2022-07-03,Consumer,Social Media
C005607,Tanya Verma,Male,43,Bhubaneswar,Bhubaneswar,2025-01-25,Consumer,Organic Search
C005608,Aarav Mehta,Male,34,Kochi,Kochi,2024-05-17,Home Office,Referral
C005609,Pooja Rao,Female,20,Kolkata,Kolkata,2025-02-26,Consumer,Marketplace
C005610,Varun Kapoor,Female,30,Guwahati,Guwahati,2025-09-12,Consumer,Organic Search
C005611,Priya Malhotra,Male,32,Indore,Indore,2023-06-27,Consumer,Social Media
C005612,Rahul Malhotra,Female,20,Indore,Indore,2026-02-02,Consumer,Affiliate
C005613,Rahul Chopra,Female,29,Jaipur,Jaipur,2022-01-09,Home Office,Social Media
C005614,Siddharth Kapoor,Non-Binary,56,Pune,Pune,2026-04-29,Consumer,Social Media
C005615,Pooja Patel,Male,59,Delhi,Delhi,2023-01-07,Consumer,Paid Search
C005616,Meera Mehta,Male,32,Gurugram,Gurugram,2022-11-08,Consumer,Affiliate
C005617,Nisha Singh,Female,29,Patna,Patna,2023-04-01,Corporate,Social Media
C005618,Neha Yadav,Male,48,Mumbai,Mumbai,2024-06-15,Small Business,Social Media
C005619,Tanya Sharma,Male,34,Noida,Noida,2023-09-14,Consumer,Organic Search
C005620,Tanya Verma,Female,47,Noida,Noida,2023-01-28,Small Business,Organic Search
C005621,Aarav Rao,Female,18,Patna,Patna,2022-04-08,Corporate,Social Media
C005622,Vivaan Chopra,Male,42,Ahmedabad,Ahmedabad,2023-02-02,Consumer,Marketplace
C005623,Siddharth Iyer,Male,52,Gurugram,Gurugram,2023-04-08,Consumer,Paid Search
C005624,Siddharth Patel,Non-Binary,34,Noida,Noida,2023-07-03,Small Business,Paid Search
C005625,Aditi Sharma,Male,45,Chennai,Chennai,2026-04-15,Consumer,Organic Search
C005626,Vivaan Chopra,Female,55,Bhubaneswar,Bhubaneswar,2024-11-24,Consumer,Email
C005627,Riya Iyer,Female,34,Mysuru,Mysuru,2023-05-14,Home Office,Organic Search
C005628,Aarav Sharma,Female,41,Nagpur,Nagpur,2023-08-20,Small Business,Organic Search
C005629,Sneha Kapoor,Male,29,Kolkata,Kolkata,2023-09-16,Consumer,Social Media
C005630,Krishna Mishra,Male,28,Lucknow,Lucknow,2022-06-01,Consumer,Email
C005631,Ishaan Patel,Female,19,Unknown,Unknown,2025-07-10,Consumer,Email
C005632,Isha Rao,Female,23,Gurugram,Gurugram,2022-08-23,Corporate,Marketplace
C005633,kabir kapoor,Male,35,Delhi,Delhi,2026-04-24,Corporate,Social Media
C005634,Tanya Kumar,Male,31,Bhopal,Bhopal,2022-09-19,Consumer,Referral
C005635,Vivaan Malhotra,Female,34,Chennai,Chennai,2023-06-08,Home Office,Organic Search
C005636,Aditya Iyer,Female,47,Guwahati,Guwahati,2026-01-02,Consumer,Organic Search
C005637,Siddharth Singh,Female,28,Hyderabad,Hyderabad,2022-09-04,Consumer,Paid Search
C005638,Aditi Nair,Non-Binary,37,Lucknow,Lucknow,2025-05-29,Consumer,Paid Search
C005639,Sneha Kapoor,Male,18,Hyderabad,Hyderabad,2026-07-07,Small Business,Referral
C005640,Aditi Shah,Male,28,Coimbatore,Coimbatore,2026-06-14,Home Office,Referral
C005641,Rohan Gupta,Female,25,Delhi,Delhi,2022-06-11,Corporate,Paid Search
C005642,Pooja Shah,Female,45,Guwahati,Guwahati,2022-10-06,Corporate,Social Media
C005643,Nikhil Das,Male,48,Ahmedabad,Ahmedabad,2026-05-24,Consumer,Paid Search
C005644,Nikhil Mehta,Female,30,Surat,Surat,2024-01-22,Consumer,Social Media
C005645,Priya Mehta,Male,18,Jaipur,Jaipur,2023-05-19,Unknown,Organic Search
C005646,Kabir Iyer,Female,36,Kolkata,Kolkata,2025-02-08,Consumer,Paid Search
C005647,Nisha Chopra,Female,45,Bhopal,Bhopal,2026-04-05,Consumer,Organic Search
C005648,Aarav Sharma,Male,29,Pune,Pune,2022-01-08,Corporate,Affiliate
C005649,Rohan Kumar,Female,18,Patna,Patna,2023-12-22,Corporate,Organic Search
C005650,Rahul Kapoor,Female,33,Indore,Indore,2024-07-17,Consumer,Email
C005651,Riya Verma,Female,26,Nagpur,Nagpur,2022-11-13,Consumer,Email
C005652,Kavya Yadav,Female,44,Ahmedabad,Ahmedabad,2026-02-11,Consumer,Social Media
C005653,Ishaan Singh,Male,32,Bhopal,Bhopal,2024-12-12,Consumer,Social Media
C005654,Kavya Malhotra,Male,39,Chandigarh,Chandigarh,2024-07-21,Home Office,Paid Search
C005655,Ananya Yadav,Female,18,Bhopal,Bhopal,2023-10-01,Consumer,Marketplace
C005656,Aditi Reddy,Male,51,Mumbai,Mumbai,2023-07-03,Consumer,Affiliate
C005657,Ananya Reddy,Female,32,Patna,Patna,2025-08-07,Corporate,Social Media
C005658,Aditi Joshi,Female,35,Visakhapatnam,Visakhapatnam,2025-01-04,Consumer,Email
C005659,Arjun Gupta,Male,39,Indore,Indore,2022-08-25,Small Business,Organic Search
C005660,Kabir Nair,Female,18,Bhubaneswar,Bhubaneswar,2026-06-10,Consumer,Organic Search
C005661,Aditi Gupta,Female,28,Mysuru,Mysuru,2025-03-09,Corporate,Organic Search
C005662,Riya Patel,Female,39,Hyderabad,Hyderabad,2023-10-06,Consumer,Referral
C005663,Meera Chopra,Male,66,Lucknow,Lucknow,2024-06-24,Consumer,Organic Search
C005664,Rohan Mehta,Female,24,Mumbai,Mumbai,2025-12-10,Home Office,Social Media
C005665,Kabir Verma,Male,34,Hyderabad,Hyderabad,2023-11-16,Small Business,Email
C005666,Nikhil Rao,Female,23,Noida,Noida,2023-03-02,Corporate,Paid Search
C005667,Vikram Bose,Male,24,Visakhapatnam,Visakhapatnam,2022-03-28,Consumer,Organic Search
C005668,Nisha Gupta,Female,39,Mumbai,Mumbai,2022-05-03,Home Office,Email
C005669,Aditi Yadav,Male,37,Guwahati,Guwahati,2025-06-18,Consumer,Organic Search
C005670,Rahul Patel,Female,36,Noida,Noida,2025-05-14,Consumer,Social Media
C005671,Kavya Mehta,Female,42,Pune,Pune,2025-11-12,Consumer,Email
C005672,Rahul Yadav,Male,59,Mysuru,Mysuru,2022-10-28,Consumer,Email
C005673,Meera Reddy,Female,42,Indore,Indore,2022-10-09,Corporate,Email
C005674,Meera Sharma,Male,39,Bengaluru,Bengaluru,2026-04-02,Consumer,Referral
C005675,Isha Mehta,Female,22,Jaipur,Jaipur,2026-02-15,Consumer,Organic Search
C005676,Neha Singh,Male,43,Chandigarh,Chandigarh,2023-11-11,Unknown,Referral
C005677,Reyansh Singh,Female,33,Guwahati,Guwahati,2023-04-20,Home Office,Organic Search
C005678,Rahul Rao,Male,18,Chandigarh,Chandigarh,2022-10-13,Consumer,Organic Search
C005679,Aditya Mishra,Male,30,Unknown,Unknown,2022-04-28,Consumer,Paid Search
C005680,Kavya Iyer,Female,18,Chandigarh,Chandigarh,2022-12-10,Consumer,Organic Search
C005681,Nisha Chopra,Female,18,Pune,Pune,2022-01-23,Home Office,Paid Search
C005682,Kabir Kumar,Male,33,Kochi,Kochi,2025-09-18,Consumer,Affiliate
C005683,Vikram Rao,Male,31,Patna,Patna,2024-11-14,Consumer,Paid Search
C005684,Kabir Gupta,Male,29,Bhopal,Bhopal,2022-03-29,Consumer,Social Media
C005685,Rahul Sharma,Female,32,Indore,Indore,2023-09-01,Small Business,Paid Search
C005686,Riya Rao,Female,42,Indore,Indore,2023-04-28,Small Business,Paid Search
C005687,Priya Malhotra,Male,40,Mysuru,Mysuru,2024-10-11,Consumer,Paid Search
C005688,Varun Joshi,Female,25,Chennai,Chennai,2024-10-09,Consumer,Email
C005689,Kabir Singh,Male,34,Surat,Surat,2022-05-23,Consumer,Email
C005690,Vikram Joshi,Male,18,Jaipur,Jaipur,2026-01-13,Consumer,Email
C005691,Nikhil Nair,Male,50,Jaipur,Jaipur,2026-06-02,Consumer,Social Media
C005692,Ananya Kumar,Male,33,Chennai,Chennai,2024-03-12,Corporate,Marketplace
C005693,Ananya Mishra,Male,18,Hyderabad,Hyderabad,2025-12-11,Small Business,Email
C005694,Nisha Yadav,Male,40,Kolkata,Kolkata,2026-06-30,Home Office,Paid Search
C005695,Aditi Mishra,Male,35,Kolkata,Kolkata,2026-01-28,Consumer,Email
C005696,Pooja Gupta,Female,49,Hyderabad,Hyderabad,2024-07-07,Consumer,Marketplace
C005697,Meera Verma,Female,63,Bhubaneswar,Bhubaneswar,2025-12-28,Consumer,Organic Search
C005698,Isha Iyer,Female,39,Surat,Surat,2026-07-02,Consumer,Affiliate
C005699,Varun Bose,Female,39,Bhubaneswar,Bhubaneswar,2025-07-02,Consumer,Organic Search
C005700,Priya Reddy,Female,53,Gurugram,Gurugram,2023-03-31,Home Office,Affiliate
C005701,Krishna Shah,Female,35,Kolkata,Kolkata,2026-03-25,Consumer,Email
C005702,Reyansh Shah,Male,49,Chennai,Chennai,2026-07-23,Consumer,Social Media
C005703,Aarav Reddy,Female,42,Coimbatore,Coimbatore,2024-01-29,Consumer,Paid Search
C005704,Vivaan Mehta,Male,33,Nagpur,Nagpur,2026-04-09,Corporate,Referral
C005705,Meera Das,Female,25,Noida,Noida,2023-04-22,Small Business,Paid Search
C005706,Riya Reddy,Male,29,Pune,Pune,2025-02-02,Consumer,Referral
C005707,Varun Verma,Male,29,Bengaluru,Bengaluru,2023-06-19,Small Business,Social Media
C005708,Reyansh Yadav,Female,38,Bengaluru,Bengaluru,2022-07-22,Corporate,Referral
C005709,Diya Patel,Female,19,Patna,Patna,2024-03-10,Corporate,Paid Search
C005710,Tanya Mehta,Male,25,Chennai,Chennai,2023-07-20,Home Office,Paid Search
C005711,Sanya Das,Female,18,Ahmedabad,Ahmedabad,2022-07-10,Consumer,Referral
C005712,Aditya Kumar,Male,39,Patna,Patna,2023-02-19,Consumer,Marketplace
C005713,Krishna Bose,Male,46,Patna,Patna,2022-03-25,Consumer,Marketplace
C005714,Ananya Malhotra,Male,38,Mysuru,Mysuru,2022-01-24,Corporate,Email
C005715,Sanya Mishra,Male,33,Chennai,Chennai,2026-05-20,Consumer,Paid Search
C005716,Reyansh Rao,Male,31,Bhopal,Bhopal,2024-04-28,Consumer,Organic Search
C005717,Ananya Mishra,Male,29,Patna,Patna,2025-12-24,Consumer,Affiliate
C005718,Riya Malhotra,Male,37,Kolkata,Kolkata,2025-11-08,Small Business,Email
C005719,Aditya Iyer,Male,26,Noida,Noida,2022-04-03,Consumer,Social Media
C005720,Ishaan Iyer,Female,45,Delhi,Delhi,2022-02-26,Consumer,Email
C005721,Neha Mishra,Female,34,Chennai,Chennai,2026-07-27,Consumer,Marketplace
C005722,Vivaan Kumar,Female,28,Chennai,Chennai,2023-11-22,Consumer,Social Media
C005723,Siddharth Mishra,Female,47,Mumbai,Mumbai,2026-01-11,Consumer,Social Media
C005724,Priya Gupta,Male,26,Guwahati,Guwahati,2025-12-13,Consumer,Referral
C005725,Karan Das,Male,44,Kolkata,Kolkata,2024-08-26,Consumer,Paid Search
C005726,Pooja Reddy,Male,42,Indore,Indore,2025-04-16,Consumer,Marketplace
C005727,Siddharth Yadav,Male,21,Delhi,Delhi,2023-02-28,Small Business,Paid Search
C005728,Tanya Sharma,Male,43,Visakhapatnam,Visakhapatnam,2025-01-06,Consumer,Organic Search
C005729,Priya Shah,Male,31,Bhubaneswar,Bhubaneswar,2026-05-18,Corporate,Organic Search
C005730,Nikhil Kumar,Female,39,Mumbai,Mumbai,2023-07-24,Small Business,Social Media
C005731,Ananya Sharma,Female,18,Kolkata,Kolkata,2025-11-26,Consumer,Marketplace
C005732,Krishna Yadav,Male,41,Guwahati,Guwahati,2022-06-21,Consumer,Referral
C005733,Vivaan Malhotra,Male,35,Delhi,Delhi,2026-04-30,Consumer,Referral
C005734,Kavya Shah,Male,37,Mysuru,Mysuru,2025-05-04,Small Business,Email
C005735,Pooja Das,Male,18,Kolkata,Kolkata,2026-01-22,Corporate,Affiliate
C005736,Reyansh Malhotra,Male,48,Mumbai,Mumbai,2023-05-31,Home Office,Organic Search
C005737,Priya Nair,Female,33,Indore,Indore,2022-02-12,Consumer,Social Media
C005738,Diya Malhotra,Male,38,Jaipur,Jaipur,2024-11-26,Home Office,Email
C005739,Vikram Kapoor,Male,48,Chennai,Chennai,2022-01-19,Consumer,Social Media
C005740,Neha Nair,Male,18,Bhubaneswar,Bhubaneswar,2025-09-12,Consumer,Referral
C005741,Kavya Mehta,Male,34,Gurugram,Gurugram,2024-11-23,Consumer,Social Media
C005742,Arjun Patel,Male,45,Noida,Noida,2024-11-24,Corporate,Affiliate
C005743,Kabir Gupta,Male,44,Hyderabad,Hyderabad,2025-04-01,Consumer,Organic Search
C005744,Isha Chopra,Male,25,Delhi,Delhi,2022-12-30,Consumer,Organic Search
C005745,Reyansh Mishra,Female,32,Bhubaneswar,Bhubaneswar,2023-01-18,Consumer,Marketplace
C005746,Priya Kumar,Male,21,Bengaluru,Bengaluru,2026-03-18,Consumer,Organic Search
C005747,Reyansh Patel,Male,40,Hyderabad,Hyderabad,2025-12-18,Consumer,Social Media
C005748,Krishna Malhotra,Female,18,Indore,Indore,2025-03-13,Consumer,Organic Search
C005749,Rohan Singh,Female,44,Delhi,Delhi,2022-08-16,Corporate,Social Media
C005750,riya mishra,Female,36,Kochi,Kochi,2024-06-11,Small Business,Social Media
C005751,Tanya Patel,Male,19,Coimbatore,Coimbatore,2022-10-19,Home Office,Referral
C005752,Kabir Patel,Female,51,Indore,Indore,2022-05-19,Consumer,Social Media
C005753,Sneha Kumar,Male,34,Nagpur,Nagpur,2022-09-11,Corporate,Paid Search
C005754,Aditya Kapoor,Male,30,Indore,Indore,2025-12-09,Consumer,Email
C005755,Aditya Mehta,Female,30,Lucknow,Lucknow,2025-04-24,Unknown,Social Media
C005756,Nikhil Rao,Male,19,Gurugram,Gurugram,2024-04-06,Consumer,Social Media
C005757,Pooja Reddy,Female,27,Visakhapatnam,Visakhapatnam,2022-02-12,Consumer,Paid Search
C005758,Meera Rao,Female,28,Pune,Pune,2024-01-07,Consumer,Organic Search
C005759,Riya Joshi,Male,30,Surat,Surat,2022-10-10,Consumer,Social Media
C005760,Isha Patel,Male,48,Patna,Patna,2025-10-11,Corporate,Email
C005761,Sanya Singh,Male,45,Indore,Indore,2023-11-26,Consumer,Referral
C005762,Tanya Patel,Female,46,Kolkata,Kolkata,2024-06-09,Home Office,Email
C005763,Diya Rao,Male,33,Nagpur,Nagpur,2024-12-25,Consumer,Referral
C005764,Tanya Malhotra,Female,31,Surat,Surat,2022-04-25,Consumer,Email
C005765,Ananya Das,Female,24,Chandigarh,Chandigarh,2024-05-28,Corporate,Email
C005766,Rahul Nair,Female,33,Chennai,Chennai,2023-12-01,Consumer,Organic Search
C005767,Arjun Kumar,Female,33,Mysuru,Mysuru,2023-02-25,Home Office,Organic Search
C005768,Ishaan Rao,Male,30,Bengaluru,Bengaluru,2023-09-25,Home Office,Paid Search
C005769,Krishna Sharma,Non-Binary,35,Bengaluru,Bengaluru,2022-12-01,Home Office,Email
C005770,Nisha Gupta,Female,25,Mumbai,Mumbai,2024-01-19,Consumer,Marketplace
C005771,Vivaan Shah,Female,27,Kolkata,Kolkata,2024-07-17,Corporate,Referral
C005772,Kabir Chopra,Male,31,Mysuru,Mysuru,2024-10-05,Home Office,Marketplace
C005773,Rahul Gupta,Male,44,Kolkata,Kolkata,2023-08-03,Consumer,Organic Search
C005774,Diya Nair,Female,34,Bhubaneswar,Bhubaneswar,2022-10-17,Consumer,Paid Search
C005775,Sneha Rao,Male,32,Noida,Noida,2022-10-31,Home Office,Paid Search
C005776,Neha Mehta,Female,48,Guwahati,Guwahati,2023-11-12,Corporate,Referral
C005777,ananya sharma,Male,32,Pune,Pune,2024-06-22,Consumer,Referral
C005778,Krishna Gupta,Male,18,Mysuru,Mysuru,2022-05-31,Home Office,Organic Search
C005779,Aarav Sharma,Male,26,Visakhapatnam,Visakhapatnam,2023-08-17,Consumer,Paid Search
C005780,Varun Nair,Female,28,Kochi,Kochi,2023-02-09,Consumer,Paid Search
C005781,Siddharth Bose,Male,45,Mumbai,Mumbai,2025-05-16,Corporate,Social Media
C005782,Varun Singh,Female,34,Hyderabad,Hyderabad,2023-01-10,Corporate,Marketplace
C005783,Sanya Rao,Female,29,Noida,Noida,2024-11-05,Consumer,Paid Search
C005784,Siddharth Rao,Male,21,Bhubaneswar,Bhubaneswar,2025-12-07,Corporate,Email
C005785,Neha Yadav,Male,18,Chandigarh,Chandigarh,2024-11-08,Home Office,Referral
C005786,Ishaan Nair,Female,37,Nagpur,Nagpur,2024-02-21,Home Office,Email
C005787,Rahul Verma,Male,18,Lucknow,Lucknow,2023-10-16,Consumer,Social Media
C005788,Karan Chopra,Unknown,35,Lucknow,Lucknow,2022-03-18,Corporate,Organic Search
C005789,Varun Sharma,Male,39,Nagpur,Nagpur,2026-01-07,Consumer,Marketplace
C005790,Sanya Chopra,Female,31,Hyderabad,Hyderabad,2026-04-12,Consumer,Email
C005791,Diya Nair,Male,42,Noida,Noida,2022-06-14,Consumer,Marketplace
C005792,Ishaan Kapoor,Male,43,Gurugram,Gurugram,2023-11-02,Consumer,Marketplace
C005793,Aditi Sharma,Female,35,Hyderabad,Hyderabad,2022-04-26,Consumer,Organic Search
C005794,Meera Singh,Female,21,Mysuru,Mysuru,2026-04-09,Consumer,Social Media
C005795,Nikhil Sharma,Male,42,Bhopal,Bhopal,2025-09-24,Home Office,Marketplace
C005796,Priya Yadav,Male,46,Kochi,Kochi,2023-01-14,Consumer,Social Media
C005797,Karan Kapoor,Female,19,Jaipur,Jaipur,2025-03-20,Consumer,Email
C005798,Sneha Sharma,Female,45,Visakhapatnam,Visakhapatnam,2024-03-24,Small Business,Paid Search
C005799,Diya Reddy,Male,49,Pune,Pune,2025-06-28,Home Office,Referral
C005800,Arjun Shah,Female,30,Ahmedabad,Ahmedabad,2025-04-14,Consumer,Email
C005801,Neha Joshi,Male,18,Chennai,Chennai,2024-01-19,Small Business,Paid Search
C005802,Reyansh Reddy,Female,28,Kolkata,Kolkata,2026-04-17,Consumer,Paid Search
C005803,Aarav Gupta,Female,41,Lucknow,Lucknow,2026-05-31,Home Office,Paid Search
C005804,Neha Chopra,Female,46,Coimbatore,Coimbatore,2023-04-23,Consumer,Marketplace
C005805,Manish Das,Female,38,Chandigarh,Chandigarh,2022-03-06,Consumer,Email
C005806,Aarav Joshi,Female,45,Guwahati,Guwahati,2024-12-13,Consumer,Referral
C005807,Diya Sharma,Female,33,Visakhapatnam,Visakhapatnam,2025-03-24,Small Business,Referral
C005808,Sanya Rao,Male,50,Bengaluru,Bengaluru,2022-07-06,Consumer,Paid Search
C005809,Aarav Reddy,Female,24,Ahmedabad,Ahmedabad,2022-03-01,Corporate,Organic Search
C005810,Aarav Patel,Non-Binary,36,Kochi,Kochi,2025-02-04,Corporate,Social Media
C005811,Priya Reddy,Female,25,Chennai,Chennai,2024-07-12,Consumer,Social Media
C005812,Arjun Mehta,Male,18,Surat,Surat,2022-07-20,Home Office,Marketplace
C005813,Riya Shah,Female,30,Indore,Indore,2026-07-17,Consumer,Affiliate
C005814,Aditya Yadav,Male,60,Gurugram,Gurugram,2025-11-08,Home Office,Organic Search
C005815,Reyansh Gupta,Male,37,Pune,Pune,2024-09-24,Consumer,Affiliate
C005816,Neha Patel,Male,44,Jaipur,Jaipur,2025-02-24,Corporate,Affiliate
C005817,Pooja Chopra,Female,30,Chandigarh,Chandigarh,2024-05-16,Consumer,Social Media
C005818,Priya Bose,Male,37,Patna,Patna,2025-01-14,Consumer,Referral
C005819,Sneha Reddy,Female,42,Bengaluru,Bengaluru,2024-09-11,Consumer,Email
C005820,Tanya Sharma,Female,25,Nagpur,Nagpur,2025-04-17,Corporate,Organic Search
C005821,Rahul Sharma,Female,47,Pune,Pune,2022-06-03,Consumer,Paid Search
C005822,Sanya Shah,Male,31,Bhopal,Bhopal,2022-02-10,Consumer,Email
C005823,Krishna Patel,Female,42,Hyderabad,Hyderabad,2022-03-09,Consumer,Affiliate
C005824,Rohan Nair,Female,23,Patna,Patna,2023-06-17,Consumer,Organic Search
C005825,Aditi Patel,Female,43,Hyderabad,Hyderabad,2026-03-11,Consumer,Organic Search
C005826,Sneha Mishra,Male,43,Coimbatore,Coimbatore,2023-02-07,Home Office,Organic Search
C005827,Tanya Reddy,Male,37,Chandigarh,Chandigarh,2023-07-01,Corporate,Social Media
C005828,Sneha Chopra,Male,26,Bhopal,Bhopal,2024-10-09,Unknown,Organic Search
C005829,Siddharth Yadav,Male,43,Bhubaneswar,Bhubaneswar,2026-02-17,Corporate,Affiliate
C005830,Varun Joshi,Male,46,Jaipur,Jaipur,2023-10-28,Corporate,Social Media
C005831,Pooja Mishra,Female,27,Chennai,Chennai,2026-06-10,Consumer,Social Media
C005832,Riya Bose,Male,30,Kolkata,Kolkata,2023-01-15,Corporate,Paid Search
C005833,Tanya Shah,Male,52,Chandigarh,Chandigarh,2026-04-03,Corporate,Paid Search
C005834,Ananya Verma,Male,18,Kochi,Kochi,2023-06-06,Corporate,Marketplace
C005835,Arjun Kapoor,Female,24,Kolkata,Kolkata,2026-07-29,Home Office,Social Media
C005836,Ananya Iyer,Female,38,Coimbatore,Coimbatore,2023-05-22,Corporate,Organic Search
C005837,Aditi Malhotra,Female,40,Visakhapatnam,Visakhapatnam,2023-11-10,Home Office,Email
C005838,Karan Bose,Male,28,Bhopal,Bhopal,2024-06-27,Consumer,Social Media
C005839,Aditya Nair,Male,43,Visakhapatnam,Visakhapatnam,2026-04-26,Home Office,Organic Search
C005840,Siddharth Reddy,Male,41,Mysuru,Mysuru,2024-04-16,Consumer,Referral
C005841,rahul joshi,Male,32,Guwahati,Guwahati,2024-08-31,Consumer,Social Media
C005842,Ishaan Bose,Male,36,Hyderabad,Hyderabad,2022-08-21,Consumer,Affiliate
C005843,Pooja Das,Male,33,Nagpur,Nagpur,2023-05-20,Consumer,Social Media
C005844,Vikram Nair,Female,34,Bhubaneswar,Bhubaneswar,2024-08-06,Consumer,Paid Search
C005845,Aditya Gupta,Male,18,Mysuru,Mysuru,2024-06-01,Consumer,Organic Search
C005846,Aditya Sharma,Female,41,Coimbatore,Coimbatore,2022-08-06,Corporate,Marketplace
C005847,Nikhil Mehta,Male,33,Gurugram,Gurugram,2023-06-19,Consumer,Paid Search
C005848,Siddharth Yadav,Female,26,Bengaluru,Bengaluru,2022-02-12,Small Business,Paid Search
C005849,Kavya Yadav,Male,38,Patna,Patna,,Consumer,Organic Search
C005850,Isha Patel,Male,46,Pune,Pune,2023-01-13,Consumer,Organic Search
C005851,Nikhil Mishra,Male,42,Visakhapatnam,Visakhapatnam,2022-12-07,Consumer,Marketplace
C005852,Arjun Mehta,Female,41,Kochi,Kochi,2022-08-09,Small Business,Social Media
C005853,Diya Bose,Male,18,Kochi,Kochi,2022-01-31,Consumer,Organic Search
C005854,Nisha Rao,Male,30,Kolkata,Kolkata,2022-05-26,Consumer,Referral
C005855,Siddharth Malhotra,Female,18,Coimbatore,Coimbatore,2022-12-14,Consumer,Organic Search
C005856,Neha Iyer,Female,45,Delhi,Delhi,2025-11-29,Home Office,Paid Search
C005857,Siddharth Reddy,Male,42,Mumbai,Mumbai,2025-05-26,Home Office,Organic Search
C005858,Nisha Yadav,Male,27,Jaipur,Jaipur,2023-05-29,Consumer,Organic Search
C005859,Krishna Shah,Female,41,Hyderabad,Hyderabad,2024-01-26,Consumer,Organic Search
C005860,Sneha Joshi,Female,26,Bhubaneswar,Bhubaneswar,2026-02-04,Corporate,Organic Search
C005861,Nikhil Rao,Female,18,Bhopal,Bhopal,2024-03-17,Consumer,Paid Search
C005862,Unknown,Female,50,Kolkata,Kolkata,2022-08-12,Consumer,Social Media
C005863,Riya Gupta,Male,30,Chandigarh,Chandigarh,2022-09-22,Consumer,Email
C005864,Vikram Singh,Female,18,Coimbatore,Coimbatore,2023-08-24,Consumer,Paid Search
C005865,Riya Rao,Female,35,Nagpur,Nagpur,2023-01-26,Corporate,Referral
C005866,Varun Joshi,Male,18,Surat,Surat,2025-11-08,Consumer,Organic Search
C005867,Pooja Shah,Male,19,Gurugram,Gurugram,2022-08-31,Consumer,Marketplace
C005868,Krishna Mehta,Male,39,Kolkata,Kolkata,2025-04-17,Corporate,Paid Search
C005869,Ananya Rao,Female,35,Pune,Pune,2024-08-27,Consumer,Social Media
C005870,Neha Malhotra,Female,33,Gurugram,Gurugram,2026-01-06,Consumer,Organic Search
C005871,Manish Chopra,Male,48,Bengaluru,Bengaluru,2022-05-22,Consumer,Marketplace
C005872,Meera Rao,Female,35,Nagpur,Nagpur,2023-12-19,Consumer,Affiliate
C005873,Nikhil Yadav,Female,18,Coimbatore,Coimbatore,2023-09-10,Consumer,Email
C005874,Aarav Iyer,Male,35,Chennai,Chennai,2026-01-30,Small Business,Email
C005875,Karan Shah,Female,33,Chennai,Chennai,2022-07-15,Small Business,Email
C005876,Vivaan Reddy,Female,30,Kochi,Kochi,2024-06-02,Small Business,Paid Search
C005877,Siddharth Iyer,Female,35,Indore,Indore,2023-06-11,Small Business,Organic Search
C005878,Arjun Das,Male,24,Guwahati,Guwahati,2025-12-25,Home Office,Marketplace
C005879,Isha Gupta,Female,39,Bengaluru,Bengaluru,,Consumer,Organic Search
C005880,Vivaan Gupta,Female,40,Surat,Surat,2023-06-23,Consumer,Social Media
C005881,Karan Singh,Male,30,Kochi,Kochi,2022-07-17,Small Business,Organic Search
C005882,Tanya Sharma,Female,34,Nagpur,Nagpur,2025-12-01,Corporate,Organic Search
C005883,Neha Iyer,Female,41,Ahmedabad,Ahmedabad,2025-09-29,Consumer,Social Media
C005884,Nisha Kumar,Male,50,Surat,Surat,2023-05-18,Home Office,Social Media
C005885,Isha Malhotra,Male,30,Lucknow,Lucknow,2024-06-04,Consumer,Social Media
C005886,Kavya Sharma,Female,50,Gurugram,Gurugram,2022-08-13,Corporate,Social Media
C005887,Neha Mishra,Male,24,Coimbatore,Coimbatore,2023-04-20,Consumer,Unknown
C005888,Tanya Singh,Non-Binary,39,Noida,Noida,2024-09-03,Consumer,Referral
C005889,Aditya Chopra,Male,24,Jaipur,Jaipur,2025-08-02,Consumer,Marketplace
C005890,Ananya Shah,Female,40,Bhopal,Bhopal,2025-08-09,Consumer,Organic Search
C005891,Isha Nair,Male,43,Chennai,Chennai,2024-11-02,Small Business,Organic Search
C005892,Kabir Bose,Male,39,Noida,Noida,2026-02-19,Corporate,Social Media
C005893,Sneha Kapoor,Male,30,Hyderabad,Hyderabad,2024-07-10,Consumer,Marketplace
C005894,Neha Gupta,Male,42,Mysuru,Mysuru,2026-01-21,Small Business,Marketplace
C005895,Vikram Bose,Male,33,Indore,Indore,,Consumer,Paid Search
C005896,Riya Kapoor,Female,31,Noida,Noida,2026-06-22,Consumer,Organic Search
C005897,Siddharth Mehta,Female,47,Ahmedabad,Ahmedabad,2025-10-08,Home Office,Organic Search
C005898,Vivaan Chopra,Male,40,Lucknow,Lucknow,2022-03-31,Home Office,Social Media
C005899,Vikram Mishra,Male,48,Jaipur,Jaipur,2026-01-31,Consumer,Referral
C005900,Riya Verma,Female,44,Pune,Pune,2025-04-20,Home Office,Organic Search
C005901,Kabir Verma,Female,45,Mumbai,Mumbai,2022-05-03,Consumer,Paid Search
C005902,Tanya Nair,Female,33,Chandigarh,Chandigarh,2025-03-05,Home Office,Organic Search
C005903,Ananya Yadav,Female,53,Kochi,Kochi,2025-10-16,Home Office,Affiliate
C005904,Krishna Singh,Male,53,Gurugram,Gurugram,2023-05-04,Corporate,Paid Search
C005905,Manish Mehta,Female,41,Surat,Surat,2022-06-23,Consumer,Email
C005906,Sanya Kumar,Male,51,Mumbai,Mumbai,2023-03-10,Corporate,Organic Search
C005907,Sneha Yadav,Male,25,Delhi,Delhi,2025-01-10,Home Office,Paid Search
C005908,Manish Kapoor,Male,35,Kochi,Kochi,2023-08-21,Consumer,Marketplace
C005909,Neha Nair,Female,72,Nagpur,Nagpur,2023-06-13,Consumer,Social Media
C005910,Rohan Gupta,Female,47,Nagpur,Nagpur,2022-02-28,Consumer,Organic Search
C005911,Arjun Sharma,Male,18,Bengaluru,Bengaluru,2023-11-24,Consumer,Social Media
C005912,Rohan Patel,Male,39,Indore,Indore,2023-08-01,Consumer,Paid Search
C005913,Nikhil Malhotra,Male,31,Patna,Patna,2023-05-31,Consumer,Social Media
C005914,Neha Kumar,Female,26,Pune,Pune,2025-09-15,Corporate,Paid Search
C005915,Ishaan Das,Male,47,Jaipur,Jaipur,2026-05-27,Consumer,Referral
C005916,Pooja Joshi,Female,44,Bhopal,Bhopal,2022-10-05,Consumer,Organic Search
C005917,Kavya Kumar,Male,32,Pune,Pune,2023-03-27,Consumer,Organic Search
C005918,Sanya Chopra,Male,24,Mysuru,Mysuru,2026-02-27,Consumer,Referral
C005919,Aarav Sharma,Female,43,Guwahati,Guwahati,2024-03-11,Consumer,Affiliate
C005920,Neha Verma,Male,42,Bhubaneswar,Bhubaneswar,2024-09-04,Home Office,Paid Search
C005921,Vikram Bose,Male,68,Chennai,Chennai,2025-03-23,Consumer,Social Media
C005922,Karan Singh,Female,48,Patna,Patna,2024-03-25,Consumer,Referral
C005923,Siddharth Kapoor,Female,36,Chennai,Chennai,2022-01-01,Consumer,Organic Search
C005924,Ishaan Das,Unknown,20,Mumbai,Mumbai,2024-12-12,Consumer,Social Media
C005925,Kavya Singh,Male,40,Bhopal,Bhopal,2026-04-14,Consumer,Social Media
C005926,Aarav Patel,Female,34,Bengaluru,Bengaluru,2025-05-25,Consumer,Organic Search
C005927,Sanya Joshi,Female,38,Coimbatore,Coimbatore,2024-05-29,Corporate,Email
C005928,Siddharth Sharma,Male,28,Gurugram,Gurugram,2024-05-31,Home Office,Organic Search
C005929,Sneha Kumar,Female,44,Visakhapatnam,Visakhapatnam,2024-02-08,Consumer,Organic Search
C005930,Aarav Gupta,Male,51,Pune,Pune,2024-12-06,Corporate,Social Media
C005931,Sanya Kapoor,Male,56,Ahmedabad,Ahmedabad,2026-05-19,Consumer,Unknown
C005932,Pooja Yadav,Male,38,Visakhapatnam,Visakhapatnam,2023-05-11,Consumer,Affiliate
C005933,Pooja Das,Female,34,Hyderabad,Hyderabad,2024-08-31,Consumer,Paid Search
C005934,Ishaan Singh,Female,41,Chandigarh,Chandigarh,2026-06-30,Consumer,Email
C005935,Kabir Joshi,Non-Binary,39,Guwahati,Guwahati,2022-08-28,Consumer,Paid Search
C005936,Sanya Nair,Female,22,Bhubaneswar,Bhubaneswar,2023-05-02,Consumer,Organic Search
C005937,Kabir Shah,Male,40,Bhubaneswar,Bhubaneswar,2023-03-06,Consumer,Paid Search
C005938,Nisha Das,Female,18,Chandigarh,Chandigarh,2024-07-06,Consumer,Social Media
C005939,Ananya Mishra,Female,22,Kochi,Kochi,2023-09-01,Home Office,Organic Search
C005940,Aditi Nair,Male,33,Noida,Noida,2025-01-19,Consumer,Referral
C005941,Kavya Malhotra,Male,24,Kochi,Kochi,2023-05-07,Consumer,Email
C005942,Sanya Nair,Female,32,Pune,Pune,2025-05-08,Corporate,Organic Search
C005943,Diya Das,Female,34,Hyderabad,Hyderabad,2024-08-03,Corporate,Referral
C005944,Isha Sharma,Female,37,Bengaluru,Bengaluru,2026-01-28,Consumer,Social Media
C005945,Meera Chopra,Male,31,Jaipur,Jaipur,2024-01-21,Consumer,Referral
C005946,Diya Sharma,Female,22,Mumbai,Mumbai,2025-05-11,Consumer,Organic Search
C005947,Siddharth Shah,Female,32,Lucknow,Lucknow,2023-12-18,Consumer,Social Media
C005948,Arjun Bose,Female,25,Bhubaneswar,Bhubaneswar,2026-06-23,Consumer,Marketplace
C005949,Meera Malhotra,Female,34,Mumbai,Mumbai,2026-03-17,Consumer,Referral
C005950,Aarav Bose,Male,18,Pune,Pune,2024-10-20,Home Office,Email
C005951,Aarav Nair,Female,37,Indore,Indore,2024-01-16,Consumer,Marketplace
C005952,Sanya Bose,Female,50,Delhi,Delhi,2025-01-23,Home Office,Unknown
C005953,Siddharth Verma,Male,25,Patna,Patna,2023-03-25,Consumer,Email
C005954,Diya Verma,Female,20,Lucknow,Lucknow,2023-01-19,Small Business,Email
C005955,Manish Mishra,Female,41,Bengaluru,Bengaluru,2025-12-07,Home Office,Organic Search
C005956,Priya Shah,Female,34,Bengaluru,Bengaluru,2023-03-28,Consumer,Paid Search
C005957,Diya Nair,Female,25,Noida,Noida,2025-02-10,Consumer,Referral
C005958,Diya Das,Female,35,Coimbatore,Coimbatore,2022-02-19,Corporate,Affiliate
C005959,Krishna Nair,Male,32,Visakhapatnam,Visakhapatnam,2024-07-16,Consumer,Referral
C005960,Sanya Kumar,Male,20,Kochi,Kochi,2025-12-23,Consumer,Organic Search
C005961,Vikram Singh,Female,18,Mumbai,Mumbai,2025-06-23,Small Business,Referral
C005962,Karan Joshi,Male,27,Gurugram,Gurugram,2025-12-14,Consumer,Referral
C005963,Priya Reddy,Male,20,Bhopal,Bhopal,2024-06-21,Consumer,Paid Search
C005964,Aditi Verma,Female,42,Chennai,Chennai,2024-04-10,Consumer,Paid Search
C005965,Kavya Kapoor,Male,31,Mumbai,Mumbai,2024-12-04,Consumer,Organic Search
C005966,Rohan Malhotra,Male,18,Gurugram,Gurugram,2023-10-03,Small Business,Social Media
C005967,Nisha Singh,Female,45,Delhi,Delhi,2026-02-28,Corporate,Organic Search
C005968,Manish Sharma,Non-Binary,26,Mumbai,Mumbai,2023-08-18,Small Business,Email
C005969,Priya Kumar,Female,21,Indore,Indore,2022-08-28,Consumer,Organic Search
C005970,Diya Reddy,Female,22,Kochi,Kochi,2022-03-01,Consumer,Marketplace
C005971,Ananya Das,Female,18,Noida,Noida,2024-08-24,Consumer,Social Media
C005972,Aditya Mishra,Male,25,Bhubaneswar,Bhubaneswar,2025-03-06,Home Office,Organic Search
C005973,Ishaan Malhotra,Female,28,Surat,Surat,2022-07-01,Consumer,Organic Search
C005974,Ishaan Patel,Female,57,Visakhapatnam,Visakhapatnam,2022-04-13,Home Office,Marketplace
C005975,Siddharth Sharma,Female,37,Delhi,Delhi,2023-01-31,Consumer,Social Media
C005976,Neha Bose,Female,50,Gurugram,Gurugram,2024-01-24,Consumer,Organic Search
C005977,Isha Mehta,Male,21,Hyderabad,Hyderabad,2022-02-13,Consumer,Paid Search
C005978,Priya Yadav,Male,40,Noida,Noida,2026-05-14,Small Business,Paid Search
C005979,Sneha Gupta,Male,49,Mumbai,Mumbai,2023-09-23,Consumer,Email
C005980,Vikram Verma,Male,40,Kochi,Kochi,2024-05-14,Consumer,Social Media
C005981,Priya Sharma,Male,38,Surat,Surat,2025-03-10,Corporate,Paid Search
C005982,Vikram Gupta,Male,42,Gurugram,Gurugram,2025-04-06,Home Office,Paid Search
C005983,Riya Rao,Female,25,Lucknow,Lucknow,2022-08-03,Home Office,Email
C005984,Nikhil Mehta,Female,36,Patna,Patna,2024-12-07,Consumer,Marketplace
C005985,Pooja Joshi,Male,27,Lucknow,Lucknow,2025-06-07,Consumer,Organic Search
C005986,Aarav Kapoor,Male,37,Hyderabad,Hyderabad,2023-09-15,Home Office,Social Media
C005987,Tanya Bose,Male,30,Ahmedabad,Ahmedabad,2024-06-07,Consumer,Marketplace
C005988,Reyansh Iyer,Female,36,Lucknow,Lucknow,2025-03-16,Consumer,Organic Search
C005989,Arjun Gupta,Female,30,Kolkata,Kolkata,2026-07-10,Corporate,Paid Search
C005990,Krishna Kapoor,Female,22,Kochi,Kochi,2023-05-29,Corporate,Social Media
C005991,Karan Yadav,Male,52,Noida,Noida,2026-02-10,Consumer,Social Media
C005992,Meera Gupta,Male,31,Nagpur,Nagpur,2022-03-19,Home Office,Marketplace
C005993,Nikhil Reddy,Male,42,Guwahati,Guwahati,2024-03-23,Consumer,Organic Search
C005994,Diya Iyer,Male,34,Ahmedabad,Ahmedabad,2024-01-31,Consumer,Referral
C005995,Priya Reddy,Male,38,Delhi,Delhi,2023-04-08,Home Office,Marketplace
C005996,Rohan Nair,Male,48,Visakhapatnam,Visakhapatnam,2026-05-19,Consumer,Affiliate
C005997,Aditya Reddy,Female,44,Nagpur,Nagpur,2026-06-04,Corporate,Organic Search
C005998,Siddharth Mishra,Female,45,Bengaluru,Bengaluru,2026-03-22,Consumer,Social Media
C005999,Arjun Mishra,Female,38,Lucknow,Lucknow,2022-07-03,Consumer,Marketplace
C006000,Riya Iyer,Male,33,Bhubaneswar,Bhubaneswar,2024-10-22,Consumer,Marketplace
C006001,Isha Nair,Female,28,Pune,Pune,2024-12-13,Consumer,Paid Search
C006002,Nikhil Joshi,Female,39,Indore,Indore,2022-10-23,Consumer,Email
C006003,Diya Das,Female,26,Kolkata,Kolkata,2026-03-09,Consumer,Paid Search
C006004,Siddharth Reddy,Male,24,Visakhapatnam,Visakhapatnam,2025-03-15,Home Office,Referral
C006005,Isha Kumar,Male,31,Chandigarh,Chandigarh,2022-01-03,Consumer,Affiliate
C006006,Diya Mishra,Male,46,Coimbatore,Coimbatore,2025-04-12,Consumer,Email
C006007,Krishna Mehta,Female,27,Chennai,Chennai,2024-11-26,Consumer,Affiliate
C006008,Aditi Joshi,Female,39,Bhopal,Bhopal,2023-07-05,Consumer,Organic Search
C006009,Manish Mishra,Male,51,Kochi,Kochi,2025-02-01,Small Business,Affiliate
C006010,Neha Nair,Female,18,Pune,Pune,2025-06-27,Home Office,Paid Search
C006011,Siddharth Joshi,Male,51,Bhopal,Bhopal,2024-10-13,Consumer,Email
C006012,Ananya Mishra,Male,22,Chennai,Chennai,2025-04-14,Consumer,Organic Search
C006013,Diya Yadav,Female,37,Chandigarh,Chandigarh,2025-09-01,Consumer,Social Media
C006014,Ishaan Patel,Male,22,Chandigarh,Chandigarh,2025-07-13,Small Business,Paid Search
C006015,Kabir Yadav,Male,18,Mysuru,Mysuru,2024-07-22,Consumer,Referral
C006016,Siddharth Chopra,Male,32,Guwahati,Guwahati,2024-07-22,Corporate,Unknown
C006017,Aarav Bose,Male,35,Jaipur,Jaipur,2022-09-05,Home Office,Email
C006018,Vikram Sharma,Female,30,Guwahati,Guwahati,2024-09-29,Corporate,Referral
C006019,Reyansh Chopra,Female,31,Kolkata,Kolkata,2024-05-02,Consumer,Organic Search
C006020,Nisha Kumar,Female,36,Gurugram,Gurugram,2023-03-31,Consumer,Organic Search
C006021,Rahul Iyer,Female,38,Surat,Surat,2022-01-30,Consumer,Paid Search
C006022,Varun Bose,Male,35,Indore,Indore,2022-12-13,Corporate,Organic Search
C006023,Karan Mehta,Female,46,Ahmedabad,Ahmedabad,2025-12-06,Consumer,Organic Search
C006024,Karan Singh,Female,18,Hyderabad,Hyderabad,2025-09-05,Home Office,Email
C006025,Pooja Chopra,Male,49,Indore,Indore,2022-11-06,Consumer,Referral
C006026,Ishaan Reddy,Female,35,Guwahati,Guwahati,2022-04-30,Consumer,Organic Search
C006027,Meera Iyer,Male,25,Kolkata,Kolkata,2023-01-06,Consumer,Referral
C006028,Nikhil Rao,Female,25,Ahmedabad,Ahmedabad,2022-12-24,Small Business,Referral
C006029,Aditya Das,Male,30,Patna,Patna,2022-08-26,Consumer,Affiliate
C006030,Aarav Reddy,Male,51,Chennai,Chennai,2026-03-29,Consumer,Social Media
C006031,Manish Kapoor,Female,34,Patna,Patna,2024-09-12,Home Office,Email
C006032,Kabir Patel,Non-Binary,18,Kochi,Kochi,2025-02-11,Consumer,Organic Search
C006033,Karan Kapoor,Male,31,Bengaluru,Bengaluru,2024-08-19,Consumer,Social Media
C006034,Rohan Rao,Male,29,Gurugram,Gurugram,2024-06-16,Consumer,Organic Search
C006035,Siddharth Shah,Male,51,Bengaluru,Bengaluru,2026-01-02,Home Office,Organic Search
C006036,Aditi Singh,Female,28,Kochi,Kochi,2022-03-23,Small Business,Social Media
C006037,Neha Iyer,Female,27,Chennai,Chennai,2026-06-08,Consumer,Referral
C006038,Kavya Singh,Male,31,Pune,Pune,2025-05-10,Small Business,Organic Search
C006039,Sneha Sharma,Female,29,Mysuru,Mysuru,2025-08-24,Consumer,Paid Search
C006040,Vivaan Gupta,Male,18,Lucknow,Lucknow,2022-11-27,Corporate,Email
C006041,Rohan Kumar,Female,53,Gurugram,Gurugram,2022-12-12,Corporate,Social Media
C006042,Aditya Shah,Male,45,Bhopal,Bhopal,2022-02-24,Consumer,Paid Search
C006043,Manish Malhotra,Female,51,Pune,Pune,2023-09-08,Consumer,Organic Search
C006044,Vikram Chopra,Male,32,Mumbai,Mumbai,2024-10-23,Consumer,Social Media
C006045,Aditya Mishra,Female,51,Bengaluru,Bengaluru,2023-07-08,Consumer,Social Media
C006046,Diya Patel,Male,36,Lucknow,Lucknow,2025-08-30,Consumer,Referral
C006047,Reyansh Rao,Female,23,Chennai,Chennai,2022-02-03,Consumer,Social Media
C006048,Kabir Iyer,Female,20,Bhubaneswar,Bhubaneswar,2026-02-25,Consumer,Organic Search
C006049,Priya Kumar,Male,44,Indore,Indore,2022-09-12,Corporate,Referral
C006050,Nikhil Patel,Male,32,Indore,Indore,2025-10-16,Consumer,Email
C006051,Neha Sharma,Female,55,Chennai,Chennai,2026-07-13,Corporate,Marketplace
C006052,Meera Mehta,Male,26,Mysuru,Mysuru,2025-12-08,Home Office,Organic Search
C006053,Riya Rao,Male,33,Nagpur,Nagpur,2026-01-20,Consumer,Paid Search
C006054,Kavya Nair,Male,33,Surat,Surat,2022-03-05,Consumer,Affiliate
C006055,Varun Reddy,Female,39,Kolkata,Kolkata,2024-01-14,Corporate,Email
C006056,Reyansh Joshi,Male,27,Pune,Pune,2025-04-20,Corporate,Organic Search
C006057,Priya Iyer,Female,34,Kolkata,Kolkata,2026-03-10,Corporate,Referral
C006058,Varun Singh,Male,23,Chandigarh,Chandigarh,2023-01-31,Home Office,Social Media
C006059,Sanya Mehta,Female,35,Bhopal,Bhopal,2024-10-14,Consumer,Unknown
C006060,Manish Das,Male,18,Noida,Noida,2026-05-10,Home Office,Organic Search
C006061,Aarav Kumar,Female,23,Ahmedabad,Ahmedabad,,Consumer,Referral
C006062,Krishna Joshi,Female,51,Kolkata,Kolkata,2025-07-21,Consumer,Referral
C006063,Aditya Patel,Male,44,Coimbatore,Coimbatore,2025-07-12,Consumer,Referral
C006064,Neha Mishra,Non-Binary,30,Chennai,Chennai,2024-10-10,Small Business,Social Media
C006065,Riya Mishra,Female,36,Bhubaneswar,Bhubaneswar,2023-01-06,Consumer,Paid Search
C006066,Priya Chopra,Male,18,Bhopal,Bhopal,2024-06-11,Home Office,Affiliate
C006067,Riya Gupta,Female,40,Gurugram,Gurugram,2024-06-22,Consumer,Organic Search
C006068,Neha Bose,Male,63,Mumbai,Mumbai,2025-02-13,Consumer,Marketplace
C006069,Tanya Verma,Male,54,Jaipur,Jaipur,2022-07-24,Home Office,Organic Search
C006070,Vikram Reddy,Female,43,Coimbatore,Coimbatore,2022-06-12,Consumer,Marketplace
C006071,Sanya Kapoor,Female,31,Lucknow,Lucknow,2023-05-22,Consumer,Paid Search
C006072,Meera Nair,Male,22,Guwahati,Guwahati,2025-05-14,Corporate,Organic Search
C006073,Priya Singh,Female,47,Patna,Patna,2024-08-29,Consumer,Social Media
C006074,Kavya Joshi,Male,41,Bhopal,Bhopal,2026-06-18,Consumer,Marketplace
C006075,Ananya Mehta,Female,26,Indore,Indore,2025-10-21,Home Office,Social Media
C006076,Kavya Bose,Male,32,Patna,Patna,2023-07-05,Consumer,Paid Search
C006077,Vikram Reddy,Male,36,Gurugram,Gurugram,2026-06-16,Home Office,Affiliate
C006078,Pooja Yadav,Female,33,Pune,Pune,2022-11-16,Corporate,Affiliate
C006079,Kabir Yadav,Male,37,Kochi,Kochi,2024-05-02,Consumer,Marketplace
C006080,Nikhil Joshi,Male,28,Ahmedabad,Ahmedabad,2023-04-09,Consumer,Affiliate
C006081,Riya Shah,Male,37,Bengaluru,Bengaluru,2023-06-23,Consumer,Organic Search
C006082,Meera Mishra,Female,20,Chennai,Chennai,2025-04-30,Home Office,Organic Search
C006083,Arjun Kapoor,Female,40,Mumbai,Mumbai,2022-04-29,Consumer,Organic Search
C006084,Aditya Sharma,Female,45,Pune,Pune,2023-05-25,Consumer,Organic Search
C006085,Arjun Bose,Male,38,Gurugram,Gurugram,2024-05-31,Consumer,Referral
C006086,Sanya Joshi,Female,41,Guwahati,Guwahati,2026-07-14,Consumer,Marketplace
C006087,Riya Kumar,Male,32,Patna,Patna,2025-08-18,Consumer,Paid Search
C006088,Ananya Mishra,Male,29,Chennai,Chennai,2026-03-26,Consumer,Email
C006089,Nisha Das,Male,53,Nagpur,Nagpur,2025-05-20,Consumer,Organic Search
C006090,Sneha Iyer,Female,23,Kolkata,Kolkata,2024-10-05,Consumer,Organic Search
C006091,Meera Kumar,Female,20,Mysuru,Mysuru,2024-03-31,Consumer,Organic Search
C006092,Varun Kapoor,Male,40,Ahmedabad,Ahmedabad,2025-02-02,Consumer,Email
C006093,Vikram Verma,Female,33,Guwahati,Guwahati,2024-03-16,Consumer,Paid Search
C006094,Kabir Chopra,Female,40,Kolkata,Kolkata,2024-05-03,Consumer,Organic Search
C006095,Varun Patel,Female,37,Patna,Patna,2025-10-26,Consumer,Marketplace
C006096,Siddharth Malhotra,Male,37,Hyderabad,Hyderabad,2022-03-06,Consumer,Paid Search
C006097,Nikhil Das,Male,36,Kolkata,Kolkata,2025-07-15,Consumer,Organic Search
C006098,Meera Kumar,Female,58,Delhi,Delhi,2022-03-29,Home Office,Paid Search
C006099,Varun Patel,Non-Binary,34,Kochi,Kochi,2023-12-13,Home Office,Email
C006100,Rahul Chopra,Female,37,Nagpur,Nagpur,2024-10-07,Consumer,Paid Search
C006101,Sanya Mehta,Female,24,Guwahati,Guwahati,2025-03-06,Home Office,Social Media
C006102,Riya Reddy,Female,49,Chennai,Chennai,2024-09-16,Consumer,Affiliate
C006103,Priya Singh,Male,31,Patna,Patna,2025-07-28,Corporate,Referral
C006104,Vivaan Patel,Female,23,Nagpur,Nagpur,2023-04-05,Consumer,Referral
C006105,Tanya Reddy,Male,21,Mumbai,Mumbai,2023-12-13,Corporate,Paid Search
C006106,Ishaan Chopra,Female,18,Bengaluru,Bengaluru,2025-10-29,Consumer,Referral
C006107,Rohan Verma,Male,35,Visakhapatnam,Visakhapatnam,2022-07-13,Consumer,Social Media
C006108,Isha Yadav,Female,32,Kochi,Kochi,2025-07-01,Consumer,Email
C006109,Karan Singh,Male,37,Nagpur,Nagpur,2023-11-18,Home Office,Paid Search
C006110,Nikhil Verma,Male,29,Hyderabad,Hyderabad,2024-09-24,Corporate,Paid Search
C006111,Rahul Mishra,Male,25,Mysuru,Mysuru,2023-07-25,Corporate,Paid Search
C006112,Neha Patel,Male,45,Delhi,Delhi,2024-04-15,Consumer,Organic Search
C006113,Vikram Shah,Male,19,Guwahati,Guwahati,2024-05-06,Consumer,Organic Search
C006114,Nikhil Rao,Male,25,Indore,Indore,2023-02-09,Consumer,Email
C006115,Krishna Singh,Male,18,Patna,Patna,2024-02-29,Consumer,Referral
C006116,Riya Mehta,Female,46,Mysuru,Mysuru,2024-12-13,Small Business,Organic Search
C006117,Isha Kumar,Female,22,Jaipur,Jaipur,2025-03-10,Consumer,Organic Search
C006118,Varun Mehta,Male,45,Guwahati,Guwahati,2024-06-27,Consumer,Marketplace
C006119,Kabir Verma,Male,18,Chandigarh,Chandigarh,2022-08-30,Consumer,Marketplace
C006120,Nisha Yadav,Male,25,Patna,Patna,2025-04-27,Corporate,Referral
C006121,Tanya Kapoor,Female,18,Jaipur,Jaipur,2024-08-08,Consumer,Referral
C006122,Meera Gupta,Female,42,Delhi,Delhi,2024-10-14,Home Office,Organic Search
C006123,Arjun Sharma,Female,44,Chennai,Chennai,2025-02-21,Consumer,Referral
C006124,Aditi Kumar,Male,52,Coimbatore,Coimbatore,2023-02-23,Consumer,Organic Search
C006125,Sneha Kapoor,Female,41,Chennai,Chennai,2022-01-23,Consumer,Referral
C006126,Sneha Kapoor,Female,29,Gurugram,Gurugram,2024-03-07,Consumer,Email
C006127,Krishna Kapoor,Female,42,Coimbatore,Coimbatore,2022-08-20,Consumer,Referral
C006128,Manish Patel,Female,47,Lucknow,Lucknow,2025-03-14,Consumer,Referral
C006129,Kavya Kapoor,Female,28,Chennai,Chennai,2023-09-16,Consumer,Paid Search
C006130,Pooja Joshi,Male,26,Surat,Surat,2024-12-19,Consumer,Social Media
C006131,Diya Nair,Male,33,Guwahati,Guwahati,2024-04-20,Consumer,Organic Search
C006132,Kavya Bose,Female,45,Indore,Indore,2023-03-16,Corporate,Marketplace
C006133,Vikram Kumar,Female,27,Ahmedabad,Ahmedabad,2022-08-16,Consumer,Marketplace
C006134,Isha Verma,Female,41,Noida,Noida,2023-11-06,Consumer,Email
C006135,Siddharth Nair,Male,51,Hyderabad,Hyderabad,2022-04-26,Consumer,Affiliate
C006136,Krishna Rao,Female,41,Patna,Patna,2022-11-17,Consumer,Organic Search
C006137,Kavya Verma,Male,25,Bengaluru,Bengaluru,2025-11-18,Consumer,Organic Search
C006138,Aarav Joshi,Male,33,Pune,Pune,2024-08-03,Corporate,Organic Search
C006139,Aditya Gupta,Male,38,Pune,Pune,2024-05-18,Consumer,Affiliate
C006140,Manish Sharma,Female,45,Visakhapatnam,Visakhapatnam,2025-06-09,Consumer,Organic Search
C006141,Nikhil Nair,Male,29,Bhubaneswar,Bhubaneswar,2026-02-04,Consumer,Email
C006142,Rohan Yadav,Male,37,Coimbatore,Coimbatore,2024-11-14,Consumer,Social Media
C006143,Reyansh Das,Male,49,Guwahati,Guwahati,,Home Office,Affiliate
C006144,Pooja Gupta,Male,19,Bhopal,Bhopal,2022-02-20,Consumer,Marketplace
C006145,Aditya Gupta,Male,34,Bengaluru,Bengaluru,2025-02-08,Corporate,Social Media
C006146,Karan Gupta,Female,35,Kolkata,Kolkata,2024-02-13,Corporate,Marketplace
C006147,Sanya Verma,Male,40,Gurugram,Gurugram,2026-01-27,Consumer,Paid Search
C006148,Karan Bose,Female,37,Chandigarh,Chandigarh,2023-05-18,Small Business,Paid Search
C006149,Aditya Patel,Female,18,Indore,Indore,2022-04-21,Consumer,Marketplace
C006150,Krishna Singh,Male,52,Lucknow,Lucknow,2025-06-20,Corporate,Referral
C006151,Priya Patel,Female,39,Pune,Pune,2023-12-07,Corporate,Paid Search
C006152,Ishaan Verma,Male,34,Mumbai,Mumbai,2023-06-19,Consumer,Social Media
C006153,Meera Mishra,Male,37,Guwahati,Guwahati,2025-04-23,Consumer,Affiliate
C006154,Aditi Joshi,Male,54,Kochi,Kochi,2025-09-12,Consumer,Organic Search
C006155,Kabir Kapoor,Male,48,Visakhapatnam,Visakhapatnam,2023-12-12,Consumer,Organic Search
C006156,Sneha Patel,Male,31,Kolkata,Kolkata,2026-06-09,Home Office,Social Media
C006157,Reyansh Malhotra,Male,39,Lucknow,Lucknow,2023-07-02,Consumer,Marketplace
C006158,Diya Malhotra,Male,37,Kochi,Kochi,2022-01-29,Consumer,Referral
C006159,Krishna Mehta,Male,19,Kolkata,Kolkata,2025-12-13,Consumer,Affiliate
C006160,Meera Joshi,Male,43,Mumbai,Mumbai,2023-09-04,Small Business,Marketplace
C006161,Ishaan Yadav,Female,32,Ahmedabad,Ahmedabad,2025-04-15,Home Office,Paid Search
C006162,Siddharth Yadav,Female,46,Patna,Patna,2026-04-12,Home Office,Social Media
C006163,Nisha Shah,Male,21,Bhubaneswar,Bhubaneswar,2023-01-27,Consumer,Organic Search
C006164,Arjun Joshi,Female,30,Ahmedabad,Ahmedabad,2023-12-30,Consumer,Marketplace
C006165,Aarav Reddy,Male,43,Chennai,Chennai,2023-08-22,Consumer,Organic Search
C006166,Nikhil Mehta,Male,41,Bengaluru,Bengaluru,2024-12-08,Corporate,Organic Search
C006167,Vikram Malhotra,Male,34,Chennai,Chennai,2024-11-07,Small Business,Organic Search
C006168,Arjun Nair,Female,38,Bhopal,Bhopal,2024-10-06,Consumer,Organic Search
C006169,Isha Mishra,Female,38,Ahmedabad,Ahmedabad,2022-08-21,Consumer,Organic Search
C006170,Isha Iyer,Female,52,Kolkata,Kolkata,2025-12-25,Home Office,Marketplace
C006171,Sneha Das,Male,54,Visakhapatnam,Visakhapatnam,2023-03-30,Corporate,Social Media
C006172,Vivaan Bose,Male,30,Patna,Patna,2023-03-24,Consumer,Paid Search
C006173,Rahul Nair,Male,26,Delhi,Delhi,2025-10-20,Home Office,Organic Search
C006174,Kabir Nair,Male,28,Bhubaneswar,Bhubaneswar,2024-01-22,Consumer,Marketplace
C006175,Riya Patel,Male,32,Chennai,Chennai,2023-11-25,Consumer,Social Media
C006176,Nikhil Bose,Male,24,Visakhapatnam,Visakhapatnam,2024-05-23,Consumer,Organic Search
C006177,Rahul Kapoor,Female,31,Bhopal,Bhopal,2024-09-10,Consumer,Affiliate
C006178,Meera Malhotra,Male,38,Guwahati,Guwahati,2022-09-10,Consumer,Marketplace
C006179,Sanya Yadav,Female,18,Nagpur,Nagpur,2026-03-23,Consumer,Email
C006180,Riya Bose,Male,31,Ahmedabad,Ahmedabad,2024-12-29,Consumer,Social Media
C006181,Tanya Patel,Male,29,Patna,Patna,2022-06-30,Home Office,Social Media
C006182,Kabir Sharma,Female,18,Chandigarh,Chandigarh,2026-07-09,Small Business,Paid Search
C006183,Meera Malhotra,Female,29,Visakhapatnam,Visakhapatnam,2025-06-20,Consumer,Email
C006184,Varun Singh,Male,41,Guwahati,Guwahati,2024-01-28,Consumer,Referral
C006185,Tanya Patel,Female,18,Ahmedabad,Ahmedabad,2023-04-09,Consumer,Referral
C006186,Vikram Shah,Female,27,Indore,Indore,2023-06-08,Consumer,Referral
C006187,Aarav Bose,Female,26,Mysuru,Mysuru,2025-07-30,Consumer,Paid Search
C006188,Meera Kumar,Male,28,Kolkata,Kolkata,2025-07-14,Consumer,Organic Search
C006189,Ishaan Iyer,Male,37,Kolkata,Kolkata,2022-11-04,Corporate,Social Media
C006190,Meera Kapoor,Male,35,Ahmedabad,Ahmedabad,2024-09-16,Corporate,Marketplace
C006191,Nisha Patel,Male,22,Bhubaneswar,Bhubaneswar,2023-11-08,Home Office,Organic Search
C006192,Karan Iyer,Female,36,Gurugram,Gurugram,2026-07-02,Consumer,Organic Search
C006193,Rohan Yadav,Male,48,Delhi,Delhi,2023-07-05,Corporate,Organic Search
C006194,ishaan nair,Female,47,Pune,Pune,2022-11-23,Home Office,Paid Search
C006195,Sanya Verma,Male,18,Nagpur,Nagpur,2022-08-19,Consumer,Social Media
C006196,Kabir Reddy,Female,26,Jaipur,Jaipur,2023-08-01,Consumer,Organic Search
C006197,Nikhil Sharma,Female,22,Bengaluru,Bengaluru,2023-11-09,Consumer,Paid Search
C006198,Arjun Chopra,Female,33,Bengaluru,Bengaluru,2025-12-22,Consumer,Marketplace
C006199,Varun Malhotra,Female,26,Lucknow,Lucknow,2026-07-25,Corporate,Marketplace
C006200,Kabir Patel,Male,33,Chandigarh,Chandigarh,2024-08-30,Home Office,Organic Search
C006201,Isha Das,Female,35,Ahmedabad,Ahmedabad,2022-07-03,Consumer,Marketplace
C006202,Isha Yadav,Male,37,Mumbai,Mumbai,2023-07-17,Consumer,Paid Search
C006203,Rahul Kapoor,Female,29,Indore,Indore,2023-10-26,Consumer,Affiliate
C006204,Diya Bose,Male,28,Patna,Patna,2022-08-22,Corporate,Paid Search
C006205,MEERA SHARMA,Male,20,Coimbatore,Coimbatore,2025-08-02,Consumer,Email
C006206,Ishaan Yadav,Male,36,Gurugram,Gurugram,2026-04-08,Consumer,Paid Search
C006207,Priya Yadav,Male,46,Chandigarh,Chandigarh,2022-11-11,Small Business,Paid Search
C006208,Meera Bose,Male,30,Patna,Patna,2022-07-28,Consumer,Referral
C006209,Aditya Malhotra,Female,37,Patna,Patna,2023-07-01,Consumer,Organic Search
C006210,Neha Joshi,Female,44,Guwahati,Guwahati,2022-11-09,Consumer,Marketplace
C006211,Aditi Shah,Female,47,Bengaluru,Bengaluru,2023-07-26,Consumer,Social Media
C006212,Karan Singh,Female,37,Pune,Pune,2024-12-03,Corporate,Referral
C006213,Manish Das,Female,51,Kolkata,Kolkata,2025-01-05,Consumer,Referral
C006214,Sneha Iyer,Male,32,Surat,Surat,2022-06-01,Consumer,Email
C006215,Riya Das,Female,18,Surat,Surat,2025-01-02,Consumer,Organic Search
C006216,Pooja Sharma,Female,24,Bengaluru,Bengaluru,2026-03-22,Consumer,Organic Search
C006217,Aarav Joshi,Female,28,Lucknow,Lucknow,2023-12-01,Corporate,Paid Search
C006218,Krishna Yadav,Female,57,Bhopal,Bhopal,2023-04-28,Consumer,Email
C006219,Aditya Gupta,Female,44,Gurugram,Gurugram,2025-11-22,Corporate,Referral
C006220,Rahul Kumar,Non-Binary,41,Patna,Patna,2025-03-20,Consumer,Social Media
C006221,Ananya Mehta,Female,28,Lucknow,Lucknow,2024-04-22,Consumer,Organic Search
C006222,Varun Kumar,Female,35,Mysuru,Mysuru,2026-06-25,Consumer,Marketplace
C006223,Neha Mehta,Male,30,Patna,Patna,2024-10-02,Consumer,Social Media
C006224,Nisha Bose,Female,50,Hyderabad,Hyderabad,2025-05-21,Small Business,Marketplace
C006225,Krishna Kumar,Male,37,Kolkata,Kolkata,2025-11-01,Small Business,Social Media
C006226,Priya Gupta,Female,34,Delhi,Delhi,2022-08-30,Consumer,Email
C006227,Riya Gupta,Male,24,Chandigarh,Chandigarh,2025-02-10,Small Business,Email
C006228,Vikram Patel,Male,25,Bhopal,Bhopal,2023-09-17,Home Office,Paid Search
C006229,Arjun Iyer,Female,40,Chennai,Chennai,2024-06-25,Consumer,Email
C006230,Ishaan Iyer,Female,27,Mysuru,Mysuru,2022-02-28,Small Business,Marketplace
C006231,Krishna Mehta,Male,34,Chandigarh,Chandigarh,2024-09-30,Home Office,Social Media
C006232,Tanya Kumar,Female,23,Guwahati,Guwahati,2022-04-08,Consumer,Email
C006233,Sanya Kumar,Male,31,Bengaluru,Bengaluru,2024-02-19,Consumer,Marketplace
C006234,Rohan Malhotra,Female,33,Chennai,Chennai,2025-10-30,Consumer,Referral
C006235,Manish Malhotra,Male,29,Chandigarh,Chandigarh,2024-05-29,Consumer,Organic Search
C006236,Pooja Joshi,Female,18,Nagpur,Nagpur,2026-01-06,Consumer,Referral
C006237,Arjun Kumar,Male,30,Indore,Indore,2024-05-12,Home Office,Paid Search
C006238,Diya Malhotra,Male,33,Mysuru,Mysuru,2025-05-16,Consumer,Email
C006239,Karan Bose,Female,31,Noida,Noida,2024-08-18,Consumer,Email
C006240,Aditi Gupta,Male,34,Gurugram,Gurugram,2024-04-23,Consumer,Paid Search
C006241,Nisha Shah,Male,26,Lucknow,Lucknow,2023-01-21,Small Business,Social Media
C006242,Sneha Rao,Male,35,Surat,Surat,2025-01-24,Home Office,Social Media
C006243,Krishna Singh,Male,20,Guwahati,Guwahati,2025-02-03,Consumer,Referral
C006244,Riya Kapoor,Female,40,Pune,Pune,2024-11-07,Corporate,Referral
C006245,Ishaan Rao,Male,26,Ahmedabad,Ahmedabad,2022-06-27,Home Office,Paid Search
C006246,Sneha Verma,Male,34,Chandigarh,Chandigarh,2024-04-14,Home Office,Affiliate
C006247,Isha Shah,Female,29,Mysuru,Mysuru,2022-02-09,Consumer,Organic Search
C006248,Manish Sharma,Female,37,Bhopal,Bhopal,2022-03-30,Consumer,Marketplace
C006249,Rohan Nair,Male,24,Jaipur,Jaipur,2023-01-04,Home Office,Paid Search
C006250,Pooja Gupta,Male,41,Bhubaneswar,Bhubaneswar,2026-05-06,Consumer,Social Media
C006251,Vivaan Mehta,Female,41,Mysuru,Mysuru,2022-10-07,Corporate,Affiliate
C006252,Krishna Kumar,Female,24,Chandigarh,Chandigarh,2024-04-22,Consumer,Social Media
C006253,Ishaan Gupta,Female,27,Jaipur,Jaipur,2022-12-23,Home Office,Email
C006254,Tanya Kapoor,Male,44,Noida,Noida,2022-06-16,Consumer,Referral
C006255,Nisha Gupta,Male,41,Patna,Patna,2023-09-19,Consumer,Email
C006256,Meera Chopra,Female,44,Bhopal,Bhopal,2024-03-12,Corporate,Organic Search
C006257,Diya Kumar,Female,18,Kochi,Kochi,2023-03-18,Consumer,Organic Search
C006258,Aarav Kapoor,Unknown,33,Indore,Indore,2023-08-08,Home Office,Organic Search
C006259,Manish Verma,Male,36,Bhubaneswar,Bhubaneswar,2025-10-17,Small Business,Marketplace
C006260,Tanya Sharma,Female,29,Jaipur,Jaipur,2025-12-15,Consumer,Social Media
C006261,Reyansh Das,Female,36,Chandigarh,Chandigarh,2024-04-02,Consumer,Paid Search
C006262,Ananya Patel,Female,18,Gurugram,Gurugram,2023-05-03,Consumer,Social Media
C006263,Meera Kapoor,Male,30,Chennai,Chennai,2025-01-30,Consumer,Organic Search
C006264,Rohan Patel,Female,34,Noida,Noida,2022-06-08,Consumer,Paid Search
C006265,Kabir Singh,Female,29,Kochi,Kochi,2025-09-25,Consumer,Email
C006266,Aditya Patel,Male,37,Chandigarh,Chandigarh,2023-11-28,Home Office,Paid Search
C006267,Neha Shah,Male,39,Lucknow,Lucknow,2022-04-16,Consumer,Social Media
C006268,Meera Patel,Male,49,Guwahati,Guwahati,2025-11-30,Home Office,Social Media
C006269,Isha Kumar,Female,38,Coimbatore,Coimbatore,2025-10-15,Home Office,Paid Search
C006270,krishna mehta,Male,52,Jaipur,Jaipur,2025-09-14,Consumer,Affiliate
C006271,Varun Joshi,Female,32,Indore,Indore,2022-01-15,Corporate,Paid Search
C006272,Karan Shah,Female,18,Delhi,Delhi,2025-07-11,Consumer,Paid Search
C006273,Riya Bose,Unknown,25,Lucknow,Lucknow,2024-01-18,Consumer,Organic Search
C006274,Krishna Mehta,Female,42,Noida,Noida,2023-10-20,Consumer,Organic Search
C006275,Manish Verma,Male,44,Pune,Pune,2023-03-21,Corporate,Paid Search
C006276,Reyansh Patel,Male,34,Coimbatore,Coimbatore,2022-06-25,Corporate,Organic Search
C006277,Sneha Singh,Male,18,Ahmedabad,Ahmedabad,2025-03-11,Home Office,Organic Search
C006278,Priya Bose,Female,35,Delhi,Delhi,2022-11-30,Consumer,Paid Search
C006279,Karan Sharma,Male,28,Noida,Noida,2022-01-20,Home Office,Social Media
C006280,Rohan Yadav,Male,32,Kochi,Kochi,2025-01-28,Consumer,Social Media
C006281,Sneha Malhotra,Male,18,Gurugram,Gurugram,2024-07-25,Consumer,Paid Search
C006282,Krishna Gupta,Female,50,Ahmedabad,Ahmedabad,2023-05-04,Small Business,Referral
C006283,Nikhil Singh,Male,45,Nagpur,Nagpur,2026-01-04,Consumer,Social Media
C006284,Varun Iyer,Male,33,Mysuru,Mysuru,2025-05-21,Corporate,Organic Search
C006285,Riya Das,Male,50,Indore,Indore,2024-05-04,Consumer,Social Media
C006286,Ishaan Gupta,Female,48,Mumbai,Mumbai,2023-01-22,Small Business,Organic Search
C006287,Riya Sharma,Male,28,Kolkata,Kolkata,2025-05-13,Consumer,Affiliate
C006288,Vivaan Sharma,Male,45,Noida,Noida,2025-12-05,Corporate,Email
C006289,Karan Chopra,Female,43,Gurugram,Gurugram,2022-04-12,Consumer,Paid Search
C006290,Meera Chopra,Male,38,Bhopal,Bhopal,2022-09-08,Consumer,Marketplace
C006291,ADITI RAO,Male,32,Lucknow,Lucknow,2022-01-02,Consumer,Paid Search
C006292,Krishna Sharma,Female,34,Chennai,Chennai,2026-03-17,Corporate,Paid Search
C006293,Reyansh Rao,Male,37,Surat,Surat,2024-02-15,Unknown,Email
C006294,Ananya Bose,Male,25,Bengaluru,Bengaluru,2026-06-30,Corporate,Referral
C006295,Ananya Kumar,Female,24,Kolkata,Kolkata,2024-06-20,Consumer,Social Media
C006296,Sneha Patel,Male,38,Patna,Patna,2022-02-09,Consumer,Organic Search
C006297,Aarav Kumar,Male,26,Pune,Pune,2025-08-11,Consumer,Social Media
C006298,Ananya Iyer,Male,25,Nagpur,Nagpur,2024-12-11,Consumer,Email
C006299,Kavya Patel,Female,35,Mumbai,Mumbai,2026-06-19,Consumer,Marketplace
C006300,Varun Malhotra,Female,18,Mumbai,Mumbai,2022-08-19,Consumer,Social Media
C006301,Kavya Gupta,Male,25,Mumbai,Mumbai,2023-02-25,Corporate,Social Media
C006302,Nikhil Singh,Female,48,Ahmedabad,Ahmedabad,2023-10-29,Corporate,Referral
C006303,Reyansh Patel,Male,28,Noida,Noida,2025-06-08,Home Office,Social Media
C006304,Manish Mishra,Male,30,Noida,Noida,2022-08-24,Consumer,Organic Search
C006305,Nikhil Chopra,Female,49,Gurugram,Gurugram,2022-11-20,Consumer,Marketplace
C006306,Kabir Das,Male,36,Gurugram,Gurugram,2022-03-03,Consumer,Referral
C006307,Aditya Malhotra,Female,51,Guwahati,Guwahati,2023-02-22,Consumer,Referral
C006308,Sanya Das,Female,60,Guwahati,Guwahati,2025-05-29,Corporate,Referral
C006309,Nikhil Joshi,Male,35,Patna,Patna,2025-12-10,Consumer,Email
C006310,Sanya Sharma,Female,31,Mumbai,Mumbai,2023-07-29,Consumer,Marketplace
C006311,Arjun Kumar,Male,34,Lucknow,Lucknow,2023-05-05,Consumer,Organic Search
C006312,Neha Gupta,Female,18,Kolkata,Kolkata,2023-05-15,Consumer,Organic Search
C006313,Rahul Patel,Female,18,Noida,Noida,2025-09-08,Home Office,Social Media
C006314,Pooja Patel,Female,25,Ahmedabad,Ahmedabad,2025-08-23,Corporate,Organic Search
C006315,Aditi Singh,Male,31,Gurugram,Gurugram,2022-04-01,Corporate,Paid Search
C006316,Krishna Mishra,Male,51,Visakhapatnam,Visakhapatnam,2023-10-25,Consumer,Organic Search
C006317,Meera Sharma,Female,33,Bengaluru,Bengaluru,2022-06-01,Consumer,Paid Search
C006318,Meera Rao,Female,18,Surat,Surat,2023-07-02,Small Business,Referral
C006319,Krishna Shah,Male,42,Ahmedabad,Ahmedabad,2022-03-28,Consumer,Referral
C006320,Kabir Malhotra,Female,29,Jaipur,Jaipur,2024-10-30,Consumer,Social Media
C006321,Riya Kumar,Male,18,Jaipur,Jaipur,2022-04-18,Small Business,Organic Search
C006322,Vikram Malhotra,Female,31,Lucknow,Lucknow,2024-12-07,Consumer,Social Media
C006323,Pooja Reddy,Female,58,Pune,Pune,2024-02-26,Small Business,Paid Search
C006324,Siddharth Nair,Male,39,Kolkata,Kolkata,2025-07-13,Corporate,Social Media
C006325,Ishaan Gupta,Female,21,Mysuru,Mysuru,2022-08-08,Consumer,Email
C006326,Diya Sharma,Non-Binary,44,Guwahati,Guwahati,2023-05-30,Corporate,Social Media
C006327,Ananya Patel,Male,30,Mysuru,Mysuru,2023-10-18,Corporate,Marketplace
C006328,Ananya Shah,Female,26,Mysuru,Mysuru,2026-03-04,Corporate,Paid Search
C006329,Aditi Mishra,Male,26,Hyderabad,Hyderabad,2022-06-05,Consumer,Paid Search
C006330,Sanya Yadav,Male,33,Kolkata,Kolkata,2024-07-15,Home Office,Email
C006331,Sanya Mehta,Female,35,Delhi,Delhi,2022-06-27,Consumer,Referral
C006332,Reyansh Nair,Female,60,Pune,Pune,2024-02-18,Consumer,Email
C006333,Isha Shah,Female,41,Bhopal,Bhopal,2023-11-22,Consumer,Social Media
C006334,Isha Gupta,Female,45,Pune,Pune,2024-05-15,Consumer,Organic Search
C006335,Rohan Iyer,Female,67,Kochi,Kochi,2026-04-06,Consumer,Organic Search
C006336,Rahul Bose,Female,53,Surat,Surat,2024-07-13,Small Business,Organic Search
C006337,Vikram Chopra,Female,18,Bhubaneswar,Bhubaneswar,2022-12-19,Corporate,Organic Search
C006338,Reyansh Yadav,Male,20,Surat,Surat,,Consumer,Paid Search
C006339,Nikhil Malhotra,Female,23,Kochi,Kochi,2024-01-22,Small Business,Social Media
C006340,Sneha Joshi,Male,27,Kochi,Kochi,2023-12-27,Consumer,Marketplace
C006341,Nikhil Malhotra,Female,31,Visakhapatnam,Visakhapatnam,2025-03-20,Consumer,Marketplace
C006342,Krishna Yadav,Non-Binary,21,Gurugram,Gurugram,2023-04-14,Consumer,Email
C006343,Ishaan Kapoor,Male,18,Bhopal,Bhopal,2024-11-04,Consumer,Referral
C006344,Vivaan Mishra,Male,51,Guwahati,Guwahati,2022-01-03,Corporate,Referral
C006345,Sanya Yadav,Female,30,Kochi,Kochi,2023-03-02,Home Office,Referral
C006346,Aditya Das,Female,43,Hyderabad,Hyderabad,2025-06-24,Consumer,Referral
C006347,Priya Patel,Female,26,Bhubaneswar,Bhubaneswar,2025-11-11,Consumer,Email
C006348,Rahul Shah,Female,18,Mumbai,Mumbai,,Home Office,Email
C006349,Meera Verma,Female,36,Guwahati,Guwahati,2023-01-12,Consumer,Referral
C006350,Rahul Das,Female,32,Kochi,Kochi,2026-02-25,Consumer,Social Media
C006351,Priya Rao,Male,25,Bhubaneswar,Bhubaneswar,2022-02-11,Consumer,Organic Search
C006352,Nisha Malhotra,Male,19,Bengaluru,Bengaluru,2023-08-25,Consumer,Email
C006353,Sneha Yadav,Female,38,Ahmedabad,Ahmedabad,2022-03-23,Corporate,Referral
C006354,Aditi Sharma,Male,22,Gurugram,Gurugram,2025-12-13,Home Office,Paid Search
C006355,Pooja Iyer,Male,45,Bhubaneswar,Bhubaneswar,2024-07-23,Consumer,Social Media
C006356,Aditya Rao,Male,30,Bhopal,Bhopal,2024-02-17,Consumer,Email
C006357,Nisha Gupta,Male,38,Bhubaneswar,Bhubaneswar,2022-02-14,Consumer,Referral
C006358,Nisha Reddy,Female,47,Bhopal,Bhopal,2025-09-16,Consumer,Social Media
C006359,Ishaan Rao,Male,25,Patna,Patna,2022-06-22,Corporate,Organic Search
C006360,Manish Gupta,Female,58,Bhopal,Bhopal,2022-04-13,Home Office,Organic Search
C006361,Isha Sharma,Male,29,Bhubaneswar,Bhubaneswar,2022-12-21,Home Office,Social Media
C006362,Siddharth Nair,Male,39,Hyderabad,Hyderabad,2024-09-17,Consumer,Social Media
C006363,Rahul Verma,Female,50,Bhopal,Bhopal,2023-11-17,Home Office,Organic Search
C006364,Varun Joshi,Male,53,Gurugram,Gurugram,2025-09-12,Home Office,Organic Search
C006365,Nisha Bose,Female,29,Hyderabad,Hyderabad,2026-07-26,Consumer,Social Media
C006366,Nikhil Iyer,Male,32,Mumbai,Mumbai,2022-05-23,Consumer,Email
C006367,Aarav Gupta,Female,33,Kolkata,Kolkata,2022-06-05,Consumer,Organic Search
C006368,Kavya Mishra,Male,18,Bhopal,Bhopal,2025-02-18,Small Business,Referral
C006369,Vikram Shah,Male,45,Gurugram,Gurugram,2022-09-13,Consumer,Paid Search
C006370,Nikhil Kapoor,Male,36,Jaipur,Jaipur,2024-11-09,Corporate,Paid Search
C006371,Arjun Shah,Male,34,Noida,Noida,2023-04-30,Small Business,Paid Search
C006372,Kabir Reddy,Female,18,Patna,Patna,2025-09-18,Consumer,Social Media
C006373,Vikram Yadav,Female,31,Indore,Indore,2022-08-22,Consumer,Organic Search
C006374,Varun Mehta,Male,44,Surat,Surat,2026-03-29,Consumer,Referral
C006375,Kabir Bose,Male,22,Mumbai,Mumbai,2022-05-11,Home Office,Paid Search
C006376,Aditya Yadav,Female,30,Chandigarh,Chandigarh,2024-06-05,Home Office,Affiliate
C006377,Manish Verma,Female,47,Indore,Indore,2025-08-04,Small Business,Paid Search
C006378,Manish Chopra,Male,32,Hyderabad,Hyderabad,2024-05-16,Consumer,Marketplace
C006379,Varun Patel,Female,39,Patna,Patna,2026-05-03,Consumer,Organic Search
C006380,Vikram Mehta,Non-Binary,26,Kolkata,Kolkata,2023-09-09,Consumer,Social Media
C006381,Vivaan Kumar,Male,41,Ahmedabad,Ahmedabad,2022-01-26,Consumer,Paid Search
C006382,Sneha Das,Female,33,Visakhapatnam,Visakhapatnam,2025-11-28,Home Office,Paid Search
C006383,Isha Chopra,Male,29,Lucknow,Lucknow,2025-04-21,Consumer,Email
C006384,Nikhil Reddy,Male,36,Chennai,Chennai,2024-08-17,Small Business,Organic Search
C006385,Kabir Kumar,Female,28,Bhopal,Bhopal,2022-02-11,Consumer,Paid Search
C006386,Rohan Shah,Male,26,Bhopal,Bhopal,2026-02-14,Consumer,Referral
C006387,Vikram Patel,Female,44,Pune,Pune,2024-10-08,Small Business,Social Media
C006388,Ananya Kapoor,Male,30,Bengaluru,Bengaluru,2022-01-19,Consumer,Organic Search
C006389,Diya Reddy,Male,35,Unknown,Unknown,2024-09-02,Small Business,Organic Search
C006390,Riya Gupta,Female,27,Coimbatore,Coimbatore,2025-07-19,Consumer,Paid Search
C006391,Varun Sharma,Female,25,Mumbai,Mumbai,2022-05-14,Home Office,Email
C006392,Isha Kapoor,Female,27,Hyderabad,Hyderabad,2024-11-14,Corporate,Organic Search
C006393,Manish Chopra,Female,42,Indore,Indore,2026-03-31,Consumer,Paid Search
C006394,Ananya Shah,Female,39,Hyderabad,Hyderabad,2023-01-30,Home Office,Marketplace
C006395,Vikram Kumar,Female,56,Pune,Pune,2022-07-21,Small Business,Email
C006396,Diya Mishra,Female,44,Guwahati,Guwahati,2023-05-03,Consumer,Email
C006397,Siddharth Das,Female,40,Chennai,Chennai,2025-08-12,Unknown,Paid Search
C006398,Sneha Yadav,Male,38,Guwahati,Guwahati,2026-05-29,Consumer,Email
C006399,Kavya Iyer,Female,24,Bhubaneswar,Bhubaneswar,2026-05-09,Consumer,Organic Search
C006400,Karan Singh,Non-Binary,28,Bengaluru,Bengaluru,2023-02-12,Corporate,Affiliate
C006401,Sanya Mishra,Female,23,Nagpur,Nagpur,2026-05-16,Consumer,Affiliate
C006402,Arjun Iyer,Female,26,Chandigarh,Chandigarh,2022-05-29,Consumer,Paid Search
C006403,Riya Rao,Male,37,Hyderabad,Hyderabad,2024-07-12,Consumer,Email
C006404,Kabir Joshi,Male,33,Jaipur,Jaipur,2024-08-06,Home Office,Referral
C006405,Neha Sharma,Female,25,Kochi,Kochi,2026-02-02,Small Business,Paid Search
C006406,Siddharth Singh,Female,38,Nagpur,Nagpur,2022-09-05,Consumer,Marketplace
C006407,Tanya Nair,Male,36,Bengaluru,Bengaluru,2025-10-18,Consumer,Referral
C006408,Aditya Singh,Female,28,Ahmedabad,Ahmedabad,2025-02-08,Consumer,Organic Search
C006409,Nikhil Gupta,Female,27,Pune,Pune,2025-10-28,Consumer,Marketplace
C006410,Priya Joshi,Female,25,Surat,Surat,2025-03-04,Consumer,Referral
C006411,Tanya Rao,Female,18,Surat,Surat,2026-07-16,Corporate,Social Media
C006412,Vikram Kapoor,Male,37,Mumbai,Mumbai,2025-06-09,Consumer,Social Media
C006413,Isha Joshi,Female,28,Kolkata,Kolkata,2022-03-02,Consumer,Social Media
C006414,Ananya Reddy,Female,53,Pune,Pune,2024-08-25,Consumer,Email
C006415,Krishna Mehta,Female,18,Mysuru,Mysuru,2026-06-29,Home Office,Affiliate
C006416,Priya Mishra,Male,35,Delhi,Delhi,2023-01-18,Home Office,Marketplace
C006417,Reyansh Das,Male,18,Indore,Indore,2022-12-01,Corporate,Paid Search
C006418,Aarav Rao,Male,43,Chennai,Chennai,2025-01-23,Home Office,Social Media
C006419,Siddharth Singh,Female,41,Bhubaneswar,Bhubaneswar,2023-12-10,Home Office,Organic Search
C006420,Meera Kapoor,Male,46,Visakhapatnam,Visakhapatnam,2022-01-14,Consumer,Organic Search
C006421,Aarav Yadav,Male,30,Gurugram,Gurugram,2025-11-28,Small Business,Paid Search
C006422,Siddharth Iyer,Male,42,Gurugram,Gurugram,2025-06-30,Consumer,Paid Search
C006423,Ananya Sharma,Male,30,Mysuru,Mysuru,2026-07-28,Consumer,Affiliate
C006424,Nikhil Reddy,Male,22,Bhubaneswar,Bhubaneswar,2022-10-15,Consumer,Social Media
C006425,Rohan Singh,Female,39,Gurugram,Gurugram,2022-04-30,Consumer,Paid Search
C006426,Sneha Gupta,Male,18,Delhi,Delhi,2023-08-20,Consumer,Paid Search
C006427,Varun Das,Female,19,Pune,Pune,2024-06-30,Home Office,Social Media
C006428,Nikhil Gupta,Male,50,Bengaluru,Bengaluru,2023-10-14,Corporate,Affiliate
C006429,Aarav Nair,Male,38,Indore,Indore,2022-09-20,Corporate,Paid Search
C006430,Manish Kapoor,Male,26,Mumbai,Mumbai,2023-05-21,Consumer,Paid Search
C006431,Arjun Singh,Female,25,Visakhapatnam,Visakhapatnam,2026-04-14,Consumer,Paid Search
C006432,Neha Kumar,Female,72,Hyderabad,Hyderabad,2024-07-14,Corporate,Paid Search
C006433,Sanya Kapoor,Male,38,Visakhapatnam,Visakhapatnam,2023-09-29,Consumer,Paid Search
C006434,Siddharth Mehta,Male,33,Guwahati,Guwahati,2024-04-29,Consumer,Organic Search
C006435,Unknown,Male,39,Noida,Noida,2025-02-03,Consumer,Organic Search
C006436,Priya Bose,Female,27,Hyderabad,Hyderabad,2022-04-23,Consumer,Organic Search
C006437,Krishna Rao,Unknown,35,Chennai,Chennai,2026-06-26,Consumer,Paid Search
C006438,Diya Nair,Female,29,Kolkata,Kolkata,2024-12-28,Home Office,Referral
C006439,Manish Singh,Female,53,Gurugram,Gurugram,,Consumer,Social Media
C006440,Meera Singh,Female,55,Guwahati,Guwahati,2022-11-21,Consumer,Organic Search
C006441,Isha Reddy,Male,18,Surat,Surat,2023-12-22,Corporate,Social Media
C006442,Kavya Verma,Male,39,Surat,Surat,2024-09-04,Home Office,Marketplace
C006443,Kabir Kapoor,Female,41,Patna,Patna,2024-08-14,Small Business,Organic Search
C006444,Priya Bose,Male,44,Kochi,Kochi,2022-10-22,Consumer,Social Media
C006445,Krishna Mehta,Female,28,Chandigarh,Chandigarh,2023-05-03,Corporate,Social Media
C006446,Nikhil Patel,Female,27,Bhubaneswar,Bhubaneswar,2024-09-20,Consumer,Organic Search
C006447,Reyansh Yadav,Female,19,Indore,Indore,2023-04-12,Small Business,Paid Search
C006448,Sneha Patel,Female,48,Gurugram,Gurugram,2025-07-24,Home Office,Organic Search
C006449,Nisha Verma,Male,28,Chandigarh,Chandigarh,2023-12-26,Corporate,Organic Search
C006450,Unknown,Female,29,Nagpur,Nagpur,2025-09-22,Consumer,Organic Search
C006451,Riya Shah,Female,48,Ahmedabad,Ahmedabad,2022-12-02,Small Business,Social Media
C006452,Riya Das,Male,62,Ahmedabad,Ahmedabad,2025-03-26,Corporate,Organic Search
C006453,Sanya Chopra,Female,47,Bhopal,Bhopal,2023-09-08,Consumer,Paid Search
C006454,Rahul Das,Female,28,Guwahati,Guwahati,2025-12-05,Consumer,Paid Search
C006455,Rohan Singh,Male,37,Gurugram,Gurugram,2024-10-27,Small Business,Affiliate
C006456,Rohan Sharma,Male,18,Jaipur,Jaipur,2022-07-09,Small Business,Email
C006457,Nikhil Patel,Male,34,Kolkata,Kolkata,2022-01-04,Consumer,Referral
C006458,Krishna Patel,Female,35,Delhi,Delhi,2024-09-11,Corporate,Organic Search
C006459,Tanya Kumar,Female,19,Nagpur,Nagpur,2024-12-18,Consumer,Paid Search
C006460,Neha Singh,Male,20,Kochi,Kochi,2022-04-01,Consumer,Social Media
C006461,Isha Gupta,Female,28,Kochi,Kochi,2026-03-14,Corporate,Paid Search
C006462,Ananya Iyer,Female,20,Indore,Indore,2025-05-28,Consumer,Email
C006463,Krishna Sharma,Female,24,Mysuru,Mysuru,2024-11-20,Corporate,Email
C006464,Rohan Chopra,Male,20,Bhubaneswar,Bhubaneswar,2024-08-25,Consumer,Social Media
C006465,Nisha Kumar,Female,32,Kolkata,Kolkata,2024-11-28,Consumer,Email
C006466,Arjun Kumar,Male,30,Hyderabad,Hyderabad,2025-08-16,Consumer,Paid Search
C006467,Nikhil Chopra,Male,36,Lucknow,Lucknow,2024-05-30,Consumer,Organic Search
C006468,Aarav Bose,Male,49,Coimbatore,Coimbatore,2025-02-16,Small Business,Marketplace
C006469,Nikhil Iyer,Female,48,Gurugram,Gurugram,2022-04-20,Corporate,Social Media
C006470,Aditya Shah,Male,50,Chennai,Chennai,2024-07-09,Corporate,Affiliate
C006471,Sneha Kapoor,Male,18,Surat,Surat,2024-03-28,Corporate,Social Media
C006472,Reyansh Verma,Female,28,Coimbatore,Coimbatore,2025-04-07,Consumer,Email
C006473,Karan Bose,Male,33,Surat,Surat,2026-07-11,Consumer,Organic Search
C006474,Varun Mishra,Female,40,Visakhapatnam,Visakhapatnam,2023-07-04,Corporate,Affiliate
C006475,Varun Iyer,Male,36,Hyderabad,Hyderabad,2023-01-05,Consumer,Organic Search
C006476,Manish Shah,Male,30,Mumbai,Mumbai,2025-04-18,Consumer,Organic Search
C006477,Diya Kapoor,Female,34,Delhi,Delhi,2025-07-01,Small Business,Social Media
C006478,Tanya Verma,Male,39,Visakhapatnam,Visakhapatnam,2024-03-17,Consumer,Social Media
C006479,Reyansh Patel,Male,36,Kolkata,Kolkata,2025-05-02,Consumer,Email
C006480,Sneha Verma,Male,29,Bengaluru,Bengaluru,2023-04-28,Home Office,Social Media
C006481,Ishaan Mishra,Female,32,Kolkata,Kolkata,2025-07-22,Consumer,Referral
C006482,Meera Verma,Female,30,Chandigarh,Chandigarh,2024-11-22,Corporate,Organic Search
C006483,Neha Shah,Female,50,Visakhapatnam,Visakhapatnam,2022-11-26,Consumer,Referral
C006484,Priya Shah,Female,45,Surat,Surat,2023-06-04,Consumer,Affiliate
C006485,Karan Yadav,Female,58,Chennai,Chennai,2024-06-17,Corporate,Marketplace
C006486,Vikram Verma,Non-Binary,37,Gurugram,Gurugram,,Consumer,Affiliate
C006487,Vikram Das,Female,18,Bhopal,Bhopal,2022-08-13,Corporate,Paid Search
C006488,Aditi Das,Female,41,Bhopal,Bhopal,2023-10-12,Consumer,Social Media
C006489,Siddharth Iyer,Male,44,Mumbai,Mumbai,2022-09-12,Consumer,Email
C006490,Meera Joshi,Male,32,Bengaluru,Bengaluru,2023-08-24,Home Office,Social Media
C006491,Vivaan Reddy,Female,35,Kolkata,Kolkata,2026-04-15,Consumer,Social Media
C006492,Aarav Kumar,Female,39,Pune,Pune,2024-01-08,Corporate,Paid Search
C006493,Siddharth Joshi,Male,18,Guwahati,Guwahati,2026-03-12,Consumer,Marketplace
C006494,Ishaan Patel,Male,27,Mysuru,Mysuru,2024-08-15,Small Business,Marketplace
C006495,Siddharth Rao,Female,38,Surat,Surat,2023-06-20,Consumer,Email
C006496,Neha Joshi,Male,30,Surat,Surat,2026-04-07,Home Office,Organic Search
C006497,Varun Yadav,Female,43,Delhi,Delhi,2025-05-08,Home Office,Referral
C006498,Ananya Bose,Female,35,Chandigarh,Chandigarh,2023-12-27,Consumer,Referral
C006499,Vivaan Malhotra,Male,25,Pune,Pune,2024-08-18,Consumer,Email
C006500,Sanya Nair,Male,21,Chandigarh,Chandigarh,2026-05-01,Corporate,Affiliate
C006501,Riya Kumar,Male,29,Mumbai,Mumbai,2023-09-23,Consumer,Unknown
C006502,Priya Joshi,Female,20,Chennai,Chennai,2023-05-15,Small Business,Paid Search
C006503,Arjun Das,Male,34,Bengaluru,Bengaluru,2022-05-09,Small Business,Affiliate
C006504,Arjun Kapoor,Male,52,Mysuru,Mysuru,2023-02-19,Consumer,Email
C006505,Diya Iyer,Male,18,Delhi,Delhi,2022-02-08,Consumer,Referral
C006506,Ishaan Joshi,Female,30,Jaipur,Jaipur,2025-01-05,Consumer,Organic Search
C006507,Kavya Kapoor,Female,35,Coimbatore,Coimbatore,2022-04-22,Corporate,Paid Search
C006508,Vivaan Iyer,Male,36,Coimbatore,Coimbatore,2026-07-10,Consumer,Organic Search
C006509,Rahul Kumar,Female,18,Chennai,Chennai,2023-04-04,Corporate,Organic Search
C006510,Diya Singh,Male,24,Guwahati,Guwahati,2025-12-15,Consumer,Organic Search
C006511,Pooja Malhotra,Female,18,Kochi,Kochi,2022-06-02,Home Office,Email
C006512,Neha Das,Male,18,Visakhapatnam,Visakhapatnam,2023-12-11,Consumer,Paid Search
C006513,Aditya Mishra,Female,37,Bengaluru,Bengaluru,2025-01-24,Consumer,Organic Search
C006514,Sanya Reddy,Male,35,Guwahati,Guwahati,2025-07-13,Corporate,Paid Search
C006515,Rahul Sharma,Male,49,Lucknow,Lucknow,2025-06-14,Small Business,Referral
C006516,Riya Mehta,Male,41,Pune,Pune,2023-03-26,Corporate,Organic Search
C006517,Siddharth Das,Male,42,Nagpur,Nagpur,2024-09-07,Home Office,Referral
C006518,Riya Nair,Female,49,Mumbai,Mumbai,2022-06-03,Corporate,Organic Search
C006519,Nisha Joshi,Female,46,Noida,Noida,2024-07-10,Consumer,Referral
C006520,Siddharth Kumar,Female,25,Hyderabad,Hyderabad,2023-02-01,Consumer,Email
C006521,Sanya Das,Male,18,Surat,Surat,2023-08-02,Consumer,Email
C006522,Aarav Mishra,Male,38,Visakhapatnam,Visakhapatnam,2025-03-15,Consumer,Marketplace
C006523,Diya Rao,Female,38,Gurugram,Gurugram,2022-01-31,Home Office,Affiliate
C006524,Arjun Kumar,Male,41,Hyderabad,Hyderabad,2023-07-27,Consumer,Social Media
C006525,Aarav Reddy,Male,18,Bengaluru,Bengaluru,2026-07-02,Consumer,Organic Search
C006526,Aarav Kapoor,Male,34,Bhopal,Bhopal,2025-02-08,Consumer,Email
C006527,Nikhil Joshi,Female,53,Indore,Indore,2022-11-21,Consumer,Unknown
C006528,Pooja Gupta,Male,23,Mysuru,Mysuru,2026-04-04,Home Office,Email
C006529,Sanya Mishra,Male,34,Ahmedabad,Ahmedabad,2022-01-13,Small Business,Organic Search
C006530,Arjun Malhotra,Male,32,Bhopal,Bhopal,2024-08-05,Corporate,Social Media
C006531,Isha Chopra,Non-Binary,54,Mumbai,Mumbai,2024-03-19,Corporate,Organic Search
C006532,Diya Bose,Female,22,Pune,Pune,2022-01-04,Consumer,Paid Search
C006533,Ishaan Patel,Male,49,Jaipur,Jaipur,2022-12-13,Consumer,Paid Search
C006534,Karan Kapoor,Male,45,Bengaluru,Bengaluru,2024-09-05,Home Office,Referral
C006535,Nikhil Verma,Male,23,Chandigarh,Chandigarh,2025-04-17,Corporate,Social Media
C006536,Varun Mishra,Male,46,Nagpur,Nagpur,2024-03-05,Consumer,Social Media
C006537,Siddharth Chopra,Female,40,Bengaluru,Bengaluru,2023-11-09,Consumer,Email
C006538,Rohan Mishra,Male,35,Guwahati,Guwahati,2024-10-27,Consumer,Organic Search
C006539,Sneha Singh,Female,39,Chandigarh,Chandigarh,2026-01-12,Corporate,Paid Search
C006540,Sneha Gupta,Female,19,Visakhapatnam,Visakhapatnam,2023-07-26,Corporate,Social Media
C006541,Kabir Verma,Male,18,Chandigarh,Chandigarh,2023-02-12,Small Business,Email
C006542,Nisha Malhotra,Female,43,Mysuru,Mysuru,2024-01-04,Consumer,Referral
C006543,Meera Reddy,Male,32,Noida,Noida,2025-08-29,Consumer,Social Media
C006544,Krishna Das,Female,18,Surat,Surat,2022-03-21,Consumer,Social Media
C006545,Vivaan Gupta,Male,23,Bengaluru,Bengaluru,2026-03-29,Consumer,Email
C006546,Pooja Kapoor,Female,42,Visakhapatnam,Visakhapatnam,2025-04-12,Consumer,Organic Search
C006547,Rahul Das,Male,24,Chandigarh,Chandigarh,2025-12-11,Consumer,Referral
C006548,Karan Singh,Female,18,Hyderabad,Hyderabad,2024-03-26,Consumer,Referral
C006549,Manish Joshi,Male,27,Bhopal,Bhopal,2025-09-04,Home Office,Social Media
C006550,Krishna Gupta,Female,28,Noida,Noida,2024-09-16,Consumer,Social Media
C006551,Sneha Malhotra,Male,39,Mysuru,Mysuru,2023-10-19,Corporate,Email
C006552,Meera Malhotra,Male,58,Visakhapatnam,Visakhapatnam,2022-02-28,Corporate,Organic Search
C006553,Sneha Sharma,Female,45,Kochi,Kochi,2023-12-16,Consumer,Paid Search
C006554,Vikram Gupta,Female,18,Patna,Patna,2022-01-08,Consumer,Marketplace
C006555,Tanya Malhotra,Male,49,Patna,Patna,2022-04-08,Consumer,Organic Search
C006556,Vivaan Kapoor,Female,36,Bhopal,Bhopal,2023-10-26,Consumer,Paid Search
C006557,Reyansh Kumar,Male,49,Delhi,Delhi,2022-09-03,Home Office,Organic Search
C006558,Krishna Kumar,Female,56,Hyderabad,Hyderabad,2023-11-29,Consumer,Marketplace
C006559,Ishaan Shah,Male,30,Delhi,Delhi,2022-08-07,Consumer,Marketplace
C006560,Arjun Reddy,Female,34,Chandigarh,Chandigarh,2024-10-17,Consumer,Social Media
C006561,Siddharth Rao,Male,45,Kochi,Kochi,2023-06-20,Corporate,Referral
C006562,Ananya Gupta,Female,19,Ahmedabad,Ahmedabad,2022-09-04,Corporate,Social Media
C006563,Reyansh Yadav,Non-Binary,19,Hyderabad,Hyderabad,2023-06-15,Corporate,Referral
C006564,Manish Mishra,Female,36,Gurugram,Gurugram,2025-03-04,Consumer,Affiliate
C006565,Priya Mehta,Male,45,Surat,Surat,2022-03-20,Consumer,Social Media
C006566,Vikram Das,Male,24,Mysuru,Mysuru,2022-07-09,Small Business,Organic Search
C006567,Diya Nair,Male,31,Chandigarh,Chandigarh,2023-08-29,Small Business,Organic Search
C006568,Sneha Bose,Female,28,Pune,Pune,2023-01-30,Consumer,Organic Search
C006569,Arjun Chopra,Non-Binary,44,Kolkata,Kolkata,2024-05-29,Consumer,Referral
C006570,Sanya Sharma,Male,29,Delhi,Delhi,2022-02-13,Consumer,Organic Search
C006571,Rahul Joshi,Female,44,Patna,Patna,2024-04-05,Consumer,Organic Search
C006572,Diya Kapoor,Male,35,Jaipur,Jaipur,2025-07-05,Small Business,Social Media
C006573,Aditi Iyer,Female,32,Bhubaneswar,Bhubaneswar,2024-09-11,Home Office,Marketplace
C006574,Varun Bose,Non-Binary,33,Gurugram,Gurugram,2023-07-02,Home Office,Social Media
C006575,ANANYA BOSE,Male,37,Guwahati,Guwahati,2023-04-22,Consumer,Marketplace
C006576,Karan Kapoor,Female,35,Mumbai,Mumbai,2024-06-09,Small Business,Organic Search
C006577,Sanya Das,Male,30,Patna,Patna,2025-09-28,Small Business,Organic Search
C006578,Karan Gupta,Female,32,Noida,Noida,2023-03-23,Consumer,Paid Search
C006579,Rahul Chopra,Male,39,Bhopal,Bhopal,2024-07-02,Consumer,Unknown
C006580,Krishna Iyer,Male,51,Delhi,Delhi,2023-10-22,Small Business,Social Media
C006581,Tanya Das,Male,45,Bhubaneswar,Bhubaneswar,2023-04-28,Consumer,Paid Search
C006582,Riya Bose,Male,25,Bhopal,Bhopal,2023-12-04,Home Office,Social Media
C006583,Krishna Kumar,Male,18,Lucknow,Lucknow,2024-10-29,Consumer,Email
C006584,Meera Mishra,Male,49,Chennai,Chennai,2026-06-09,Consumer,Social Media
C006585,Arjun Mishra,Female,37,Indore,Indore,2023-02-01,Consumer,Referral
C006586,Varun Rao,Male,18,Delhi,Delhi,2023-04-14,Corporate,Social Media
C006587,Vikram Verma,Female,35,Chennai,Chennai,2024-04-22,Corporate,Paid Search
C006588,Meera Malhotra,Female,38,Surat,Surat,2026-01-23,Small Business,Organic Search
C006589,Meera Nair,Male,29,Coimbatore,Coimbatore,2025-07-15,Consumer,Social Media
C006590,Priya Singh,Female,35,Bhopal,Bhopal,2024-12-09,Consumer,Marketplace
C006591,Ananya Bose,Female,54,Pune,Pune,2026-03-20,Consumer,Organic Search
C006592,Vivaan Iyer,Female,21,Kolkata,Kolkata,2022-02-06,Consumer,Organic Search
C006593,Aditi Joshi,Male,25,Coimbatore,Coimbatore,2025-09-09,Corporate,Referral
C006594,Kabir Mehta,Female,39,Guwahati,Guwahati,2023-10-06,Consumer,Paid Search
C006595,Vikram Malhotra,Female,35,Coimbatore,Coimbatore,2024-11-21,Small Business,Paid Search
C006596,Sneha Yadav,Male,38,Nagpur,Nagpur,2025-02-26,Consumer,Organic Search
C006597,Kabir Patel,Female,51,Surat,Surat,2022-03-08,Corporate,Paid Search
C006598,Neha Mishra,Female,46,Mysuru,Mysuru,2024-01-13,Consumer,Social Media
C006599,Nisha Nair,Female,36,Chennai,Chennai,2025-12-27,Consumer,Social Media
C006600,Priya Gupta,Female,27,Indore,Indore,2024-04-04,Home Office,Social Media
C006601,Priya Nair,Female,64,Visakhapatnam,Visakhapatnam,2023-05-04,Corporate,Affiliate
C006602,Ishaan Shah,Male,50,Ahmedabad,Ahmedabad,2024-05-31,Corporate,Email
C006603,Meera Iyer,Female,39,Chennai,Chennai,2022-04-10,Consumer,Organic Search
C006604,Kavya Das,Male,47,Kochi,Kochi,2023-10-29,Consumer,Paid Search
C006605,Meera Mishra,Female,36,Patna,Patna,2024-03-08,Consumer,Organic Search
C006606,Vikram Rao,Male,26,Bengaluru,Bengaluru,2023-08-29,Home Office,Affiliate
C006607,Arjun Shah,Female,44,Unknown,Unknown,2024-02-29,Home Office,Paid Search
C006608,Riya Nair,Female,35,Chennai,Chennai,2024-08-17,Consumer,Paid Search
C006609,Tanya Gupta,Male,27,Kolkata,Kolkata,2024-11-02,Consumer,Affiliate
C006610,Rohan Bose,Female,19,Chandigarh,Chandigarh,2023-01-29,Consumer,Social Media
C006611,Nisha Shah,Female,38,Kochi,Kochi,2022-05-19,Small Business,Organic Search
C006612,Vikram Mishra,Male,29,Mumbai,Mumbai,2024-06-27,Consumer,Referral
C006613,Aditi Nair,Male,33,Ahmedabad,Ahmedabad,2022-03-19,Consumer,Email
C006614,Ishaan Kumar,Male,27,Indore,Indore,2023-05-07,Consumer,Organic Search
C006615,Tanya Nair,Non-Binary,27,Jaipur,Jaipur,2026-06-01,Consumer,Email
C006616,Nikhil Shah,Female,18,Delhi,Delhi,2022-01-22,Consumer,Marketplace
C006617,Vivaan Kapoor,Male,29,Guwahati,Guwahati,2026-05-21,Consumer,Social Media
C006618,Riya Yadav,Male,42,Pune,Pune,2024-01-30,Home Office,Referral
C006619,Aarav Verma,Female,38,Pune,Pune,2026-07-13,Consumer,Paid Search
C006620,Vikram Malhotra,Female,42,Chandigarh,Chandigarh,2022-07-03,Consumer,Social Media
C006621,Siddharth Sharma,Female,35,Coimbatore,Coimbatore,2025-05-25,Consumer,Organic Search
C006622,SNEHA IYER,Female,31,Bhubaneswar,Bhubaneswar,2025-12-26,Corporate,Affiliate
C006623,Karan Yadav,Female,31,Ahmedabad,Ahmedabad,2023-11-12,Corporate,Marketplace
C006624,Arjun Das,Female,26,Hyderabad,Hyderabad,2025-07-19,Home Office,Email
C006625,Nikhil Bose,Female,18,Noida,Noida,2022-08-10,Consumer,Marketplace
C006626,Karan Gupta,Male,28,Patna,Patna,2025-06-07,Home Office,Paid Search
C006627,Sanya Kapoor,Female,33,Bhopal,Bhopal,2023-09-19,Consumer,Organic Search
C006628,Manish Kumar,Female,41,Coimbatore,Coimbatore,2025-03-31,Consumer,Social Media
C006629,Neha Yadav,Male,38,Visakhapatnam,Visakhapatnam,2025-09-26,Home Office,Marketplace
C006630,Diya Reddy,Female,32,Nagpur,Nagpur,2024-09-17,Corporate,Referral
C006631,Vikram Bose,Female,25,Bhopal,Bhopal,2023-07-04,Consumer,Social Media
C006632,Ananya Kumar,Male,18,Surat,Surat,2024-05-10,Consumer,Referral
C006633,Kavya Shah,Male,30,Patna,Patna,2025-10-30,Home Office,Organic Search
C006634,Unknown,Female,18,Kolkata,Kolkata,2022-06-22,Consumer,Paid Search
C006635,Diya Mehta,Male,44,Visakhapatnam,Visakhapatnam,2024-07-15,Consumer,Marketplace
C006636,Nisha Kapoor,Female,44,Mumbai,Mumbai,2024-11-11,Consumer,Social Media
C006637,Siddharth Rao,Male,31,Kochi,Kochi,2024-05-14,Consumer,Referral
C006638,Varun Singh,Male,43,Delhi,Delhi,2023-04-27,Consumer,Organic Search
C006639,Sanya Nair,Male,27,Kochi,Kochi,2022-12-05,Consumer,Organic Search
C006640,Unknown,Female,23,Bhubaneswar,Bhubaneswar,2024-02-12,Consumer,Social Media
C006641,Manish Mishra,Male,38,Delhi,Delhi,2022-05-09,Consumer,Social Media
C006642,Meera Das,Male,38,Chennai,Chennai,2022-12-04,Home Office,Marketplace
C006643,Meera Verma,Female,33,Visakhapatnam,Visakhapatnam,2024-09-14,Home Office,Organic Search
C006644,Aarav Malhotra,Male,29,Delhi,Delhi,2025-04-09,Home Office,Affiliate
C006645,Kabir Iyer,Female,43,Hyderabad,Hyderabad,2025-08-19,Consumer,Paid Search
C006646,Tanya Shah,Female,37,Pune,Pune,2026-06-22,Corporate,Social Media
C006647,Pooja Shah,Female,38,Jaipur,Jaipur,2023-01-05,Consumer,Referral
C006648,Unknown,Male,54,Kochi,Kochi,2022-09-15,Consumer,Marketplace
C006649,Krishna Sharma,Male,33,Delhi,Delhi,2025-12-15,Consumer,Email
C006650,Ananya Kumar,Female,53,Kolkata,Kolkata,2022-06-06,Corporate,Paid Search
C006651,Ishaan Rao,Female,30,Bengaluru,Bengaluru,2023-08-16,Corporate,Referral
C006652,Vivaan Kumar,Female,30,Noida,Noida,2024-01-23,Consumer,Paid Search
C006653,Krishna Reddy,Female,29,Chandigarh,Chandigarh,2022-06-25,Consumer,Marketplace
C006654,Ananya Yadav,Male,36,Jaipur,Jaipur,2026-07-07,Consumer,Organic Search
C006655,Manish Das,Female,39,Kolkata,Kolkata,2025-07-19,Consumer,Affiliate
C006656,Tanya Joshi,Male,20,Nagpur,Nagpur,2026-07-21,Home Office,Social Media
C006657,Vivaan Shah,Female,42,Bhubaneswar,Bhubaneswar,2022-05-19,Consumer,Marketplace
C006658,Vivaan Malhotra,Female,20,Pune,Pune,2023-11-26,Consumer,Social Media
C006659,Krishna Singh,Female,29,Chennai,Chennai,2023-12-27,Corporate,Paid Search
C006660,Meera Reddy,Male,28,Guwahati,Guwahati,2022-09-27,Home Office,Social Media
C006661,Neha Iyer,Male,34,Chennai,Chennai,2024-02-01,Small Business,Paid Search
C006662,Tanya Patel,Female,34,Guwahati,Guwahati,2024-04-09,Home Office,Social Media
C006663,Nikhil Chopra,Female,34,Hyderabad,Hyderabad,2024-07-15,Consumer,Social Media
C006664,Ishaan Nair,Female,40,Bhopal,Bhopal,2026-02-18,Corporate,Paid Search
C006665,Aditi Kumar,Female,46,Bhopal,Bhopal,2022-10-31,Consumer,Referral
C006666,Aditi Nair,Male,27,Ahmedabad,Ahmedabad,2025-04-19,Home Office,Organic Search
C006667,Nikhil Rao,Female,35,Gurugram,Gurugram,2022-10-06,Corporate,Organic Search
C006668,Pooja Nair,Female,30,Delhi,Delhi,2022-11-22,Consumer,Organic Search
C006669,Varun Patel,Male,41,Kochi,Kochi,2024-02-14,Corporate,Referral
C006670,Aditi Verma,Female,33,Lucknow,Lucknow,2022-06-09,Consumer,Social Media
C006671,Priya Mishra,Female,52,Kolkata,Kolkata,2025-02-13,Corporate,Social Media
C006672,Varun Malhotra,Female,35,Pune,Pune,2025-06-13,Corporate,Social Media
C006673,Sneha Chopra,Male,24,Ahmedabad,Ahmedabad,2025-10-14,Consumer,Referral
C006674,Kabir Reddy,Non-Binary,61,Mumbai,Mumbai,2025-12-12,Small Business,Referral
C006675,Krishna Sharma,Female,32,Nagpur,Nagpur,2022-01-24,Consumer,Organic Search
C006676,Varun Iyer,Male,32,Bhubaneswar,Bhubaneswar,2024-02-29,Consumer,Social Media
C006677,Varun Singh,Male,48,Bhubaneswar,Bhubaneswar,2026-01-19,Consumer,Organic Search
C006678,Siddharth Yadav,Male,31,Kochi,Kochi,2025-07-23,Home Office,Email
C006679,Priya Malhotra,Male,31,Coimbatore,Coimbatore,2026-06-01,Home Office,Social Media
C006680,Aditya Nair,Male,30,Hyderabad,Hyderabad,2023-05-24,Consumer,Organic Search
C006681,Aditi Shah,Male,18,Indore,Indore,2025-10-08,Consumer,Paid Search
C006682,Krishna Kapoor,Male,37,Mysuru,Mysuru,2023-07-19,Consumer,Referral
C006683,Aarav Yadav,Male,20,Pune,Pune,2023-08-17,Small Business,Paid Search
C006684,Vivaan Sharma,Female,62,Chennai,Chennai,2024-03-18,Corporate,Social Media
C006685,Aarav Malhotra,Female,45,Visakhapatnam,Visakhapatnam,2025-04-08,Corporate,Referral
C006686,Neha Verma,Female,25,Kochi,Kochi,2022-03-03,Consumer,Organic Search
C006687,Reyansh Sharma,Male,33,Surat,Surat,2026-03-13,Consumer,Social Media
C006688,Arjun Kumar,Male,37,Chandigarh,Chandigarh,2022-10-31,Corporate,Affiliate
C006689,Varun Reddy,Female,56,Surat,Surat,2024-12-02,Consumer,Referral
C006690,Rohan Mehta,Female,40,Lucknow,Lucknow,2026-03-21,Consumer,Organic Search
C006691,Sanya Nair,Female,18,Pune,Pune,2024-01-23,Consumer,Paid Search
C006692,Siddharth Singh,Female,27,Pune,Pune,2023-04-30,Consumer,Organic Search
C006693,Meera Iyer,Male,19,Nagpur,Nagpur,2025-03-16,Corporate,Paid Search
C006694,Kabir Gupta,Male,26,Chennai,Chennai,2024-06-17,Corporate,Referral
C006695,Manish Nair,Female,43,Patna,Patna,2026-02-18,Consumer,Referral
C006696,Aarav Reddy,Male,54,Nagpur,Nagpur,2023-04-14,Corporate,Social Media
C006697,Reyansh Mehta,Female,23,Gurugram,Gurugram,2023-02-15,Consumer,Paid Search
C006698,Neha Mehta,Non-Binary,29,Chandigarh,Chandigarh,2026-06-16,Corporate,Organic Search
C006699,Vikram Joshi,Female,25,Patna,Patna,2023-05-13,Consumer,Paid Search
C006700,Vikram Shah,Female,30,Pune,Pune,2023-11-09,Consumer,Organic Search
C006701,Rahul Verma,Male,48,Delhi,Delhi,2022-01-29,Consumer,Email
C006702,Reyansh Verma,Male,41,Patna,Patna,2023-11-23,Corporate,Referral
C006703,Diya Mehta,Male,30,Noida,Noida,2025-03-23,Consumer,Social Media
C006704,Rohan Chopra,Female,43,Mumbai,Mumbai,2023-05-14,Consumer,Social Media
C006705,Rohan Bose,Female,35,Mysuru,Mysuru,2023-09-23,Consumer,Paid Search
C006706,Priya Kumar,Female,42,Surat,Surat,2022-05-14,Home Office,Social Media
C006707,Arjun Kumar,Non-Binary,24,Gurugram,Gurugram,2026-05-11,Consumer,Social Media
C006708,Diya Mishra,Male,23,Mysuru,Mysuru,2026-04-07,Consumer,Social Media
C006709,Manish Singh,Female,39,Guwahati,Guwahati,2024-04-25,Small Business,Organic Search
C006710,Kabir Iyer,Male,50,Bengaluru,Bengaluru,2026-04-10,Consumer,Organic Search
C006711,Reyansh Nair,Female,18,Visakhapatnam,Visakhapatnam,2022-02-16,Consumer,Affiliate
C006712,Isha Singh,Male,28,Chandigarh,Chandigarh,2023-07-02,Consumer,Organic Search
C006713,Nisha Yadav,Female,39,Mysuru,Mysuru,2025-05-11,Home Office,Marketplace
C006714,Kabir Kapoor,Female,34,Guwahati,Guwahati,2024-03-04,Home Office,Paid Search
C006715,Siddharth Shah,Male,31,Visakhapatnam,Visakhapatnam,2022-05-28,Corporate,Organic Search
C006716,Manish Rao,Male,44,Ahmedabad,Ahmedabad,2023-12-10,Consumer,Marketplace
C006717,Neha Patel,Male,54,Coimbatore,Coimbatore,2024-07-26,Consumer,Social Media
C006718,Nisha Mehta,Male,45,Chandigarh,Chandigarh,2025-12-28,Consumer,Social Media
C006719,Arjun Shah,Male,32,Visakhapatnam,Visakhapatnam,2022-08-12,Consumer,Organic Search
C006720,Ishaan Iyer,Female,35,Bhopal,Bhopal,2022-03-17,Consumer,Organic Search
C006721,Ishaan Patel,Female,18,Unknown,Unknown,2022-10-04,Consumer,Social Media
C006722,Neha Mishra,Female,26,Visakhapatnam,Visakhapatnam,2026-02-20,Consumer,Paid Search
C006723,Vikram Mehta,Male,18,Guwahati,Guwahati,2025-03-04,Consumer,Social Media
C006724,Priya Chopra,Male,36,Chennai,Chennai,2023-06-24,Small Business,Organic Search
C006725,Pooja Patel,Female,18,Mumbai,Mumbai,2022-04-26,Corporate,Referral
C006726,Reyansh Patel,Female,35,Delhi,Delhi,2023-04-21,Home Office,Paid Search
C006727,Kavya Malhotra,Male,41,Bhubaneswar,Bhubaneswar,2022-02-24,Consumer,Paid Search
C006728,Kavya Yadav,Male,18,Mysuru,Mysuru,2025-02-25,Home Office,Email
C006729,Arjun Rao,Male,33,Chandigarh,Chandigarh,2024-06-11,Home Office,Paid Search
C006730,Meera Reddy,Female,50,Patna,Patna,2022-07-24,Consumer,Marketplace
C006731,Aditya Chopra,Female,22,Delhi,Delhi,,Corporate,Paid Search
C006732,Nikhil Joshi,Female,24,Pune,Pune,2024-03-06,Consumer,Referral
C006733,Arjun Mehta,Male,37,Ahmedabad,Ahmedabad,2026-06-04,Home Office,Social Media
C006734,Sneha Kumar,Female,27,Visakhapatnam,Visakhapatnam,2024-06-09,Consumer,Organic Search
C006735,Nikhil Sharma,Female,27,Hyderabad,Hyderabad,2024-08-03,Consumer,Paid Search
C006736,Ishaan Patel,Male,25,Bhubaneswar,Bhubaneswar,2022-08-10,Small Business,Organic Search
C006737,Ishaan Yadav,Female,29,Bhubaneswar,Bhubaneswar,2024-09-01,Consumer,Social Media
C006738,Reyansh Nair,Male,24,Mumbai,Mumbai,2025-03-24,Small Business,Marketplace
C006739,Aditi Mehta,Male,39,Indore,Indore,2024-10-12,Home Office,Organic Search
C006740,Aditi Reddy,Male,29,Lucknow,Lucknow,2022-08-15,Consumer,Organic Search
C006741,Pooja Yadav,Male,45,Surat,Surat,2023-06-19,Corporate,Email
C006742,Meera Chopra,Female,40,Hyderabad,Hyderabad,2023-10-05,Consumer,Marketplace
C006743,Krishna Gupta,Male,35,Surat,Surat,2024-06-01,Consumer,Organic Search
C006744,Vivaan Das,Male,59,Mysuru,Mysuru,2022-02-08,Consumer,Social Media
C006745,Sneha Patel,Male,18,Guwahati,Guwahati,2023-03-27,Corporate,Paid Search
C006746,Isha Malhotra,Female,38,Chandigarh,Chandigarh,2023-04-26,Consumer,Organic Search
C006747,Neha Bose,Female,18,Ahmedabad,Ahmedabad,2025-01-15,Consumer,Paid Search
C006748,Manish Iyer,Female,26,Delhi,Delhi,2023-11-12,Corporate,Paid Search
C006749,Sneha Rao,Female,23,Surat,Surat,2025-11-09,Consumer,Social Media
C006750,Priya Gupta,Female,18,Surat,Surat,2025-05-13,Corporate,Unknown
C006751,Tanya Patel,Female,30,Bengaluru,Bengaluru,2025-03-11,Consumer,Organic Search
C006752,Karan Iyer,Male,35,Patna,Patna,2023-01-13,Consumer,Referral
C006753,Kabir Gupta,Male,21,Coimbatore,Coimbatore,2023-12-25,Consumer,Social Media
C006754,Aditi Joshi,Female,61,Kochi,Kochi,2026-05-22,Consumer,Organic Search
C006755,Priya Verma,Female,44,Gurugram,Gurugram,2025-09-08,Consumer,Social Media
C006756,Meera Shah,Female,36,Patna,Patna,2024-03-05,Consumer,Email
C006757,Rahul Malhotra,Female,47,Visakhapatnam,Visakhapatnam,2023-11-08,Consumer,Email
C006758,Kavya Bose,Male,41,Guwahati,Guwahati,2025-07-13,Consumer,Marketplace
C006759,Sanya Sharma,Female,45,Bhopal,Bhopal,2023-01-22,Consumer,Organic Search
C006760,Ananya Mehta,Female,59,Jaipur,Jaipur,2023-03-01,Small Business,Organic Search
C006761,Nikhil Joshi,Female,34,Bengaluru,Bengaluru,2023-02-11,Corporate,Paid Search
C006762,Nikhil Nair,Female,48,Bengaluru,Bengaluru,2022-04-30,Corporate,Paid Search
C006763,Diya Patel,Male,19,Kolkata,Kolkata,2023-02-04,Small Business,Affiliate
C006764,Manish Kumar,Female,44,Patna,Patna,2023-09-26,Corporate,Organic Search
C006765,Aditya Iyer,Male,25,Chennai,Chennai,2023-12-24,Home Office,Paid Search
C006766,Riya Das,Female,51,Visakhapatnam,Visakhapatnam,2024-07-27,Consumer,Paid Search
C006767,Nikhil Malhotra,Female,31,Coimbatore,Coimbatore,2022-04-30,Small Business,Marketplace
C006768,Aditya Rao,Female,37,Chandigarh,Chandigarh,2024-02-07,Home Office,Paid Search
C006769,Varun Mishra,Female,28,Kochi,Kochi,2025-11-16,Small Business,Social Media
C006770,Riya Reddy,Female,35,Mumbai,Mumbai,2024-12-01,Consumer,Affiliate
C006771,Sanya Yadav,Male,23,Coimbatore,Coimbatore,2023-04-06,Consumer,Social Media
C006772,Isha Shah,Male,23,Lucknow,Lucknow,2023-02-02,Corporate,Email
C006773,Vivaan Nair,Male,34,Delhi,Delhi,2024-10-30,Home Office,Paid Search
C006774,Kabir Kapoor,Female,46,Delhi,Delhi,2025-02-21,Small Business,Social Media
C006775,Kavya Iyer,Female,37,Noida,Noida,2025-09-07,Home Office,Paid Search
C006776,Nisha Joshi,Male,21,Bhopal,Bhopal,2022-01-10,Consumer,Organic Search
C006777,Reyansh Reddy,Male,51,Chandigarh,Chandigarh,2022-04-21,Consumer,Paid Search
C006778,Riya Singh,Male,18,Patna,Patna,2026-06-13,Corporate,Paid Search
C006779,Rahul Gupta,Female,30,Guwahati,Guwahati,2024-05-19,Small Business,Social Media
C006780,Rahul Iyer,Male,19,Lucknow,Lucknow,2024-02-15,Home Office,Organic Search
C006781,Neha Gupta,Male,31,Chandigarh,Chandigarh,2025-08-06,Home Office,Organic Search
C006782,Neha Verma,Male,56,Hyderabad,Hyderabad,2024-07-21,Consumer,Referral
C006783,Pooja Joshi,Male,45,Patna,Patna,2024-02-28,Home Office,Email
C006784,Vivaan Mishra,Female,38,Mumbai,Mumbai,2022-12-18,Consumer,Paid Search
C006785,Reyansh Gupta,Male,31,Surat,Surat,2023-03-03,Consumer,Social Media
C006786,Aditya Shah,Female,40,Delhi,Delhi,2023-11-18,Home Office,Paid Search
C006787,Diya Patel,Male,43,Indore,Indore,2026-04-09,Consumer,Email
C006788,Aditi Gupta,Male,21,Nagpur,Nagpur,2026-04-18,Home Office,Paid Search
C006789,Neha Singh,Female,34,Ahmedabad,Ahmedabad,2023-11-11,Corporate,Email
C006790,Reyansh Joshi,Male,39,Visakhapatnam,Visakhapatnam,2025-11-23,Small Business,Organic Search
C006791,Priya Iyer,Male,56,Kolkata,Kolkata,2025-05-24,Consumer,Organic Search
C006792,Aditi Rao,Male,24,Mysuru,Mysuru,2022-07-08,Consumer,Referral
C006793,Priya Singh,Male,42,Patna,Patna,2023-10-11,Consumer,Social Media
C006794,Aarav Bose,Female,30,Mumbai,Mumbai,2023-07-04,Consumer,Social Media
C006795,Nikhil Mishra,Female,48,Visakhapatnam,Visakhapatnam,2026-02-10,Consumer,Social Media
C006796,Sneha Singh,Female,58,Mysuru,Mysuru,2022-04-30,Consumer,Paid Search
C006797,Neha Reddy,Female,32,Patna,Patna,2023-09-17,Corporate,Paid Search
C006798,priya chopra,Female,29,Patna,Patna,2025-05-28,Consumer,Organic Search
C006799,Isha Kapoor,Female,32,Chennai,Chennai,2023-12-11,Home Office,Social Media
C006800,Reyansh Kumar,Male,37,Visakhapatnam,Visakhapatnam,2022-05-03,Consumer,Social Media
C006801,Vivaan Das,Female,50,Unknown,Unknown,2022-06-13,Consumer,Organic Search
C006802,Varun Mehta,Male,18,Bhubaneswar,Bhubaneswar,2023-03-23,Home Office,Marketplace
C006803,Neha Mehta,Female,33,Mysuru,Mysuru,,Home Office,Marketplace
C006804,Ananya Patel,Male,35,Mumbai,Mumbai,,Consumer,Organic Search
C006805,Kabir Joshi,Male,42,Hyderabad,Hyderabad,2022-11-15,Small Business,Organic Search
C006806,Neha Sharma,Female,32,Ahmedabad,Ahmedabad,2024-07-07,Consumer,Organic Search
C006807,Vivaan Kapoor,Female,45,Surat,Surat,2023-12-11,Consumer,Paid Search
C006808,Aditi Nair,Female,45,Lucknow,Lucknow,2024-06-25,Consumer,Referral
C006809,Kabir Rao,Female,35,Visakhapatnam,Visakhapatnam,2025-05-18,Home Office,Referral
C006810,Manish Das,Male,46,Lucknow,Lucknow,2023-03-01,Consumer,Organic Search
C006811,Isha Sharma,Non-Binary,23,Surat,Surat,2026-05-07,Corporate,Organic Search
C006812,Isha Yadav,Male,30,Guwahati,Guwahati,2024-07-30,Corporate,Organic Search
C006813,Sanya Singh,Female,19,Jaipur,Jaipur,2024-02-06,Corporate,Email
C006814,Manish Yadav,Female,18,Noida,Noida,2024-08-25,Home Office,Organic Search
C006815,Reyansh Malhotra,Female,26,Patna,Patna,2025-09-08,Corporate,Social Media
C006816,Aarav Gupta,Female,31,Mysuru,Mysuru,2026-04-09,Consumer,Marketplace
C006817,Rohan Rao,Male,25,Guwahati,Guwahati,2024-04-02,Corporate,Email
C006818,Sneha Sharma,Female,43,Coimbatore,Coimbatore,2025-06-28,Consumer,Email
C006819,Aditya Shah,Female,18,Pune,Pune,2025-11-12,Corporate,Marketplace
C006820,Reyansh Verma,Female,18,Ahmedabad,Ahmedabad,2023-04-21,Home Office,Marketplace
C006821,Arjun Mishra,Female,22,Mumbai,Mumbai,2023-10-05,Consumer,Paid Search
C006822,Karan Das,Female,45,Indore,Indore,2022-11-01,Consumer,Social Media
C006823,Siddharth Malhotra,Female,36,Kochi,Kochi,2022-06-22,Small Business,Organic Search
C006824,Sneha Kapoor,Female,18,Patna,Patna,2024-04-19,Consumer,Email
C006825,Nisha Iyer,Male,31,Chennai,Chennai,2024-12-18,Corporate,Paid Search
C006826,Varun Gupta,Male,23,Mumbai,Mumbai,2024-04-22,Consumer,Social Media
C006827,Nikhil Joshi,Male,50,Visakhapatnam,Visakhapatnam,2024-03-08,Consumer,Organic Search
C006828,Rohan Kumar,Female,43,Coimbatore,Coimbatore,2023-12-31,Home Office,Organic Search
C006829,Aditi Shah,Female,37,Visakhapatnam,Visakhapatnam,2024-03-12,Consumer,Email
C006830,Karan Chopra,Male,53,Mumbai,Mumbai,,Consumer,Referral
C006831,Manish Joshi,Male,45,Visakhapatnam,Visakhapatnam,2026-05-10,Consumer,Organic Search
C006832,Kabir Yadav,Female,32,Chandigarh,Chandigarh,,Consumer,Organic Search
C006833,Meera Joshi,Female,27,Visakhapatnam,Visakhapatnam,2025-08-21,Small Business,Referral
C006834,Rahul Yadav,Male,38,Coimbatore,Coimbatore,2023-01-29,Consumer,Organic Search
C006835,KAVYA SHARMA,Male,41,Gurugram,Gurugram,2022-04-01,Consumer,Social Media
C006836,Vikram Nair,Male,52,Ahmedabad,Ahmedabad,2024-08-26,Corporate,Email
C006837,Nikhil Mishra,Female,41,Kolkata,Kolkata,2024-10-06,Consumer,Social Media
C006838,Neha Gupta,Female,58,Chennai,Chennai,2024-12-25,Consumer,Marketplace
C006839,Manish Das,Male,25,Chandigarh,Chandigarh,2022-12-03,Consumer,Affiliate
C006840,Diya Iyer,Female,48,Bhopal,Bhopal,2022-07-09,Consumer,Organic Search
C006841,Ananya Shah,Male,37,Coimbatore,Coimbatore,2022-09-05,Consumer,Organic Search
C006842,Rohan Chopra,Male,18,Visakhapatnam,Visakhapatnam,2022-12-14,Consumer,Marketplace
C006843,Nikhil Reddy,Male,27,Visakhapatnam,Visakhapatnam,2023-10-03,Home Office,Paid Search
C006844,Sneha Bose,Female,40,Jaipur,Jaipur,2025-04-01,Corporate,Email
C006845,Riya Kumar,Male,32,Indore,Indore,2024-01-22,Home Office,Organic Search
C006846,Rahul Iyer,Female,28,Patna,Patna,2025-03-14,Consumer,Referral
C006847,Ishaan Kumar,Female,27,Hyderabad,Hyderabad,2022-08-09,Corporate,Organic Search
C006848,Pooja Kapoor,Non-Binary,44,Patna,Patna,2024-09-16,Consumer,Organic Search
C006849,Pooja Bose,Female,31,Kolkata,Kolkata,2024-02-26,Consumer,Paid Search
C006850,Diya Rao,Female,42,Patna,Patna,2022-11-27,Consumer,Referral
C006851,Rohan Nair,Female,34,Bhopal,Bhopal,2023-10-16,Small Business,Unknown
C006852,Reyansh Iyer,Male,32,Bhubaneswar,Bhubaneswar,2025-03-29,Consumer,Organic Search
C006853,Rohan Reddy,Female,46,Guwahati,Guwahati,2022-02-09,Consumer,Affiliate
C006854,Krishna Singh,Male,27,Nagpur,Nagpur,2022-11-20,Consumer,Paid Search
C006855,Kabir Kumar,Female,31,Gurugram,Gurugram,2023-01-24,Consumer,Organic Search
C006856,Nikhil Chopra,Male,43,Jaipur,Jaipur,2023-02-11,Small Business,Paid Search
C006857,Rahul Malhotra,Male,51,Mumbai,Mumbai,2026-01-15,Consumer,Referral
C006858,Ananya Chopra,Male,18,Lucknow,Lucknow,2024-12-12,Corporate,Marketplace
C006859,Sneha Mehta,Male,38,Mumbai,Mumbai,2022-08-24,Corporate,Organic Search
C006860,Riya Mehta,Female,27,Pune,Pune,2024-10-15,Corporate,Social Media
C006861,Meera Bose,Female,29,Gurugram,Gurugram,2023-03-12,Consumer,Social Media
C006862,Aarav Verma,Female,18,Pune,Pune,2025-10-04,Consumer,Marketplace
C006863,Varun Chopra,Female,31,Visakhapatnam,Visakhapatnam,2024-02-23,Consumer,Marketplace
C006864,Arjun Nair,Female,47,Patna,Patna,2022-08-20,Consumer,Email
C006865,ananya shah,Male,47,Kochi,Kochi,2026-05-18,Consumer,Organic Search
C006866,Meera Malhotra,Female,46,Kochi,Kochi,2024-10-24,Home Office,Organic Search
C006867,Nikhil Yadav,Female,36,Kolkata,Kolkata,2025-10-22,Consumer,Organic Search
C006868,Pooja Mishra,Female,37,Visakhapatnam,Visakhapatnam,2025-04-30,Consumer,Email
C006869,Aditya Mehta,Female,40,Surat,Surat,2023-08-10,Consumer,Organic Search
C006870,Pooja Kapoor,Male,60,Gurugram,Gurugram,2023-06-24,Corporate,Organic Search
C006871,Karan Kumar,Female,35,Coimbatore,Coimbatore,2022-09-10,Consumer,Marketplace
C006872,Neha Reddy,Female,40,Gurugram,Gurugram,2022-11-20,Consumer,Social Media
C006873,Vikram Nair,Female,29,Bengaluru,Bengaluru,2025-04-12,Small Business,Paid Search
C006874,Meera Kumar,Male,34,Hyderabad,Hyderabad,2022-08-29,Consumer,Paid Search
C006875,Sanya Verma,Female,40,Bengaluru,Bengaluru,2024-01-17,Consumer,Paid Search
C006876,Aarav Nair,Female,18,Chennai,Chennai,2026-01-17,Home Office,Organic Search
C006877,Kabir Bose,Male,29,Bhopal,Bhopal,2024-12-22,Consumer,Marketplace
C006878,Riya Mishra,Non-Binary,18,Patna,Patna,2024-05-03,Corporate,Referral
C006879,Aditi Sharma,Female,45,Visakhapatnam,Visakhapatnam,2022-08-19,Consumer,Organic Search
C006880,Arjun Nair,Male,41,Kochi,Kochi,2024-01-13,Consumer,Affiliate
C006881,Vikram Singh,Female,42,Pune,Pune,2024-09-01,Small Business,Referral
C006882,Ishaan Gupta,Female,18,Pune,Pune,2026-07-20,Consumer,Marketplace
C006883,Nikhil Singh,Female,35,Pune,Pune,2024-09-19,Corporate,Affiliate
C006884,Priya Iyer,Female,40,Chandigarh,Chandigarh,2023-05-02,Small Business,Paid Search
C006885,Aarav Chopra,Female,35,Lucknow,Lucknow,2025-04-27,Consumer,Email
C006886,Vikram Rao,Male,34,Gurugram,Gurugram,2024-10-09,Consumer,Paid Search
C006887,Ananya Malhotra,Male,21,Hyderabad,Hyderabad,2024-08-15,Small Business,Organic Search
C006888,Nikhil Patel,Female,23,Hyderabad,Hyderabad,2022-09-13,Corporate,Paid Search
C006889,Vivaan Nair,Female,28,Surat,Surat,2024-08-18,Consumer,Paid Search
C006890,Siddharth Rao,Male,37,Mumbai,Mumbai,2024-04-24,Small Business,Affiliate
C006891,Varun Chopra,Male,48,Pune,Pune,2023-05-26,Small Business,Organic Search
C006892,Tanya Mehta,Male,31,Bhopal,Bhopal,2026-03-29,Consumer,Email
C006893,Riya Das,Male,49,Pune,Pune,2024-07-04,Home Office,Organic Search
C006894,Krishna Kumar,Female,34,Surat,Surat,2025-04-25,Consumer,Organic Search
C006895,Aditya Reddy,Female,46,Kolkata,Kolkata,2022-02-03,Consumer,Marketplace
C006896,Meera Kumar,Male,38,Jaipur,Jaipur,2024-12-24,Corporate,Organic Search
C006897,Diya Singh,Female,39,Surat,Surat,2022-12-04,Consumer,Social Media
C006898,Pooja Kapoor,Female,30,Mysuru,Mysuru,2023-08-16,Consumer,Marketplace
C006899,Kabir Mishra,Female,33,Pune,Pune,2025-02-21,Consumer,Referral
C006900,Karan Nair,Male,18,Bhopal,Bhopal,2023-08-31,Home Office,Social Media
C006901,Rahul Verma,Non-Binary,33,Indore,Indore,2023-09-02,Home Office,Paid Search
C006902,Vikram Joshi,Male,41,Bhopal,Bhopal,2025-01-22,Corporate,Paid Search
C006903,Krishna Das,Male,22,Patna,Patna,2026-03-14,Consumer,Email
C006904,Ananya Singh,Female,30,Gurugram,Gurugram,2025-12-14,Corporate,Marketplace
C006905,Aditya Bose,Female,52,Mysuru,Mysuru,2026-05-25,Consumer,Paid Search
C006906,Aditi Iyer,Female,26,Ahmedabad,Ahmedabad,2026-07-09,Consumer,Paid Search
C006907,Priya Mishra,Male,23,Pune,Pune,2022-01-22,Consumer,Social Media
C006908,Pooja Das,Female,18,Indore,Indore,2026-03-01,Small Business,Paid Search
C006909,Tanya Yadav,Female,43,Surat,Surat,2026-07-26,Home Office,Social Media
C006910,Neha Yadav,Male,44,Coimbatore,Coimbatore,2022-09-03,Consumer,Marketplace
C006911,Nisha Joshi,Female,18,Chennai,Chennai,2024-04-29,Consumer,Social Media
C006912,Siddharth Gupta,Male,24,Mysuru,Mysuru,2026-02-16,Consumer,Organic Search
C006913,Aarav Joshi,Male,34,Coimbatore,Coimbatore,2022-07-14,Home Office,Marketplace
C006914,Aditya Shah,Female,40,Coimbatore,Coimbatore,2022-08-24,Consumer,Affiliate
C006915,Riya Sharma,Male,31,Jaipur,Jaipur,2024-11-02,Consumer,Paid Search
C006916,Nikhil Bose,Female,56,Coimbatore,Coimbatore,2025-06-16,Consumer,Organic Search
C006917,Kavya Verma,Female,38,Bhopal,Bhopal,2024-09-12,Home Office,Marketplace
C006918,Kavya Mishra,Male,34,Mumbai,Mumbai,2023-12-10,Consumer,Organic Search
C006919,Arjun Mehta,Male,31,Gurugram,Gurugram,2024-04-04,Corporate,Marketplace
C006920,Ishaan Mishra,Female,25,Kochi,Kochi,2024-12-24,Consumer,Social Media
C006921,Krishna Reddy,Female,25,Patna,Patna,2025-02-23,Corporate,Social Media
C006922,Siddharth Nair,Female,18,Hyderabad,Hyderabad,2025-04-20,Consumer,Marketplace
C006923,Manish Singh,Male,29,Nagpur,Nagpur,2025-12-17,Consumer,Social Media
C006924,Nisha Joshi,Female,25,Chandigarh,Chandigarh,2024-07-09,Consumer,Affiliate
C006925,Aditya Reddy,Female,21,Mumbai,Mumbai,2022-07-27,Consumer,Paid Search
C006926,Manish Mishra,Male,47,Pune,Pune,2022-09-12,Consumer,Paid Search
C006927,Nisha Iyer,Male,26,Bhopal,Bhopal,2024-02-16,Small Business,Social Media
C006928,Meera Singh,Male,29,Guwahati,Guwahati,2024-10-18,Consumer,Marketplace
C006929,Kabir Chopra,Male,26,Bhopal,Bhopal,2026-03-27,Corporate,Paid Search
C006930,Manish Chopra,Male,24,Bhopal,Bhopal,2023-05-11,Small Business,Organic Search
C006931,Vivaan Shah,Male,39,Bengaluru,Bengaluru,2023-05-04,Corporate,Referral
C006932,Arjun Yadav,Female,40,Lucknow,Lucknow,2022-03-24,Corporate,Paid Search
C006933,Diya Reddy,Female,27,Guwahati,Guwahati,2025-09-12,Small Business,Organic Search
C006934,Meera Shah,Female,57,Indore,Indore,2025-04-16,Consumer,Social Media
C006935,Sneha Singh,Female,26,Visakhapatnam,Visakhapatnam,2023-12-23,Consumer,Email
C006936,Kavya Kapoor,Female,29,Visakhapatnam,Visakhapatnam,2022-07-14,Consumer,Referral
C006937,Rohan Mehta,Female,32,Hyderabad,Hyderabad,2022-03-13,Consumer,Organic Search
C006938,Tanya Mishra,Female,37,Lucknow,Lucknow,2022-07-27,Consumer,Referral
C006939,Kavya Kapoor,Male,43,Mumbai,Mumbai,2025-07-30,Consumer,Social Media
C006940,Diya Bose,Male,40,Gurugram,Gurugram,2025-10-30,Consumer,Affiliate
C006941,Varun Kumar,Female,38,Gurugram,Gurugram,2025-03-15,Home Office,Affiliate
C006942,Siddharth Kapoor,Female,45,Delhi,Delhi,2023-09-21,Small Business,Organic Search
C006943,Isha Mehta,Female,41,Kolkata,Kolkata,2022-01-19,Consumer,Organic Search
C006944,Krishna Gupta,Female,25,Ahmedabad,Ahmedabad,2022-06-08,Home Office,Organic Search
C006945,Kavya Yadav,Female,25,Indore,Indore,2024-11-12,Consumer,Organic Search
C006946,Meera Verma,Female,37,Noida,Noida,2026-02-14,Small Business,Paid Search
C006947,Aditi Rao,Female,37,Jaipur,Jaipur,2024-12-25,Corporate,Email
C006948,Diya Sharma,Male,45,Chandigarh,Chandigarh,2026-05-20,Consumer,Marketplace
C006949,Aarav Shah,Female,43,Mysuru,Mysuru,2023-02-16,Consumer,Referral
C006950,Aditi Nair,Male,39,Bhubaneswar,Bhubaneswar,2024-02-20,Corporate,Organic Search
C006951,Aditya Malhotra,Female,23,Nagpur,Nagpur,2023-09-30,Consumer,Email
C006952,Arjun Yadav,Female,48,Nagpur,Nagpur,2022-07-19,Consumer,Organic Search
C006953,Rahul Verma,Female,42,Mumbai,Mumbai,2024-12-12,Consumer,Social Media
C006954,Krishna Bose,Male,18,Mysuru,Mysuru,2024-03-02,Consumer,Social Media
C006955,Karan Verma,Female,38,Mumbai,Mumbai,2024-04-26,Consumer,Paid Search
C006956,Isha Kapoor,Female,30,Kochi,Kochi,2023-06-23,Home Office,Paid Search
C006957,Ishaan Sharma,Female,29,Bhopal,Bhopal,2024-03-08,Consumer,Organic Search
C006958,Siddharth Chopra,Male,36,Delhi,Delhi,2023-08-27,Home Office,Marketplace
C006959,Neha Mishra,Female,35,Bengaluru,Bengaluru,2022-06-18,Corporate,Organic Search
C006960,Varun Rao,Male,32,Noida,Noida,2022-02-05,Consumer,Organic Search
C006961,Pooja Reddy,Male,34,Chennai,Chennai,2022-04-23,Consumer,Social Media
C006962,Diya Rao,Female,18,Pune,Pune,2023-01-10,Consumer,Organic Search
C006963,Aditya Joshi,Non-Binary,29,Surat,Surat,2022-06-10,Consumer,Referral
C006964,Meera Mehta,Female,38,Mysuru,Mysuru,2022-06-01,Small Business,Referral
C006965,Aditi Nair,Female,32,Pune,Pune,2023-04-13,Consumer,Affiliate
C006966,Isha Mehta,Female,18,Surat,Surat,2024-10-12,Consumer,Organic Search
C006967,Rahul Reddy,Male,41,Visakhapatnam,Visakhapatnam,2022-07-22,Corporate,Referral
C006968,Rohan Joshi,Female,28,Surat,Surat,2023-10-28,Consumer,Organic Search
C006969,Meera Reddy,Male,49,Ahmedabad,Ahmedabad,2025-07-28,Consumer,Referral
C006970,Aditi Singh,Male,34,Lucknow,Lucknow,2026-01-16,Consumer,Organic Search
C006971,Isha Shah,Male,33,Bengaluru,Bengaluru,2023-08-16,Consumer,Social Media
C006972,Nisha Sharma,Female,30,Indore,Indore,2023-08-09,Consumer,Marketplace
C006973,Reyansh Kapoor,Male,36,Lucknow,Lucknow,2022-11-23,Home Office,Social Media
C006974,Tanya Gupta,Female,23,Indore,Indore,2022-06-19,Consumer,Organic Search
C006975,Reyansh Mehta,Female,30,Pune,Pune,2022-11-16,Corporate,Referral
C006976,Meera Sharma,Male,18,Kolkata,Kolkata,2025-12-04,Consumer,Paid Search
C006977,Rahul Mehta,Male,31,Surat,Surat,2024-05-21,Consumer,Organic Search
C006978,Priya Nair,Male,44,Patna,Patna,2022-10-21,Consumer,Organic Search
C006979,Vivaan Joshi,Female,34,Ahmedabad,Ahmedabad,2026-03-03,Consumer,Paid Search
C006980,Riya Yadav,Female,27,Hyderabad,Hyderabad,2023-04-01,Consumer,Paid Search
C006981,Kavya Yadav,Male,35,Pune,Pune,2024-02-07,Consumer,Social Media
C006982,Neha Kumar,Female,24,Pune,Pune,2023-05-02,Consumer,Email
C006983,Karan Shah,Male,49,Bhubaneswar,Bhubaneswar,2026-04-19,Consumer,Social Media
C006984,Pooja Iyer,Male,33,Gurugram,Gurugram,2024-12-02,Corporate,Referral
C006985,Varun Joshi,Female,31,Ahmedabad,Ahmedabad,2022-09-24,Home Office,Social Media
C006986,Priya Chopra,Female,23,Coimbatore,Coimbatore,2024-02-27,Corporate,Affiliate
C006987,Pooja Kapoor,Male,34,Delhi,Delhi,2023-10-21,Consumer,Referral
C006988,Rohan Kumar,Female,45,Patna,Patna,2022-10-27,Consumer,Organic Search
C006989,Vikram Verma,Male,40,Mumbai,Mumbai,2024-12-01,Consumer,Social Media
C006990,Varun Singh,Female,27,Mysuru,Mysuru,2022-08-13,Corporate,Organic Search
C006991,Diya Bose,Female,41,Bhubaneswar,Bhubaneswar,2024-02-28,Consumer,Organic Search
C006992,Nikhil Singh,Male,52,Pune,Pune,2025-12-18,Consumer,Email
C006993,Riya Gupta,Male,22,Visakhapatnam,Visakhapatnam,2024-03-16,Consumer,Paid Search
C006994,Nisha Singh,Female,29,Guwahati,Guwahati,2024-10-01,Consumer,Referral
C006995,Sanya Shah,Male,34,Noida,Noida,2022-08-20,Home Office,Paid Search
C006996,Rohan Sharma,Female,27,Mysuru,Mysuru,2025-10-11,Consumer,Paid Search
C006997,Vikram Verma,Female,52,Noida,Noida,2025-01-15,Corporate,Paid Search
C006998,Aditya Singh,Female,38,Chennai,Chennai,2025-01-31,Consumer,Referral
C006999,Nikhil Singh,Female,43,Gurugram,Gurugram,2025-10-20,Home Office,Paid Search
C007000,Kavya Sharma,Male,43,Hyderabad,Hyderabad,2026-04-04,Small Business,Paid Search
C007001,Vikram Shah,Male,36,Nagpur,Nagpur,2024-12-01,Consumer,Unknown
C007002,Vikram Kapoor,Male,29,Gurugram,Gurugram,2025-09-23,Consumer,Paid Search
C007003,Varun Reddy,Female,30,Bhubaneswar,Bhubaneswar,2026-03-27,Consumer,Referral
C007004,Siddharth Yadav,Male,18,Noida,Noida,2024-01-12,Consumer,Paid Search
C007005,Sanya Mehta,Non-Binary,34,Mumbai,Mumbai,2026-05-28,Corporate,Social Media
C007006,Reyansh Gupta,Female,31,Patna,Patna,2025-10-04,Consumer,Paid Search
C007007,Arjun Verma,Female,44,Chennai,Chennai,2022-05-27,Consumer,Organic Search
C007008,Neha Reddy,Male,37,Nagpur,Nagpur,2024-08-28,Consumer,Unknown
C007009,Karan Gupta,Female,35,Hyderabad,Hyderabad,2022-12-23,Consumer,Email
C007010,Riya Iyer,Female,30,Visakhapatnam,Visakhapatnam,2022-08-07,Consumer,Organic Search
C007011,Rohan Kapoor,Male,26,Chandigarh,Chandigarh,2023-09-02,Consumer,Social Media
C007012,Riya Nair,Male,31,Indore,Indore,2022-07-14,Consumer,Paid Search
C007013,Arjun Mehta,Male,32,Chandigarh,Chandigarh,2023-10-06,Consumer,Referral
C007014,Aditya Joshi,Male,60,Ahmedabad,Ahmedabad,2022-11-02,Unknown,Marketplace
C007015,Aditi Mishra,Female,35,Chandigarh,Chandigarh,2026-04-01,Consumer,Paid Search
C007016,Sneha Verma,Male,28,Pune,Pune,2023-09-01,Small Business,Referral
C007017,Isha Kumar,Female,18,Kolkata,Kolkata,2022-04-01,Corporate,Organic Search
C007018,Rahul Shah,Male,21,Chennai,Chennai,2025-02-03,Consumer,Referral
C007019,Neha Singh,Female,26,Kochi,Kochi,2022-12-05,Consumer,Email
C007020,Sanya Mehta,Male,23,Noida,Noida,2023-02-08,Consumer,Social Media
C007021,Neha Shah,Male,18,Jaipur,Jaipur,2024-04-22,Consumer,Organic Search
C007022,Aditya Mishra,Male,30,Lucknow,Lucknow,2025-12-18,Small Business,Organic Search
C007023,Nikhil Bose,Male,34,Bhubaneswar,Bhubaneswar,2025-11-12,Small Business,Email
C007024,Nikhil Gupta,Male,70,Ahmedabad,Ahmedabad,2026-04-18,Corporate,Paid Search
C007025,Diya Kapoor,Female,36,Noida,Noida,2024-12-09,Corporate,Paid Search
C007026,Ishaan Nair,Female,31,Bhopal,Bhopal,2024-08-01,Consumer,Affiliate
C007027,Sneha Kumar,Male,42,Kochi,Kochi,2026-01-27,Consumer,Marketplace
C007028,Rohan Iyer,Male,22,Noida,Noida,2022-10-01,Consumer,Marketplace
C007029,Isha Rao,Female,37,Surat,Surat,2025-12-01,Consumer,Marketplace
C007030,Arjun Malhotra,Female,38,Surat,Surat,2023-12-08,Consumer,Social Media
C007031,Rohan Rao,Female,61,Bhopal,Bhopal,2025-05-17,Small Business,Social Media
C007032,Nisha Singh,Male,23,Nagpur,Nagpur,2024-07-15,Consumer,Paid Search
C007033,Aditya Mehta,Female,21,Patna,Patna,2022-03-23,Consumer,Referral
C007034,Rahul Kumar,Female,50,Delhi,Delhi,2023-08-15,Consumer,Paid Search
C007035,Pooja Chopra,Female,41,Chennai,Chennai,2025-10-16,Consumer,Affiliate
C007036,Vikram Shah,Female,34,Pune,Pune,2026-01-09,Consumer,Email
C007037,Aditya Gupta,Female,37,Bengaluru,Bengaluru,2023-05-11,Corporate,Social Media
C007038,Rahul Singh,Male,20,Mysuru,Mysuru,2023-01-06,Consumer,Organic Search
C007039,Aditya Yadav,Female,34,Nagpur,Nagpur,2026-03-08,Home Office,Marketplace
C007040,Sneha Rao,Female,18,Chennai,Chennai,2022-05-21,Small Business,Email
C007041,Krishna Malhotra,Male,41,Delhi,Delhi,2023-12-09,Consumer,Social Media
C007042,Sanya Iyer,Male,37,Indore,Indore,2024-12-29,Corporate,Paid Search
C007043,Nisha Mehta,Female,42,Nagpur,Nagpur,2026-03-14,Corporate,Affiliate
C007044,Manish Rao,Female,35,Bhubaneswar,Bhubaneswar,2022-11-04,Consumer,Marketplace
C007045,Neha Shah,Male,36,Coimbatore,Coimbatore,2023-04-22,Home Office,Organic Search
C007046,Sanya Iyer,Female,57,Chennai,Chennai,2022-06-21,Consumer,Referral
C007047,Rahul Verma,Male,38,Patna,Patna,2022-08-01,Consumer,Affiliate
C007048,Rahul Malhotra,Female,53,Hyderabad,Hyderabad,2022-02-28,Consumer,Affiliate
C007049,Arjun Das,Female,63,Mumbai,Mumbai,2025-05-22,Consumer,Organic Search
C007050,Manish Mehta,Male,22,Bengaluru,Bengaluru,2025-11-11,Small Business,Paid Search
C007051,Diya Das,Female,29,Nagpur,Nagpur,2023-03-04,Home Office,Referral
C007052,Rohan Verma,Female,37,Mysuru,Mysuru,2024-03-11,Consumer,Referral
C007053,Arjun Malhotra,Female,18,Delhi,Delhi,2022-12-26,Consumer,Paid Search
C007054,Diya Yadav,Female,36,Kochi,Kochi,2022-01-22,Consumer,Referral
C007055,Pooja Shah,Female,42,Coimbatore,Coimbatore,2026-05-31,Small Business,Paid Search
C007056,Aarav Rao,Non-Binary,38,Kochi,Kochi,2025-09-16,Consumer,Paid Search
C007057,Ishaan Malhotra,Male,55,Patna,Patna,2022-05-11,Corporate,Organic Search
C007058,Ishaan Verma,Male,37,Bengaluru,Bengaluru,2024-09-29,Small Business,Organic Search
C007059,Nisha Malhotra,Non-Binary,43,Coimbatore,Coimbatore,2024-12-15,Corporate,Email
C007060,Isha Reddy,Female,26,Kolkata,Kolkata,2023-10-21,Corporate,Organic Search
C007061,Sanya Sharma,Male,33,Visakhapatnam,Visakhapatnam,2024-05-10,Consumer,Social Media
C007062,Isha Gupta,Female,24,Nagpur,Nagpur,2023-02-12,Home Office,Unknown
C007063,Pooja Malhotra,Male,33,Jaipur,Jaipur,2025-11-20,Consumer,Social Media
C007064,Arjun Sharma,Female,43,Gurugram,Gurugram,2023-12-19,Home Office,Marketplace
C007065,Kavya Sharma,Male,18,Bhubaneswar,Bhubaneswar,2023-01-08,Corporate,Organic Search
C007066,Diya Bose,Male,25,Chennai,Chennai,2023-08-23,Consumer,Email
C007067,Kavya Mishra,Female,52,Patna,Patna,2026-06-15,Consumer,Paid Search
C007068,Rohan Gupta,Female,24,Bengaluru,Bengaluru,2023-03-12,Consumer,Social Media
C007069,Neha Rao,Female,35,Coimbatore,Coimbatore,2024-08-02,Home Office,Social Media
C007070,Arjun Malhotra,Male,45,Bengaluru,Bengaluru,2025-05-17,Consumer,Affiliate
C007071,Vikram Patel,Male,40,Chandigarh,Chandigarh,2024-05-16,Consumer,Referral
C007072,Kavya Das,Female,40,Kochi,Kochi,2025-11-19,Consumer,Social Media
C007073,Karan Mishra,Male,42,Bhopal,Bhopal,,Home Office,Organic Search
C007074,Karan Mehta,Female,35,Ahmedabad,Ahmedabad,2023-08-23,Consumer,Referral
C007075,Nisha Verma,Male,34,Indore,Indore,2025-12-04,Consumer,Email
C007076,Siddharth Reddy,Male,39,Ahmedabad,Ahmedabad,2022-05-02,Small Business,Referral
C007077,Ishaan Patel,Male,24,Coimbatore,Coimbatore,2025-12-13,Corporate,Referral
C007078,Reyansh Bose,Female,33,Gurugram,Gurugram,2022-05-28,Consumer,Social Media
C007079,Aarav Patel,Female,18,Surat,Surat,2024-07-29,Small Business,Paid Search
C007080,Nisha Das,Female,49,Chennai,Chennai,2022-01-06,Consumer,Marketplace
C007081,Diya Mehta,Female,24,Chennai,Chennai,2024-09-30,Consumer,Paid Search
C007082,Neha Sharma,Female,41,Kolkata,Kolkata,2025-09-03,Consumer,Paid Search
C007083,Riya Nair,Male,38,Chandigarh,Chandigarh,2026-04-06,Consumer,Affiliate
C007084,Rohan Yadav,Male,29,Visakhapatnam,Visakhapatnam,2023-08-18,Small Business,Paid Search
C007085,Meera Kumar,Female,34,Pune,Pune,2026-04-08,Consumer,Paid Search
C007086,Priya Reddy,Male,42,Nagpur,Nagpur,2024-09-03,Consumer,Social Media
C007087,Rohan Joshi,Female,39,Delhi,Delhi,2024-04-01,Home Office,Paid Search
C007088,Aditya Reddy,Male,36,Kochi,Kochi,2022-11-14,Consumer,Organic Search
C007089,Nisha Iyer,Male,28,Pune,Pune,2026-06-20,Small Business,Organic Search
C007090,Ananya Singh,Female,34,Pune,Pune,2023-12-31,Consumer,Referral
C007091,Aarav Rao,Male,24,Chandigarh,Chandigarh,2023-08-18,Home Office,Organic Search
C007092,Priya Rao,Male,30,Chennai,Chennai,2024-08-21,Small Business,Paid Search
C007093,Aditya Gupta,Male,36,Kochi,Kochi,2022-03-15,Small Business,Affiliate
C007094,Tanya Iyer,Male,42,Pune,Pune,2025-03-23,Consumer,Social Media
C007095,Sneha Iyer,Female,32,Noida,Noida,2023-03-16,Home Office,Referral
C007096,Kabir Malhotra,Male,39,Bengaluru,Bengaluru,2022-01-17,Consumer,Social Media
C007097,Kabir Mehta,Female,37,Chandigarh,Chandigarh,2022-11-30,Consumer,Email
C007098,Aditi Iyer,Female,19,Hyderabad,Hyderabad,2023-11-07,Consumer,Marketplace
C007099,Siddharth Reddy,Female,26,Mysuru,Mysuru,2023-05-26,Consumer,Social Media
C007100,Varun Patel,Female,37,Mumbai,Mumbai,2026-07-06,Home Office,Marketplace
C007101,Kavya Bose,Female,38,Bengaluru,Bengaluru,2024-12-10,Corporate,Email
C007102,Priya Nair,Male,18,Mysuru,Mysuru,2024-09-11,Consumer,Marketplace
C007103,Tanya Singh,Female,39,Pune,Pune,2026-06-21,Consumer,Email
C007104,Nikhil Malhotra,Male,31,Patna,Patna,2023-01-10,Home Office,Paid Search
C007105,Vikram Shah,Male,32,Patna,Patna,2024-04-28,Consumer,Paid Search
C007106,Manish Joshi,Female,27,Lucknow,Lucknow,2026-06-23,Corporate,Paid Search
C007107,Tanya Das,Male,34,Gurugram,Gurugram,2023-09-15,Consumer,Organic Search
C007108,Vivaan Mehta,Male,30,Surat,Surat,2024-12-27,Consumer,Affiliate
C007109,Priya Mishra,Male,52,Noida,Noida,2024-05-02,Consumer,Social Media
C007110,Kavya Yadav,Male,44,Chandigarh,Chandigarh,2026-03-02,Consumer,Marketplace
C007111,Aditya Singh,Female,42,Noida,Noida,2022-04-08,Consumer,Paid Search
C007112,Ishaan Singh,Female,22,Noida,Noida,2023-08-25,Consumer,Email
C007113,Sanya Patel,Male,18,Kolkata,Kolkata,2025-05-06,Consumer,Marketplace
C007114,Nisha Rao,Female,27,Gurugram,Gurugram,2023-11-11,Home Office,Organic Search
C007115,Reyansh Reddy,Male,18,Coimbatore,Coimbatore,2025-11-19,Consumer,Organic Search
C007116,arjun rao,Female,56,Gurugram,Gurugram,2023-04-24,Consumer,Referral
C007117,Ishaan Sharma,Female,47,Delhi,Delhi,2023-08-19,Consumer,Organic Search
C007118,Varun Verma,Male,28,Coimbatore,Coimbatore,2025-10-14,Consumer,Social Media
C007119,Priya Sharma,Female,18,Kolkata,Kolkata,2022-01-08,Corporate,Affiliate
C007120,Meera Shah,Female,18,Hyderabad,Hyderabad,2023-07-05,Corporate,Referral
C007121,Isha Joshi,Female,46,Visakhapatnam,Visakhapatnam,2024-12-15,Consumer,Social Media
C007122,Manish Sharma,Female,26,Surat,Surat,2022-08-21,Home Office,Social Media
C007123,Ananya Mishra,Female,49,Patna,Patna,2023-10-26,Consumer,Paid Search
C007124,Siddharth Das,Female,49,Pune,Pune,2025-10-26,Small Business,Social Media
C007125,Sanya Yadav,Female,57,Gurugram,Gurugram,2023-04-20,Corporate,Social Media
C007126,Nisha Mishra,Non-Binary,46,Lucknow,Lucknow,2022-03-12,Consumer,Email
C007127,Priya Nair,Female,19,Hyderabad,Hyderabad,2022-09-01,Consumer,Affiliate
C007128,Rohan Chopra,Female,50,Chandigarh,Chandigarh,2026-04-14,Consumer,Organic Search
C007129,Krishna Gupta,Female,33,Pune,Pune,2022-03-26,Consumer,Email
C007130,Kavya Kapoor,Female,50,Chandigarh,Chandigarh,2023-11-19,Corporate,Email
C007131,Sneha Rao,Male,39,Hyderabad,Hyderabad,2022-11-12,Consumer,Paid Search
C007132,Vikram Malhotra,Male,18,Lucknow,Lucknow,2026-07-23,Home Office,Social Media
C007133,Tanya Joshi,Female,34,Hyderabad,Hyderabad,2025-12-04,Consumer,Referral
C007134,Vikram Nair,Male,51,Mysuru,Mysuru,2024-12-04,Consumer,Paid Search
C007135,Meera Iyer,Male,41,Surat,Surat,2023-08-28,Consumer,Referral
C007136,Arjun Das,Male,43,Noida,Noida,2023-10-23,Consumer,Referral
C007137,Kavya Joshi,Female,24,Jaipur,Jaipur,2023-07-06,Consumer,Paid Search
C007138,Arjun Shah,Female,47,Patna,Patna,2024-07-10,Small Business,Paid Search
C007139,Nikhil Joshi,Male,25,Chennai,Chennai,2024-04-30,Consumer,Email
C007140,Ishaan Yadav,Male,26,Mysuru,Mysuru,,Consumer,Social Media
C007141,Sanya Shah,Male,29,Gurugram,Gurugram,2024-07-15,Consumer,Paid Search
C007142,Reyansh Bose,Male,27,Bengaluru,Bengaluru,2024-08-05,Corporate,Paid Search
C007143,Unknown,Female,24,Visakhapatnam,Visakhapatnam,2026-02-24,Corporate,Organic Search
C007144,Isha Malhotra,Male,35,Kolkata,Kolkata,2022-01-01,Consumer,Organic Search
C007145,Diya Patel,Female,18,Chennai,Chennai,2025-11-01,Consumer,Social Media
C007146,Reyansh Das,Female,51,Indore,Indore,2026-02-06,Home Office,Paid Search
C007147,Tanya Kumar,Female,21,Bengaluru,Bengaluru,2023-07-08,Small Business,Marketplace
C007148,Vivaan Singh,Female,25,Noida,Noida,2026-04-04,Consumer,Affiliate
C007149,Kabir Shah,Non-Binary,46,Bhubaneswar,Bhubaneswar,2025-01-21,Consumer,Referral
C007150,Rahul Mishra,Female,61,Pune,Pune,2022-07-24,Corporate,Social Media
C007151,Priya Mishra,Non-Binary,29,Pune,Pune,2026-06-06,Corporate,Referral
C007152,Vivaan Patel,Male,38,Kochi,Kochi,2022-06-02,Home Office,Referral
C007153,Aditya Shah,Male,22,Kolkata,Kolkata,,Consumer,Email
C007154,Pooja Rao,Female,32,Indore,Indore,2026-01-13,Consumer,Organic Search
C007155,Sneha Shah,Male,62,Jaipur,Jaipur,2023-11-26,Home Office,Paid Search
C007156,Nisha Patel,Female,36,Mumbai,Mumbai,2023-07-05,Consumer,Organic Search
C007157,Nisha Das,Male,32,Indore,Indore,2024-05-29,Corporate,Referral
C007158,Pooja Iyer,Female,35,Lucknow,Lucknow,2024-02-04,Consumer,Organic Search
C007159,Pooja Singh,Female,60,Nagpur,Nagpur,2024-02-06,Consumer,Organic Search
C007160,Isha Rao,Female,40,Lucknow,Lucknow,2022-08-26,Consumer,Email
C007161,Nikhil Chopra,Male,18,Bhubaneswar,Bhubaneswar,2026-03-06,Consumer,Organic Search
C007162,Priya Mehta,Female,40,Visakhapatnam,Visakhapatnam,2022-05-24,Consumer,Organic Search
C007163,Nisha Singh,Female,31,Guwahati,Guwahati,2025-04-28,Home Office,Referral
C007164,Ananya Kapoor,Male,36,Jaipur,Jaipur,2024-06-06,Corporate,Marketplace
C007165,Ishaan Shah,Male,41,Indore,Indore,2022-12-15,Consumer,Referral
C007166,Nisha Singh,Female,33,Gurugram,Gurugram,2022-10-24,Consumer,Unknown
C007167,Diya Reddy,Male,33,Kolkata,Kolkata,2026-01-16,Consumer,Referral
C007168,Siddharth Gupta,Female,49,Visakhapatnam,Visakhapatnam,2023-06-30,Corporate,Paid Search
C007169,Arjun Mishra,Male,34,Kochi,Kochi,2025-04-24,Home Office,Social Media
C007170,Kabir Patel,Female,40,Ahmedabad,Ahmedabad,2023-12-25,Corporate,Paid Search
C007171,Neha Mishra,Female,31,Guwahati,Guwahati,2024-12-11,Consumer,Organic Search
C007172,Nikhil Reddy,Female,53,Guwahati,Guwahati,2024-09-08,Corporate,Organic Search
C007173,Kabir Kumar,Male,18,Kolkata,Kolkata,2024-11-16,Corporate,Marketplace
C007174,Isha Sharma,Male,37,Chandigarh,Chandigarh,2023-04-02,Small Business,Paid Search
C007175,Meera Rao,Female,25,Patna,Patna,2023-10-26,Corporate,Affiliate
C007176,Priya Patel,Female,18,Bengaluru,Bengaluru,2024-05-02,Consumer,Paid Search
C007177,Nikhil Mehta,Male,42,Pune,Pune,2023-06-07,Corporate,Referral
C007178,Meera Iyer,Male,41,Bhubaneswar,Bhubaneswar,2025-11-09,Home Office,Referral
C007179,Pooja Bose,Female,30,Hyderabad,Hyderabad,2026-05-18,Consumer,Organic Search
C007180,Unknown,Female,31,Chennai,Chennai,2024-08-11,Consumer,Social Media
C007181,Manish Reddy,Male,57,Lucknow,Lucknow,2025-06-09,Consumer,Organic Search
C007182,Rahul Joshi,Female,32,Mumbai,Mumbai,2024-07-15,Consumer,Paid Search
C007183,Priya Reddy,Male,30,Coimbatore,Coimbatore,2023-06-15,Consumer,Organic Search
C007184,Vivaan Joshi,Female,23,Nagpur,Nagpur,2022-03-25,Consumer,Email
C007185,Sneha Kapoor,Female,28,Jaipur,Jaipur,2025-08-10,Small Business,Referral
C007186,Karan Iyer,Female,18,Jaipur,Jaipur,2026-03-14,Consumer,Referral
C007187,Meera Kapoor,Male,50,Surat,Surat,2022-07-22,Consumer,Organic Search
C007188,Meera Mehta,Female,43,Kolkata,Kolkata,2023-12-10,Consumer,Email
C007189,Nikhil Malhotra,Female,32,Hyderabad,Hyderabad,2023-06-03,Home Office,Social Media
C007190,Siddharth Das,Male,50,Kolkata,Kolkata,2023-09-01,Consumer,Social Media
C007191,Kabir Yadav,Male,40,Surat,Surat,2022-07-22,Home Office,Referral
C007192,Karan Bose,Female,28,Delhi,Delhi,2026-02-23,Consumer,Referral
C007193,Riya Joshi,Female,25,Indore,Indore,2025-10-27,Consumer,Organic Search
C007194,Sanya Joshi,Male,33,Indore,Indore,2024-04-09,Consumer,Marketplace
C007195,Meera Mehta,Male,33,Bhubaneswar,Bhubaneswar,2024-05-28,Small Business,Referral
C007196,Vivaan Rao,Male,29,Indore,Indore,2023-07-07,Corporate,Organic Search
C007197,Krishna Yadav,Male,42,Hyderabad,Hyderabad,2024-01-19,Consumer,Social Media
C007198,Rahul Joshi,Male,36,Pune,Pune,2022-07-06,Consumer,Marketplace
C007199,Kavya Shah,Male,27,Bengaluru,Bengaluru,2022-04-11,Consumer,Paid Search
C007200,Ananya Sharma,Female,32,Hyderabad,Hyderabad,2026-01-29,Consumer,Social Media
C007201,Diya Joshi,Male,18,Mysuru,Mysuru,2022-07-28,Home Office,Organic Search
C007202,Vivaan Yadav,Female,18,Guwahati,Guwahati,2025-04-15,Home Office,Email
C007203,Nikhil Joshi,Female,44,Jaipur,Jaipur,2024-11-07,Consumer,Organic Search
C007204,Nikhil Sharma,Female,35,Noida,Noida,2026-02-07,Consumer,Organic Search
C007205,Sanya Bose,Female,28,Jaipur,Jaipur,2024-03-10,Consumer,Organic Search
C007206,Reyansh Nair,Female,35,Kochi,Kochi,2025-12-10,Consumer,Affiliate
C007207,Varun Das,Male,55,Kochi,Kochi,2023-07-22,Home Office,Organic Search
C007208,Siddharth Mishra,Male,26,Ahmedabad,Ahmedabad,2024-11-16,Consumer,Social Media
C007209,Sneha Rao,Female,46,Bhopal,Bhopal,2023-05-04,Consumer,Paid Search
C007210,Aditya Mehta,Female,22,Surat,Surat,2023-12-08,Consumer,Paid Search
C007211,Krishna Mehta,Male,26,Surat,Surat,2022-04-26,Consumer,Social Media
C007212,Riya Singh,Male,32,Chennai,Chennai,2024-03-17,Consumer,Email
C007213,Vikram Iyer,Female,37,Jaipur,Jaipur,2026-03-14,Corporate,Organic Search
C007214,Priya Malhotra,Female,50,Guwahati,Guwahati,2023-07-29,Consumer,Paid Search
C007215,Manish Yadav,Female,44,Bhopal,Bhopal,2025-11-17,Corporate,Referral
C007216,Arjun Reddy,Non-Binary,29,Mysuru,Mysuru,2023-08-13,Small Business,Organic Search
C007217,Sneha Singh,Female,35,Bhubaneswar,Bhubaneswar,2023-05-28,Home Office,Paid Search
C007218,Siddharth Nair,Female,37,Delhi,Delhi,2022-07-09,Consumer,Social Media
C007219,Sneha Bose,Male,31,Lucknow,Lucknow,2024-06-10,Consumer,Email
C007220,Sneha Patel,Male,28,Mumbai,Mumbai,2022-06-07,Consumer,Social Media
C007221,Riya Kapoor,Female,38,Jaipur,Jaipur,2025-09-08,Small Business,Organic Search
C007222,Rohan Singh,Male,26,Mumbai,Mumbai,2026-03-23,Consumer,Email
C007223,Aditi Singh,Female,18,Visakhapatnam,Visakhapatnam,2022-06-14,Consumer,Referral
C007224,Vikram Singh,Male,35,Pune,Pune,2025-11-01,Consumer,Paid Search
C007225,Nisha Kapoor,Female,35,Chennai,Chennai,2025-01-30,Consumer,Paid Search
C007226,Priya Mehta,Female,46,Bhubaneswar,Bhubaneswar,2023-01-03,Consumer,Paid Search
C007227,Aarav Rao,Female,27,Bhopal,Bhopal,2024-09-21,Consumer,Social Media
C007228,Reyansh Chopra,Female,40,Delhi,Delhi,2025-06-20,Consumer,Organic Search
C007229,Rohan Mishra,Male,48,Noida,Noida,2025-01-14,Consumer,Social Media
C007230,Vivaan Mishra,Male,32,Pune,Pune,2022-12-10,Consumer,Organic Search
C007231,Rohan Singh,Male,31,Bhopal,Bhopal,2024-12-13,Home Office,Organic Search
C007232,Ishaan Iyer,Female,29,Delhi,Delhi,2025-10-20,Consumer,Social Media
C007233,Diya Yadav,Male,21,Bhubaneswar,Bhubaneswar,2022-12-16,Corporate,Paid Search
C007234,Pooja Verma,Male,21,Noida,Noida,2024-04-17,Consumer,Organic Search
C007235,Aditya Reddy,Female,29,Nagpur,Nagpur,2024-04-18,Home Office,Marketplace
C007236,Diya Yadav,Female,18,Coimbatore,Coimbatore,2024-09-09,Home Office,Paid Search
C007237,Kabir Das,Non-Binary,46,Patna,Patna,2023-06-04,Consumer,Organic Search
C007238,Diya Kapoor,Male,28,Gurugram,Gurugram,2024-03-31,Corporate,Social Media
C007239,Varun Rao,Male,32,Bhopal,Bhopal,2023-08-11,Consumer,Social Media
C007240,Kavya Nair,Female,32,Surat,Surat,2022-04-08,Home Office,Referral
C007241,Sanya Kapoor,Male,36,Kolkata,Kolkata,2024-09-24,Small Business,Organic Search
C007242,Nisha Iyer,Female,61,Chennai,Chennai,2022-11-21,Small Business,Marketplace
C007243,Karan Bose,Male,30,Mumbai,Mumbai,2022-12-31,Consumer,Email
C007244,Nikhil Chopra,Male,42,Nagpur,Nagpur,2023-09-27,Consumer,Social Media
C007245,Riya Reddy,Male,43,Kolkata,Kolkata,2024-11-07,Consumer,Social Media
C007246,Reyansh Iyer,Female,48,Bhopal,Bhopal,2026-04-27,Corporate,Paid Search
C007247,Riya Iyer,Male,38,Ahmedabad,Ahmedabad,2024-01-08,Corporate,Paid Search
C007248,Meera Mehta,Male,33,Kolkata,Kolkata,2023-06-25,Consumer,Referral
C007249,Neha Rao,Male,30,Patna,Patna,2024-12-03,Consumer,Marketplace
C007250,Varun Mehta,Male,20,Visakhapatnam,Visakhapatnam,2023-04-19,Consumer,Paid Search
C007251,Arjun Reddy,Female,28,Patna,Patna,2023-11-01,Consumer,Email
C007252,Reyansh Mishra,Male,26,Coimbatore,Coimbatore,2023-09-26,Home Office,Organic Search
C007253,Ishaan Rao,Male,52,Bhubaneswar,Bhubaneswar,2022-02-01,Home Office,Referral
C007254,Karan Yadav,Female,28,Chandigarh,Chandigarh,2022-07-24,Corporate,Organic Search
C007255,Diya Gupta,Male,35,Kochi,Kochi,2026-03-13,Consumer,Social Media
C007256,Krishna Joshi,Male,40,Mumbai,Mumbai,2024-08-15,Corporate,Affiliate
C007257,Krishna Reddy,Male,20,Indore,Indore,2025-02-11,Consumer,Organic Search
C007258,Varun Nair,Female,49,Jaipur,Jaipur,2025-12-04,Consumer,Marketplace
C007259,Diya Gupta,Female,21,Chandigarh,Chandigarh,2025-12-02,Small Business,Social Media
C007260,Vikram Mehta,Male,18,Pune,Pune,2022-12-18,Small Business,Social Media
C007261,Diya Malhotra,Male,47,Jaipur,Jaipur,2025-01-06,Corporate,Marketplace
C007262,Siddharth Yadav,Female,29,Gurugram,Gurugram,2024-02-18,Consumer,Referral
C007263,Sneha Chopra,Male,18,Patna,Patna,2023-03-29,Consumer,Marketplace
C007264,Rohan Reddy,Female,29,Bhopal,Bhopal,2025-09-22,Consumer,Organic Search
C007265,Priya Bose,Female,36,Nagpur,Nagpur,2024-03-18,Consumer,Social Media
C007266,Krishna Malhotra,Male,39,Surat,Surat,2025-08-22,Consumer,Affiliate
C007267,Vikram Mehta,Male,31,Visakhapatnam,Visakhapatnam,2023-02-18,Small Business,Organic Search
C007268,Kavya Verma,Female,40,Kolkata,Kolkata,2023-12-05,Consumer,Organic Search
C007269,Aditya Gupta,Male,37,Gurugram,Gurugram,2025-06-13,Corporate,Referral
C007270,Manish Kumar,Female,52,Noida,Noida,2026-04-02,Consumer,Email
C007271,Reyansh Reddy,Male,55,Visakhapatnam,Visakhapatnam,2023-07-21,Corporate,Paid Search
C007272,Aditi Malhotra,Male,33,Indore,Indore,2024-10-30,Consumer,Marketplace
C007273,Nikhil Rao,Male,29,Chennai,Chennai,2022-07-30,Consumer,Organic Search
C007274,Reyansh Patel,Female,29,Noida,Noida,2024-12-25,Consumer,Marketplace
C007275,Riya Sharma,Male,39,Chennai,Chennai,2026-02-02,Consumer,Organic Search
C007276,Aditi Shah,Female,37,Noida,Noida,2023-09-18,Corporate,Paid Search
C007277,Ananya Mishra,Male,40,Lucknow,Lucknow,2023-09-11,Consumer,Referral
C007278,Pooja Malhotra,Male,18,Chennai,Chennai,2026-03-28,Consumer,Organic Search
C007279,Aarav Das,Female,35,Nagpur,Nagpur,2022-09-09,Consumer,Organic Search
C007280,Nikhil Sharma,Male,31,Surat,Surat,2025-11-09,Consumer,Social Media
C007281,Karan Chopra,Female,29,Kochi,Kochi,2024-09-04,Consumer,Paid Search
C007282,Nikhil Nair,Male,42,Gurugram,Gurugram,2022-05-15,Consumer,Marketplace
C007283,Pooja Malhotra,Female,40,Indore,Indore,2022-12-20,Consumer,Organic Search
C007284,Neha Yadav,Female,26,Patna,Patna,2022-01-09,Home Office,Organic Search
C007285,Vikram Iyer,Male,51,Coimbatore,Coimbatore,2022-12-27,Small Business,Affiliate
C007286,Karan Bose,Male,48,Gurugram,Gurugram,2026-02-27,Consumer,Affiliate
C007287,Neha Das,Male,41,Guwahati,Guwahati,2024-09-29,Consumer,Social Media
C007288,Siddharth Kumar,Female,30,Mumbai,Mumbai,2026-06-03,Home Office,Affiliate
C007289,Karan Patel,Female,39,Jaipur,Jaipur,2023-08-01,Home Office,Marketplace
C007290,Vivaan Verma,Non-Binary,35,Kochi,Kochi,2026-03-07,Small Business,Referral
C007291,Tanya Iyer,Male,18,Mysuru,Mysuru,2023-10-28,Consumer,Social Media
C007292,Kavya Malhotra,Male,24,Chandigarh,Chandigarh,2024-01-19,Consumer,Social Media
C007293,Meera Mehta,Male,32,Kolkata,Kolkata,2022-09-14,Small Business,Marketplace
C007294,Arjun Gupta,Female,20,Hyderabad,Hyderabad,,Corporate,Paid Search
C007295,Nikhil Reddy,Male,27,Ahmedabad,Ahmedabad,2025-09-09,Small Business,Email
C007296,Manish Kapoor,Female,36,Visakhapatnam,Visakhapatnam,2023-05-18,Consumer,Social Media
C007297,Varun Bose,Male,42,Mumbai,Mumbai,2025-01-26,Consumer,Email
C007298,Nikhil Reddy,Female,28,Chandigarh,Chandigarh,2023-09-21,Consumer,Organic Search
C007299,Meera Yadav,Male,34,Coimbatore,Coimbatore,2023-02-06,Consumer,Referral
C007300,Karan Nair,Female,41,Mysuru,Mysuru,2022-11-26,Consumer,Organic Search
C007301,Siddharth Patel,Male,25,Guwahati,Guwahati,2023-08-13,Home Office,Paid Search
C007302,Isha Yadav,Male,20,Delhi,Delhi,2024-11-02,Home Office,Paid Search
C007303,Sneha Kumar,Male,23,Bhopal,Bhopal,2026-03-06,Home Office,Paid Search
C007304,Kavya Mishra,Male,30,Guwahati,Guwahati,2025-09-11,Corporate,Email
C007305,Isha Malhotra,Female,33,Coimbatore,Coimbatore,2023-05-28,Consumer,Organic Search
C007306,Vivaan Reddy,Female,35,Surat,Surat,2024-03-24,Consumer,Social Media
C007307,Priya Verma,Female,33,Kolkata,Kolkata,2026-07-03,Consumer,Organic Search
C007308,Isha Yadav,Male,35,Gurugram,Gurugram,2023-06-27,Consumer,Referral
C007309,Siddharth Bose,Male,53,Nagpur,Nagpur,2025-10-27,Home Office,Email
C007310,Meera Rao,Male,20,Mysuru,Mysuru,,Consumer,Referral
C007311,Nikhil Joshi,Male,19,Gurugram,Gurugram,2022-03-11,Consumer,Paid Search
C007312,Ishaan Kumar,Non-Binary,59,Hyderabad,Hyderabad,2025-01-01,Corporate,Social Media
C007313,Varun Bose,Non-Binary,34,Ahmedabad,Ahmedabad,2024-03-27,Small Business,Organic Search
C007314,Nisha Mehta,Female,24,Delhi,Delhi,2023-07-17,Small Business,Paid Search
C007315,Siddharth Singh,Female,24,Coimbatore,Coimbatore,2025-09-16,Consumer,Paid Search
C007316,Aarav Patel,Female,35,Visakhapatnam,Visakhapatnam,2023-05-26,Consumer,Social Media
C007317,Aditi Joshi,Female,45,Bhubaneswar,Bhubaneswar,2022-10-19,Home Office,Marketplace
C007318,Vikram Singh,Female,46,Chandigarh,Chandigarh,2024-11-04,Corporate,Email
C007319,Kabir Chopra,Female,32,Pune,Pune,2023-01-02,Consumer,Referral
C007320,Kabir Mehta,Female,28,Chennai,Chennai,2025-06-23,Small Business,Paid Search
C007321,Rahul Verma,Female,18,Indore,Indore,2025-04-28,Consumer,Organic Search
C007322,Pooja Sharma,Female,44,Patna,Patna,2024-11-04,Corporate,Paid Search
C007323,Isha Nair,Female,39,Visakhapatnam,Visakhapatnam,2024-08-01,Small Business,Social Media
C007324,Vivaan Sharma,Male,37,Chandigarh,Chandigarh,2023-08-18,Corporate,Organic Search
C007325,Rohan Verma,Female,27,Noida,Noida,2023-07-08,Consumer,Referral
C007326,Sneha Rao,Male,30,Surat,Surat,2023-12-24,Consumer,Organic Search
C007327,Karan Iyer,Female,51,Nagpur,Nagpur,2022-02-23,Consumer,Social Media
C007328,Rohan Iyer,Male,67,Gurugram,Gurugram,2025-04-19,Corporate,Social Media
C007329,Diya Iyer,Female,40,Bhubaneswar,Bhubaneswar,2024-11-05,Consumer,Organic Search
C007330,Siddharth Chopra,Female,18,Kolkata,Kolkata,2024-08-01,Consumer,Email
C007331,Karan Reddy,Female,35,Lucknow,Lucknow,2025-09-23,Consumer,Social Media
C007332,Karan Mehta,Female,28,Noida,Noida,2024-08-08,Consumer,Email
C007333,Sneha Chopra,Male,45,Patna,Patna,2023-02-17,Home Office,Organic Search
C007334,Reyansh Verma,Male,58,Hyderabad,Hyderabad,2025-09-14,Consumer,Marketplace
C007335,Rohan Shah,Female,49,Lucknow,Lucknow,2023-01-05,Home Office,Paid Search
C007336,Tanya Reddy,Male,30,Coimbatore,Coimbatore,2023-09-15,Consumer,Affiliate
C007337,Nikhil Verma,Male,36,Bhubaneswar,Bhubaneswar,2023-11-14,Home Office,Email
C007338,Krishna Mishra,Female,34,Lucknow,Lucknow,2022-09-15,Corporate,Social Media
C007339,Aarav Verma,Male,45,Guwahati,Guwahati,2024-11-18,Corporate,Organic Search
C007340,Ananya Iyer,Male,46,Mumbai,Mumbai,2026-07-05,Consumer,Email
C007341,Tanya Gupta,Non-Binary,18,Kochi,Kochi,2025-01-07,Home Office,Paid Search
C007342,Aarav Kapoor,Female,36,Kolkata,Kolkata,2024-09-23,Corporate,Organic Search
C007343,Neha Joshi,Female,51,Bhubaneswar,Bhubaneswar,2024-03-02,Home Office,Organic Search
C007344,Aditi Iyer,Male,26,Delhi,Delhi,2022-07-15,Consumer,Marketplace
C007345,Ishaan Shah,Female,32,Guwahati,Guwahati,2023-09-29,Consumer,Affiliate
C007346,Rohan Kumar,Female,22,Bengaluru,Bengaluru,2024-11-08,Consumer,Organic Search
C007347,Priya Singh,Male,31,Lucknow,Lucknow,2025-09-29,Home Office,Organic Search
C007348,Nikhil Das,Female,25,Gurugram,Gurugram,2025-09-13,Corporate,Paid Search
C007349,Karan Patel,Male,60,Delhi,Delhi,,Home Office,Social Media
C007350,Riya Das,Female,34,Chennai,Chennai,2022-07-10,Consumer,Marketplace
C007351,Meera Bose,Female,18,Coimbatore,Coimbatore,2025-01-08,Consumer,Referral
C007352,Neha Nair,Male,22,Chandigarh,Chandigarh,2023-03-06,Consumer,Social Media
C007353,Aditi Mehta,Male,40,Mumbai,Mumbai,2025-05-10,Consumer,Referral
C007354,Aarav Malhotra,Female,31,Chandigarh,Chandigarh,2023-06-20,Corporate,Paid Search
C007355,Meera Das,Female,34,Coimbatore,Coimbatore,2024-12-21,Corporate,Referral
C007356,Varun Chopra,Male,36,Mysuru,Mysuru,2025-12-04,Consumer,Referral
C007357,Kavya Shah,Female,32,Bengaluru,Bengaluru,2025-06-07,Home Office,Affiliate
C007358,Nikhil Kapoor,Male,45,Nagpur,Nagpur,2025-01-03,Consumer,Social Media
C007359,Diya Patel,Male,36,Kochi,Kochi,2022-04-01,Consumer,Email
C007360,Karan Joshi,Female,39,Chandigarh,Chandigarh,2025-11-01,Consumer,Organic Search
C007361,Riya Bose,Male,18,Lucknow,Lucknow,2023-08-03,Corporate,Email
C007362,Riya Nair,Male,24,Chandigarh,Chandigarh,2026-06-04,Consumer,Social Media
C007363,Vikram Patel,Male,21,Indore,Indore,2025-10-31,Small Business,Affiliate
C007364,Vivaan Mehta,Male,37,Coimbatore,Coimbatore,2022-07-27,Consumer,Organic Search
C007365,Ishaan Rao,Female,39,Indore,Indore,2025-03-01,Corporate,Referral
C007366,Sanya Kapoor,Female,59,Pune,Pune,2025-03-05,Consumer,Email
C007367,Sanya Mehta,Female,48,Indore,Indore,2025-08-18,Consumer,Social Media
C007368,Aditya Patel,Female,27,Chennai,Chennai,2023-11-25,Corporate,Paid Search
C007369,Nikhil Reddy,Male,18,Guwahati,Guwahati,2024-05-26,Consumer,Social Media
C007370,Varun Shah,Male,51,Patna,Patna,2026-05-26,Consumer,Organic Search
C007371,Riya Reddy,Male,47,Gurugram,Gurugram,2025-04-14,Consumer,Organic Search
C007372,Isha Shah,Male,35,Hyderabad,Hyderabad,,Small Business,Social Media
C007373,Rohan Kumar,Male,22,Jaipur,Jaipur,2024-07-14,Consumer,Paid Search
C007374,Isha Gupta,Female,38,Ahmedabad,Ahmedabad,2024-10-05,Consumer,Marketplace
C007375,Manish Gupta,Female,36,Delhi,Delhi,2023-02-11,Consumer,Organic Search
C007376,Varun Das,Male,18,Indore,Indore,2023-08-17,Consumer,Marketplace
C007377,Tanya Chopra,Male,37,Jaipur,Jaipur,2023-06-18,Small Business,Marketplace
C007378,nikhil joshi,Male,18,Surat,Surat,2022-03-08,Consumer,Organic Search
C007379,Manish Singh,Female,24,Patna,Patna,2024-12-24,Consumer,Paid Search
C007380,Reyansh Kapoor,Female,27,Guwahati,Guwahati,2022-10-24,Home Office,Social Media
C007381,Siddharth Yadav,Female,18,Indore,Indore,2025-04-08,Home Office,Organic Search
C007382,Diya Sharma,Female,41,Mysuru,Mysuru,2022-12-02,Corporate,Email
C007383,Kavya Shah,Female,41,Kolkata,Kolkata,2022-04-26,Consumer,Social Media
C007384,Siddharth Verma,Female,37,Noida,Noida,2024-10-17,Consumer,Organic Search
C007385,Vivaan Iyer,Female,34,Hyderabad,Hyderabad,2022-08-26,Consumer,Marketplace
C007386,Rohan Reddy,Female,27,Mysuru,Mysuru,2023-10-19,Consumer,Paid Search
C007387,Reyansh Das,Male,36,Mumbai,Mumbai,2022-07-14,Home Office,Organic Search
C007388,Neha Bose,Female,18,Noida,Noida,2026-02-26,Consumer,Organic Search
C007389,Sneha Shah,Male,26,Patna,Patna,2026-01-24,Corporate,Referral
C007390,Priya Verma,Non-Binary,51,Jaipur,Jaipur,2022-03-19,Home Office,Organic Search
C007391,Kabir Reddy,Male,31,Visakhapatnam,Visakhapatnam,2025-05-20,Consumer,Social Media
C007392,Aarav Das,Female,18,Pune,Pune,2022-10-21,Consumer,Marketplace
C007393,Kavya Chopra,Male,30,Patna,Patna,2024-05-28,Corporate,Organic Search
C007394,Karan Kumar,Female,20,Visakhapatnam,Visakhapatnam,2023-12-31,Consumer,Social Media
C007395,Neha Mishra,Male,36,Ahmedabad,Ahmedabad,2024-09-13,Consumer,Paid Search
C007396,Kabir Reddy,Male,45,Kolkata,Kolkata,2024-10-25,Corporate,Referral
C007397,Reyansh Reddy,Female,24,Hyderabad,Hyderabad,2022-08-23,Consumer,Affiliate
C007398,Aditi Shah,Female,36,Noida,Noida,2022-04-29,Corporate,Organic Search
C007399,Aditya Iyer,Male,60,Gurugram,Gurugram,2024-11-20,Consumer,Affiliate
C007400,KARAN JOSHI,Male,34,Mysuru,Mysuru,2025-05-23,Corporate,Email
C007401,Isha Mishra,Male,44,Ahmedabad,Ahmedabad,2026-06-24,Consumer,Paid Search
C007402,Manish Kumar,Female,34,Nagpur,Nagpur,2023-12-06,Consumer,Paid Search
C007403,Isha Nair,Female,28,Mumbai,Mumbai,2024-09-07,Consumer,Paid Search
C007404,Rahul Kapoor,Female,27,Surat,Surat,2022-01-26,Consumer,Paid Search
C007405,Aditi Sharma,Female,39,Patna,Patna,2025-01-05,Consumer,Organic Search
C007406,Diya Sharma,Female,29,Bengaluru,Bengaluru,2023-11-04,Corporate,Referral
C007407,Vikram Kumar,Female,18,Bengaluru,Bengaluru,2026-03-22,Consumer,Paid Search
C007408,Isha Bose,Female,22,Indore,Indore,2025-07-14,Corporate,Social Media
C007409,Sneha Shah,Female,31,Visakhapatnam,Visakhapatnam,2023-02-01,Consumer,Paid Search
C007410,Karan Chopra,Male,19,Noida,Noida,2022-02-22,Consumer,Social Media
C007411,Aarav Kapoor,Female,27,Chennai,Chennai,2022-08-05,Consumer,Organic Search
C007412,Arjun Bose,Male,36,Mysuru,Mysuru,2022-09-27,Consumer,Social Media
C007413,Vikram Reddy,Male,31,Bhubaneswar,Bhubaneswar,2022-10-23,Corporate,Email
C007414,Ishaan Nair,Male,52,Ahmedabad,Ahmedabad,2024-11-21,Corporate,Organic Search
C007415,Varun Gupta,Male,44,Visakhapatnam,Visakhapatnam,2023-05-20,Home Office,Social Media
C007416,Rahul Sharma,Female,30,Delhi,Delhi,2024-01-13,Corporate,Organic Search
C007417,Pooja Sharma,Male,43,Pune,Pune,2023-10-28,Consumer,Social Media
C007418,Aarav Malhotra,Female,34,Chandigarh,Chandigarh,2022-01-23,Consumer,Referral
C007419,Nisha Gupta,Female,42,Bhubaneswar,Bhubaneswar,2022-07-24,Small Business,Organic Search
C007420,Krishna Yadav,Female,32,Lucknow,Lucknow,2023-05-29,Consumer,Social Media
C007421,Isha Mishra,Male,45,Guwahati,Guwahati,2024-08-21,Consumer,Organic Search
C007422,Krishna Verma,Female,37,Delhi,Delhi,2024-03-26,Consumer,Referral
C007423,Sanya Joshi,Female,34,Surat,Surat,2022-04-22,Consumer,Organic Search
C007424,Kavya Singh,Female,29,Ahmedabad,Ahmedabad,2022-04-26,Home Office,Unknown
C007425,Vikram Shah,Male,47,Mysuru,Mysuru,2026-06-26,Corporate,Organic Search
C007426,Karan Bose,Male,48,Kolkata,Kolkata,2024-10-08,Consumer,Organic Search
C007427,Nikhil Chopra,Female,21,Chennai,Chennai,2022-09-22,Small Business,Social Media
C007428,Diya Kapoor,Female,40,Lucknow,Lucknow,2022-09-26,Consumer,Organic Search
C007429,Ishaan Patel,Male,18,Ahmedabad,Ahmedabad,2026-07-19,Consumer,Social Media
C007430,Krishna Mishra,Male,34,Indore,Indore,2023-01-16,Consumer,Organic Search
C007431,Kabir Chopra,Female,56,Bhubaneswar,Bhubaneswar,2022-08-23,Consumer,Paid Search
C007432,Diya Verma,Female,26,Visakhapatnam,Visakhapatnam,2022-05-30,Consumer,Social Media
C007433,Kavya Yadav,Male,47,Kolkata,Kolkata,2025-11-09,Consumer,Marketplace
C007434,Ananya Bose,Female,26,Gurugram,Gurugram,2022-04-28,Corporate,Organic Search
C007435,Manish Shah,Male,40,Mumbai,Mumbai,2026-05-15,Corporate,Social Media
C007436,Karan Malhotra,Female,18,Delhi,Delhi,2022-12-14,Consumer,Organic Search
C007437,Varun Verma,Male,24,Gurugram,Gurugram,2025-08-05,Consumer,Referral
C007438,Neha Patel,Male,29,Mumbai,Mumbai,2023-09-12,Consumer,Organic Search
C007439,Pooja Kumar,Male,48,Ahmedabad,Ahmedabad,2022-01-05,Consumer,Social Media
C007440,Arjun Shah,Male,47,Chandigarh,Chandigarh,2023-01-11,Home Office,Social Media
C007441,Unknown,Male,34,Patna,Patna,2022-06-10,Consumer,Social Media
C007442,Nisha Chopra,Male,34,Bhopal,Bhopal,2022-01-07,Consumer,Referral
C007443,Ananya Sharma,Male,38,Chennai,Chennai,2024-09-02,Consumer,Paid Search
C007444,Reyansh Joshi,Female,20,Bhubaneswar,Bhubaneswar,2024-09-24,Consumer,Affiliate
C007445,Siddharth Patel,Female,23,Unknown,Unknown,2024-11-22,Consumer,Referral
C007446,Neha Sharma,Female,42,Bengaluru,Bengaluru,2025-10-22,Consumer,Paid Search
C007447,Meera Gupta,Female,43,Guwahati,Guwahati,2026-07-06,Consumer,Social Media
C007448,Aditi Iyer,Male,41,Delhi,Delhi,2025-04-22,Corporate,Social Media
C007449,Rohan Nair,Male,30,Surat,Surat,2024-04-06,Consumer,Paid Search
C007450,Isha Mehta,Male,19,Bengaluru,Bengaluru,2025-02-28,Corporate,Organic Search
C007451,Nisha Verma,Female,24,Jaipur,Jaipur,2022-07-26,Home Office,Social Media
C007452,Sneha Rao,Female,18,Kochi,Kochi,2026-03-10,Consumer,Email
C007453,Vivaan Joshi,Male,24,Visakhapatnam,Visakhapatnam,2025-09-25,Consumer,Social Media
C007454,Aarav Kapoor,Male,59,Chennai,Chennai,2022-01-12,Corporate,Referral
C007455,Aditya Kumar,Male,40,Patna,Patna,2025-05-13,Consumer,Marketplace
C007456,Ananya Mehta,Female,34,Visakhapatnam,Visakhapatnam,2022-12-03,Small Business,Paid Search
C007457,Varun Sharma,Male,34,Pune,Pune,2024-04-10,Small Business,Organic Search
C007458,Pooja Kumar,Female,25,Bhubaneswar,Bhubaneswar,2025-01-13,Consumer,Email
C007459,Neha Kumar,Male,23,Coimbatore,Coimbatore,2024-10-12,Corporate,Paid Search
C007460,Meera Yadav,Male,49,Pune,Pune,2022-04-23,Home Office,Marketplace
C007461,Ishaan Bose,Female,37,Indore,Indore,2022-02-04,Consumer,Social Media
C007462,Aditi Rao,Female,36,Bengaluru,Bengaluru,2022-05-10,Consumer,Organic Search
C007463,Krishna Patel,Male,34,Bhopal,Bhopal,2023-04-22,Consumer,Social Media
C007464,Reyansh Sharma,Male,18,Gurugram,Gurugram,2026-01-14,Consumer,Marketplace
C007465,Pooja Nair,Female,36,Noida,Noida,2022-03-23,Consumer,Referral
C007466,Kavya Shah,Female,27,Bengaluru,Bengaluru,2024-03-24,Corporate,Email
C007467,Krishna Patel,Male,23,Coimbatore,Coimbatore,2022-05-29,Consumer,Paid Search
C007468,Krishna Das,Female,18,Surat,Surat,2022-03-27,Consumer,Organic Search
C007469,Neha Mishra,Male,34,Delhi,Delhi,2023-02-09,Consumer,Organic Search
C007470,Nisha Das,Female,56,Bhopal,Bhopal,2024-03-02,Consumer,Affiliate
C007471,Vivaan Singh,Male,48,Mysuru,Mysuru,2023-08-09,Consumer,Organic Search
C007472,Manish Mishra,Non-Binary,35,Visakhapatnam,Visakhapatnam,2022-03-19,Corporate,Referral
C007473,Vivaan Mehta,Female,43,Guwahati,Guwahati,2026-01-08,Small Business,Social Media
C007474,Varun Kumar,Male,45,Kochi,Kochi,2025-08-17,Consumer,Paid Search
C007475,Priya Patel,Female,18,Visakhapatnam,Visakhapatnam,2023-02-26,Corporate,Paid Search
C007476,Sneha Patel,Female,37,Gurugram,Gurugram,2023-09-21,Consumer,Paid Search
C007477,Ananya Rao,Unknown,41,Bengaluru,Bengaluru,2024-10-04,Small Business,Paid Search
C007478,Tanya Shah,Female,30,Mysuru,Mysuru,2024-07-29,Consumer,Affiliate
C007479,Krishna Singh,Female,44,Mumbai,Mumbai,2024-04-15,Consumer,Email
C007480,Pooja Iyer,Female,38,Ahmedabad,Ahmedabad,2023-05-24,Consumer,Paid Search
C007481,Karan Reddy,Female,25,Chandigarh,Chandigarh,2023-08-09,Consumer,Marketplace
C007482,Sanya Nair,Female,43,Coimbatore,Coimbatore,2022-02-10,Consumer,Paid Search
C007483,Siddharth Iyer,Male,25,Delhi,Delhi,2024-11-25,Corporate,Social Media
C007484,Krishna Verma,Male,37,Visakhapatnam,Visakhapatnam,2024-11-15,Consumer,Social Media
C007485,Karan Bose,Female,32,Guwahati,Guwahati,2025-03-17,Consumer,Social Media
C007486,Sneha Gupta,Male,35,Ahmedabad,Ahmedabad,2023-05-06,Corporate,Affiliate
C007487,rohan reddy,Male,28,Bengaluru,Bengaluru,2023-08-20,Consumer,Organic Search
C007488,Isha Shah,Female,35,Mysuru,Mysuru,2026-04-09,Consumer,Paid Search
C007489,Diya Verma,Male,30,Noida,Noida,2022-07-01,Consumer,Social Media
C007490,Tanya Patel,Female,51,Hyderabad,Hyderabad,2022-06-08,Consumer,Referral
C007491,Riya Sharma,Female,41,Nagpur,Nagpur,2023-08-02,Corporate,Marketplace
C007492,Kabir Yadav,Male,29,Chennai,Chennai,2023-02-19,Corporate,Organic Search
C007493,Rohan Mehta,Female,18,Lucknow,Lucknow,2022-05-21,Consumer,Affiliate
C007494,Neha Kumar,Male,21,Ahmedabad,Ahmedabad,2026-07-04,Consumer,Marketplace
C007495,Siddharth Iyer,Female,33,Kolkata,Kolkata,2026-05-13,Small Business,Paid Search
C007496,Krishna Kapoor,Female,38,Mumbai,Mumbai,2024-09-24,Consumer,Marketplace
C007497,Neha Das,Male,18,Guwahati,Guwahati,2022-12-26,Corporate,Organic Search
C007498,Siddharth Kumar,Male,40,Kochi,Kochi,2022-01-21,Small Business,Organic Search
C007499,Sanya Shah,Male,27,Chennai,Chennai,2025-07-26,Corporate,Paid Search
C007500,Sneha Das,Female,46,Hyderabad,Hyderabad,2022-03-27,Home Office,Social Media
C007501,Meera Chopra,Male,50,Ahmedabad,Ahmedabad,2022-05-11,Consumer,Email
C007502,Isha Mishra,Male,21,Patna,Patna,2023-02-27,Corporate,Social Media
C007503,Karan Iyer,Female,30,Gurugram,Gurugram,2022-08-10,Corporate,Marketplace
C007504,Sanya Sharma,Male,29,Hyderabad,Hyderabad,2023-07-27,Consumer,Email
C007505,Tanya Nair,Female,37,Visakhapatnam,Visakhapatnam,2023-01-08,Consumer,Paid Search
C007506,Rohan Verma,Male,21,Gurugram,Gurugram,2023-11-22,Consumer,Organic Search
C007507,Aditi Rao,Female,21,Delhi,Delhi,2024-06-27,Corporate,Organic Search
C007508,Siddharth Joshi,Male,46,Visakhapatnam,Visakhapatnam,2024-12-22,Home Office,Referral
C007509,Vivaan Patel,Female,29,Noida,Noida,2025-01-15,Consumer,Referral
C007510,Aarav Malhotra,Male,37,Kolkata,Kolkata,2025-07-20,Corporate,Social Media
C007511,Riya Kumar,Male,29,Noida,Noida,2022-10-22,Consumer,Organic Search
C007512,Tanya Malhotra,Male,30,Noida,Noida,2025-11-12,Consumer,Organic Search
C007513,Aarav Patel,Male,30,Visakhapatnam,Visakhapatnam,2022-01-24,Home Office,Organic Search
C007514,Reyansh Rao,Male,24,Pune,Pune,2022-01-24,Home Office,Social Media
C007515,Diya Iyer,Male,24,Indore,Indore,2024-04-14,Home Office,Organic Search
C007516,Vivaan Nair,Male,27,Ahmedabad,Ahmedabad,2022-03-08,Consumer,Paid Search
C007517,Kabir Joshi,Male,30,Gurugram,Gurugram,2026-01-02,Corporate,Marketplace
C007518,Arjun Kapoor,Male,29,Noida,Noida,2025-12-23,Home Office,Paid Search
C007519,Nikhil Mishra,Female,34,Surat,Surat,2024-03-22,Consumer,Organic Search
C007520,Sanya Sharma,Male,34,Patna,Patna,2024-03-01,Consumer,Organic Search
C007521,Rahul Sharma,Male,38,Noida,Noida,,Corporate,Organic Search
C007522,Rahul Chopra,Male,37,Patna,Patna,2025-05-14,Consumer,Email
C007523,Karan Sharma,Female,28,Jaipur,Jaipur,2025-06-08,Consumer,Affiliate
C007524,Meera Iyer,Female,42,Pune,Pune,2022-02-11,Consumer,Email
C007525,Neha Kumar,Non-Binary,18,Mysuru,Mysuru,2023-01-11,Small Business,Referral
C007526,Vikram Shah,Female,62,Chennai,Chennai,2024-08-28,Corporate,Paid Search
C007527,Aditi Malhotra,Female,42,Guwahati,Guwahati,2025-07-07,Consumer,Affiliate
C007528,Varun Kumar,Male,38,Bhubaneswar,Bhubaneswar,2026-07-25,Consumer,Social Media
C007529,Neha Shah,Female,28,Nagpur,Nagpur,2023-12-02,Corporate,Email
C007530,Rohan Nair,Male,18,Kochi,Kochi,2025-08-10,Consumer,Email
C007531,Sanya Verma,Male,45,Indore,Indore,2022-10-06,Corporate,Email
C007532,Diya Kapoor,Female,37,Gurugram,Gurugram,2022-03-14,Small Business,Marketplace
C007533,Tanya Gupta,Male,36,Nagpur,Nagpur,2026-01-16,Corporate,Referral
C007534,Aditi Iyer,Male,49,Noida,Noida,2022-06-22,Consumer,Email
C007535,Nisha Chopra,Male,37,Bhopal,Bhopal,2024-06-17,Corporate,Organic Search
C007536,Tanya Mishra,Female,25,Gurugram,Gurugram,2024-08-15,Consumer,Referral
C007537,Karan Nair,Female,39,Chandigarh,Chandigarh,2025-02-14,Consumer,Social Media
C007538,Isha Reddy,Female,27,Pune,Pune,2024-02-07,Corporate,Email
C007539,Reyansh Iyer,Male,45,Guwahati,Guwahati,2022-07-06,Consumer,Marketplace
C007540,Pooja Joshi,Male,43,Hyderabad,Hyderabad,2022-06-24,Home Office,Organic Search
C007541,nikhil gupta,Female,48,Nagpur,Nagpur,2025-08-11,Consumer,Social Media
C007542,Arjun Singh,Male,36,Jaipur,Jaipur,2025-04-01,Consumer,Organic Search
C007543,Riya Patel,Male,30,Bengaluru,Bengaluru,2024-10-10,Corporate,Social Media
C007544,Kavya Mishra,Female,45,Delhi,Delhi,2022-06-30,Consumer,Email
C007545,Tanya Das,Female,23,Delhi,Delhi,2024-09-18,Home Office,Paid Search
C007546,Unknown,Male,26,Mysuru,Mysuru,2026-05-01,Consumer,Marketplace
C007547,Rohan Mishra,Female,32,Bhubaneswar,Bhubaneswar,2026-04-27,Home Office,Paid Search
C007548,Kavya Rao,Female,24,Chandigarh,Chandigarh,2025-11-22,Home Office,Organic Search
C007549,Aarav Reddy,Male,45,Guwahati,Guwahati,2026-01-07,Consumer,Organic Search
C007550,Diya Reddy,Female,49,Chandigarh,Chandigarh,2023-08-31,Small Business,Social Media
C007551,Karan Reddy,Male,26,Surat,Surat,2023-06-19,Consumer,Social Media
C007552,Vikram Shah,Female,41,Surat,Surat,2022-05-10,Consumer,Social Media
C007553,Nisha Yadav,Female,38,Surat,Surat,2025-06-22,Consumer,Organic Search
C007554,Kavya Reddy,Female,41,Nagpur,Nagpur,2022-09-30,Consumer,Social Media
C007555,Tanya Joshi,Male,18,Visakhapatnam,Visakhapatnam,2023-11-15,Consumer,Referral
C007556,Ishaan Singh,Female,55,Pune,Pune,2026-07-19,Consumer,Organic Search
C007557,Karan Chopra,Female,34,Kochi,Kochi,2024-02-27,Corporate,Paid Search
C007558,Tanya Verma,Male,31,Mumbai,Mumbai,2024-12-18,Corporate,Marketplace
C007559,Siddharth Singh,Female,24,Chennai,Chennai,2024-09-15,Consumer,Organic Search
C007560,Vivaan Iyer,Male,42,Hyderabad,Hyderabad,2024-12-10,Consumer,Social Media
C007561,Rahul Reddy,Female,41,Nagpur,Nagpur,2022-12-31,Consumer,Social Media
C007562,Pooja Reddy,Female,27,Surat,Surat,2024-08-28,Small Business,Social Media
C007563,Pooja Das,Female,18,Delhi,Delhi,2023-02-01,Consumer,Referral
C007564,Aarav Chopra,Male,39,Mumbai,Mumbai,2023-09-21,Consumer,Social Media
C007565,Aarav Mehta,Female,34,Guwahati,Guwahati,2023-06-12,Consumer,Paid Search
C007566,Rohan Bose,Male,25,Hyderabad,Hyderabad,2026-01-28,Corporate,Referral
C007567,Priya Patel,Female,42,Jaipur,Jaipur,2024-05-13,Small Business,Organic Search
C007568,Aditi Shah,Male,27,Pune,Pune,2022-05-16,Corporate,Referral
C007569,Diya Das,Male,30,Mysuru,Mysuru,2026-05-20,Consumer,Social Media
C007570,Krishna Patel,Male,37,Kolkata,Kolkata,2022-11-15,Home Office,Email
C007571,Pooja Rao,Female,30,Lucknow,Lucknow,2026-04-21,Consumer,Paid Search
C007572,Vivaan Singh,Male,51,Lucknow,Lucknow,2025-09-23,Consumer,Social Media
C007573,Rahul Singh,Male,24,Mysuru,Mysuru,2022-03-12,Consumer,Social Media
C007574,Sneha Singh,Male,22,Noida,Noida,2024-03-19,Corporate,Social Media
C007575,Nisha Rao,Male,36,Gurugram,Gurugram,2025-05-03,Consumer,Organic Search
C007576,Vivaan Chopra,Male,45,Jaipur,Jaipur,2022-10-09,Consumer,Social Media
C007577,Nisha Bose,Male,27,Ahmedabad,Ahmedabad,2022-11-26,Consumer,Affiliate
C007578,Riya Rao,Male,37,Patna,Patna,2025-06-08,Consumer,Marketplace
C007579,Aarav Joshi,Male,37,Chennai,Chennai,2024-09-26,Consumer,Referral
C007580,Sanya Singh,Male,45,Delhi,Delhi,2026-04-06,Consumer,Paid Search
C007581,Varun Bose,Male,46,Mysuru,Mysuru,2023-09-13,Small Business,Paid Search
C007582,Kavya Sharma,Male,45,Mumbai,Mumbai,2026-06-26,Corporate,Affiliate
C007583,Sanya Kumar,Female,32,Lucknow,Lucknow,2022-04-10,Corporate,Social Media
C007584,Nisha Malhotra,Male,25,Visakhapatnam,Visakhapatnam,2023-08-29,Consumer,Social Media
C007585,Isha Nair,Female,38,Mysuru,Mysuru,2023-10-19,Small Business,Referral
C007586,Priya Mishra,Female,27,Lucknow,Lucknow,2025-07-11,Consumer,Social Media
C007587,Karan Yadav,Female,38,Lucknow,Lucknow,2022-12-17,Corporate,Social Media
C007588,Meera Singh,Female,20,Patna,Patna,2026-06-03,Consumer,Marketplace
C007589,Vivaan Rao,Female,36,Indore,Indore,2026-02-26,Consumer,Email
C007590,Karan Kumar,Male,19,Kolkata,Kolkata,2024-03-03,Small Business,Social Media
C007591,Karan Mehta,Male,39,Hyderabad,Hyderabad,2023-12-26,Consumer,Organic Search
C007592,Sneha Gupta,Non-Binary,32,Patna,Patna,2022-04-30,Consumer,Organic Search
C007593,Varun Gupta,Male,38,Visakhapatnam,Visakhapatnam,2023-10-19,Home Office,Social Media
C007594,Manish Mehta,Male,30,Guwahati,Guwahati,2026-03-26,Home Office,Referral
C007595,Aditi Verma,Male,36,Bengaluru,Bengaluru,2025-04-30,Consumer,Paid Search
C007596,Varun Chopra,Male,35,Coimbatore,Coimbatore,2026-05-09,Home Office,Organic Search
C007597,Sanya Patel,Male,35,Indore,Indore,2024-03-13,Consumer,Affiliate
C007598,Manish Shah,Female,49,Mumbai,Mumbai,2023-01-22,Consumer,Social Media
C007599,Diya Kumar,Female,19,Mysuru,Mysuru,2022-07-10,Corporate,Social Media
C007600,Rahul Sharma,Male,44,Chennai,Chennai,2022-04-21,Small Business,Marketplace
C007601,Nikhil Bose,Female,33,Hyderabad,Hyderabad,2022-01-12,Home Office,Social Media
C007602,Aditi Joshi,Male,34,Kochi,Kochi,2024-01-14,Small Business,Marketplace
C007603,Aditya Reddy,Female,42,Ahmedabad,Ahmedabad,2024-06-23,Consumer,Paid Search
C007604,Sanya Patel,Male,60,Coimbatore,Coimbatore,2025-06-14,Home Office,Affiliate
C007605,Reyansh Chopra,Male,31,Jaipur,Jaipur,2024-08-13,Consumer,Affiliate
C007606,aarav kapoor,Female,34,Chennai,Chennai,,Consumer,Social Media
C007607,Aditya Malhotra,Male,28,Nagpur,Nagpur,2024-05-18,Consumer,Paid Search
C007608,Sneha Shah,Female,53,Hyderabad,Hyderabad,2025-04-19,Corporate,Paid Search
C007609,Rahul Joshi,Male,22,Pune,Pune,2026-06-19,Consumer,Paid Search
C007610,Karan Singh,Male,46,Lucknow,Lucknow,2025-06-26,Consumer,Organic Search
C007611,Meera Joshi,Male,29,Delhi,Delhi,2026-07-27,Consumer,Paid Search
C007612,Krishna Joshi,Female,22,Jaipur,Jaipur,2022-06-03,Home Office,Paid Search
C007613,Nisha Patel,Female,29,Nagpur,Nagpur,2024-12-02,Consumer,Social Media
C007614,Vivaan Singh,Male,33,Chennai,Chennai,2022-03-15,Corporate,Organic Search
C007615,Meera Chopra,Male,18,Ahmedabad,Ahmedabad,2025-09-20,Consumer,Referral
C007616,Aditya Verma,Male,41,Kochi,Kochi,2024-11-05,Corporate,Referral
C007617,Nisha Yadav,Female,18,Bengaluru,Bengaluru,2023-09-30,Corporate,Referral
C007618,Neha Kumar,Male,25,Bengaluru,Bengaluru,2026-06-22,Corporate,Email
C007619,Sanya Kapoor,Non-Binary,35,Surat,Surat,2026-01-17,Home Office,Paid Search
C007620,Tanya Rao,Female,43,Surat,Surat,2025-07-23,Consumer,Email
C007621,Ananya Das,Male,29,Mysuru,Mysuru,2022-04-13,Consumer,Affiliate
C007622,Arjun Shah,Female,38,Chandigarh,Chandigarh,2023-05-18,Home Office,Organic Search
C007623,Meera Patel,Male,32,Bengaluru,Bengaluru,2022-09-18,Consumer,Organic Search
C007624,Ananya Nair,Female,38,Kochi,Kochi,2023-01-31,Consumer,Organic Search
C007625,Nisha Singh,Female,48,Guwahati,Guwahati,2022-03-18,Consumer,Paid Search
C007626,Sneha Shah,Female,42,Bengaluru,Bengaluru,2025-12-05,Corporate,Email
C007627,Riya Kumar,Female,29,Pune,Pune,2026-05-11,Small Business,Referral
C007628,Aditya Kapoor,Male,25,Kochi,Kochi,2023-03-06,Corporate,Social Media
C007629,Vikram Shah,Non-Binary,34,Kolkata,Kolkata,2026-03-27,Corporate,Paid Search
C007630,Ishaan Shah,Male,54,Coimbatore,Coimbatore,2025-07-04,Consumer,Paid Search
C007631,Rohan Das,Female,41,Chennai,Chennai,2022-08-07,Consumer,Social Media
C007632,Aditi Mehta,Female,32,Bhubaneswar,Bhubaneswar,2022-12-18,Consumer,Organic Search
C007633,Rahul Rao,Male,35,Patna,Patna,2023-10-10,Consumer,Organic Search
C007634,Siddharth Gupta,Female,50,Pune,Pune,2023-06-02,Consumer,Referral
C007635,Sneha Sharma,Male,45,Gurugram,Gurugram,2022-02-27,Consumer,Paid Search
C007636,Tanya Chopra,Female,36,Surat,Surat,2024-09-18,Consumer,Referral
C007637,Vikram Gupta,Female,40,Coimbatore,Coimbatore,2023-09-09,Consumer,Organic Search
C007638,Nisha Mehta,Female,18,Gurugram,Gurugram,2022-04-16,Consumer,Organic Search
C007639,Isha Bose,Female,36,Ahmedabad,Ahmedabad,2022-05-30,Consumer,Organic Search
C007640,Ishaan Rao,Male,18,Mumbai,Mumbai,2023-08-12,Consumer,Marketplace
C007641,Nikhil Mishra,Male,43,Chandigarh,Chandigarh,2023-04-02,Consumer,Email
C007642,Arjun Iyer,Male,49,Mumbai,Mumbai,2026-06-03,Consumer,Paid Search
C007643,Vikram Bose,Female,30,Ahmedabad,Ahmedabad,2022-06-14,Corporate,Marketplace
C007644,Kabir Verma,Male,40,Surat,Surat,2023-07-07,Consumer,Paid Search
C007645,Rahul Mishra,Male,43,Bhopal,Bhopal,2023-07-09,Consumer,Social Media
C007646,Nisha Yadav,Non-Binary,35,Chennai,Chennai,2022-07-28,Consumer,Email
C007647,Rahul Mishra,Male,46,Pune,Pune,2026-04-22,Consumer,Social Media
C007648,Neha Patel,Male,25,Chennai,Chennai,2024-11-03,Consumer,Paid Search
C007649,Aditi Mishra,Female,23,Indore,Indore,2023-11-25,Consumer,Referral
C007650,Tanya Chopra,Male,25,Bhopal,Bhopal,2025-04-28,Consumer,Organic Search
C007651,Varun Mehta,Male,41,Mumbai,Mumbai,2023-02-06,Consumer,Email
C007652,Rahul Bose,Male,25,Hyderabad,Hyderabad,2022-11-24,Consumer,Social Media
C007653,Aarav Shah,Male,20,Bhubaneswar,Bhubaneswar,2026-05-25,Consumer,Organic Search
C007654,Varun Mishra,Male,36,Hyderabad,Hyderabad,2022-03-04,Consumer,Organic Search
C007655,Aditya Sharma,Male,54,Surat,Surat,2022-09-18,Consumer,Marketplace
C007656,Vikram Nair,Male,51,Jaipur,Jaipur,2026-07-30,Consumer,Marketplace
C007657,Kabir Mishra,Male,42,Mumbai,Mumbai,2025-10-03,Home Office,Organic Search
C007658,Aarav Singh,Male,36,Indore,Indore,2023-12-12,Corporate,Organic Search
C007659,Siddharth Mehta,Male,38,Mysuru,Mysuru,2025-09-14,Consumer,Paid Search
C007660,Diya Gupta,Male,50,Mysuru,Mysuru,2022-06-17,Consumer,Paid Search
C007661,Vikram Sharma,Female,58,Visakhapatnam,Visakhapatnam,2024-11-09,Consumer,Social Media
C007662,Aditi Joshi,Male,39,Bhubaneswar,Bhubaneswar,2023-12-10,Consumer,Social Media
C007663,Sneha Yadav,Female,34,Guwahati,Guwahati,2024-12-07,Consumer,Affiliate
C007664,Neha Malhotra,Male,28,Surat,Surat,2023-05-21,Consumer,Marketplace
C007665,Reyansh Chopra,Male,51,Guwahati,Guwahati,2024-07-01,Home Office,Referral
C007666,Krishna Das,Female,35,Mumbai,Mumbai,2023-02-20,Consumer,Organic Search
C007667,Isha Mishra,Male,31,Coimbatore,Coimbatore,2023-10-12,Corporate,Referral
C007668,Pooja Shah,Male,24,Kochi,Kochi,2025-12-09,Consumer,Referral
C007669,Kavya Shah,Male,35,Bengaluru,Bengaluru,2025-12-09,Consumer,Organic Search
C007670,Sanya Nair,Female,30,Visakhapatnam,Visakhapatnam,2024-08-18,Consumer,Marketplace
C007671,Nisha Chopra,Female,28,Kolkata,Kolkata,2025-05-20,Consumer,Marketplace
C007672,Nisha Yadav,Female,40,Kochi,Kochi,2026-07-30,Consumer,Paid Search
C007673,Pooja Yadav,Female,28,Visakhapatnam,Visakhapatnam,2024-11-07,Consumer,Referral
C007674,Arjun Malhotra,Male,35,Mumbai,Mumbai,2025-06-07,Corporate,Referral
C007675,Karan Singh,Male,36,Coimbatore,Coimbatore,2024-12-06,Consumer,Organic Search
C007676,Diya Rao,Female,38,Bengaluru,Bengaluru,2022-10-03,Consumer,Affiliate
C007677,Ishaan Kapoor,Male,27,Delhi,Delhi,2023-08-22,Consumer,Organic Search
C007678,Siddharth Reddy,Male,31,Kochi,Kochi,,Home Office,Affiliate
C007679,Isha Singh,Female,23,Guwahati,Guwahati,2025-09-18,Consumer,Marketplace
C007680,Siddharth Yadav,Female,18,Kolkata,Kolkata,2022-05-11,Consumer,Referral
C007681,Kabir Mishra,Female,67,Indore,Indore,2025-08-09,Small Business,Email
C007682,Aditya Verma,Female,28,Ahmedabad,Ahmedabad,2022-10-15,Consumer,Marketplace
C007683,Sanya Malhotra,Unknown,30,Visakhapatnam,Visakhapatnam,2023-07-17,Home Office,Marketplace
C007684,Rahul Sharma,Female,49,Chandigarh,Chandigarh,2026-07-08,Small Business,Marketplace
C007685,Krishna Das,Female,27,Chandigarh,Chandigarh,2024-01-22,Consumer,Marketplace
C007686,Aditi Yadav,Female,34,Nagpur,Nagpur,2023-06-14,Consumer,Marketplace
C007687,Siddharth Yadav,Female,52,Bhubaneswar,Bhubaneswar,2024-06-09,Corporate,Paid Search
C007688,Karan Kumar,Male,45,Kolkata,Kolkata,2025-05-20,Consumer,Marketplace
C007689,Vikram Mishra,Male,42,Kochi,Kochi,2022-03-12,Consumer,Email
C007690,Priya Patel,Female,40,Delhi,Delhi,2023-09-29,Consumer,Paid Search
C007691,Karan Mishra,Female,44,Visakhapatnam,Visakhapatnam,2025-02-01,Consumer,Email
C007692,Aditya Mehta,Female,31,Mysuru,Mysuru,2022-02-17,Small Business,Paid Search
C007693,Aditi Chopra,Male,35,Nagpur,Nagpur,2024-04-11,Home Office,Paid Search
C007694,Isha Patel,Male,19,Noida,Noida,2026-03-01,Corporate,Social Media
C007695,Aarav Malhotra,Female,34,Pune,Pune,2025-09-15,Consumer,Email
C007696,Reyansh Das,Female,38,Lucknow,Lucknow,2025-04-21,Small Business,Organic Search
C007697,Ananya Kapoor,Non-Binary,38,Guwahati,Guwahati,2022-06-10,Consumer,Organic Search
C007698,Diya Chopra,Female,23,Mumbai,Mumbai,2024-01-07,Home Office,Referral
C007699,Sneha Nair,Male,24,Patna,Patna,2025-07-28,Consumer,Paid Search
C007700,Reyansh Shah,Male,37,Kochi,Kochi,2024-04-06,Home Office,Social Media
C007701,Priya Bose,Non-Binary,36,Guwahati,Guwahati,2023-01-06,Corporate,Social Media
C007702,Siddharth Malhotra,Male,30,Mumbai,Mumbai,2024-08-28,Consumer,Email
C007703,Isha Gupta,Male,30,Ahmedabad,Ahmedabad,2026-05-12,Consumer,Paid Search
C007704,Neha Iyer,Male,25,Visakhapatnam,Visakhapatnam,2022-05-02,Consumer,Paid Search
C007705,Arjun Mishra,Male,40,Patna,Patna,2022-01-17,Consumer,Organic Search
C007706,Aditya Reddy,Male,28,Pune,Pune,2024-10-03,Consumer,Social Media
C007707,Reyansh Kapoor,Male,39,Indore,Indore,2022-12-28,Home Office,Social Media
C007708,Nikhil Malhotra,Female,35,Patna,Patna,2023-06-15,Corporate,Email
C007709,Reyansh Kumar,Male,46,Coimbatore,Coimbatore,2022-12-29,Consumer,Paid Search
C007710,Vikram Malhotra,Female,41,Ahmedabad,Ahmedabad,2022-08-15,Corporate,Paid Search
C007711,Aarav Kapoor,Male,47,Noida,Noida,2024-09-23,Corporate,Referral
C007712,Sanya Bose,Male,39,Hyderabad,Hyderabad,2023-01-23,Consumer,Social Media
C007713,Meera Joshi,Female,43,Noida,Noida,2022-03-05,Corporate,Social Media
C007714,Arjun Kapoor,Female,33,Gurugram,Gurugram,2025-08-03,Consumer,Organic Search
C007715,Sneha Shah,Female,34,Surat,Surat,2023-10-22,Consumer,Social Media
C007716,Ishaan Bose,Female,21,Pune,Pune,2022-12-01,Small Business,Social Media
C007717,Kabir Chopra,Male,22,Ahmedabad,Ahmedabad,2026-05-14,Consumer,Marketplace
C007718,Neha Iyer,Male,31,Kolkata,Kolkata,2022-05-14,Consumer,Organic Search
C007719,Rohan Rao,Female,50,Gurugram,Gurugram,2026-05-30,Consumer,Paid Search
C007720,Rahul Yadav,Female,18,Nagpur,Nagpur,2023-08-06,Home Office,Organic Search
C007721,Meera Patel,Male,24,Bhubaneswar,Bhubaneswar,2022-12-02,Consumer,Organic Search
C007722,Neha Yadav,Male,40,Mysuru,Mysuru,2025-02-24,Consumer,Organic Search
C007723,Aarav Iyer,Male,38,Ahmedabad,Ahmedabad,2025-09-24,Home Office,Organic Search
C007724,Arjun Singh,Male,22,Gurugram,Gurugram,2023-08-21,Small Business,Email
C007725,Sanya Mishra,Female,34,Delhi,Delhi,2024-01-13,Consumer,Organic Search
C007726,Sneha Mehta,Male,22,Bhopal,Bhopal,2023-12-02,Consumer,Social Media
C007727,Priya Singh,Male,25,Chandigarh,Chandigarh,2025-09-30,Consumer,Referral
C007728,Isha Patel,Female,19,Mumbai,Mumbai,2022-07-04,Consumer,Email
C007729,Krishna Mehta,Female,44,Noida,Noida,2022-01-20,Consumer,Email
C007730,Sneha Patel,Female,43,Delhi,Delhi,2025-11-07,Small Business,Social Media
C007731,Kavya Rao,Female,27,Nagpur,Nagpur,2023-02-13,Home Office,Organic Search
C007732,Karan Malhotra,Male,29,Kochi,Kochi,2025-01-09,Consumer,Social Media
C007733,Kavya Shah,Male,21,Indore,Indore,2025-05-27,Consumer,Organic Search
C007734,Aarav Patel,Male,37,Indore,Indore,2022-09-12,Corporate,Referral
C007735,Vikram Iyer,Male,24,Coimbatore,Coimbatore,2024-01-04,Corporate,Referral
C007736,Varun Das,Male,45,Bengaluru,Bengaluru,2022-01-15,Consumer,Social Media
C007737,Nikhil Singh,Female,53,Chandigarh,Chandigarh,2023-07-20,Home Office,Unknown
C007738,Vivaan Nair,Female,19,Nagpur,Nagpur,2025-10-25,Consumer,Paid Search
C007739,Nisha Kapoor,Female,35,Gurugram,Gurugram,2026-07-21,Consumer,Organic Search
C007740,Nisha Mehta,Male,29,Gurugram,Gurugram,2023-03-04,Corporate,Social Media
C007741,Nisha Singh,Male,45,Visakhapatnam,Visakhapatnam,,Consumer,Paid Search
C007742,Isha Kapoor,Female,44,Bhopal,Bhopal,2025-05-03,Consumer,Referral
C007743,Meera Shah,Male,20,Visakhapatnam,Visakhapatnam,2026-03-04,Consumer,Referral
C007744,Ananya Verma,Male,44,Indore,Indore,2024-04-26,Corporate,Social Media
C007745,Aditya Yadav,Male,38,Chennai,Chennai,2023-02-08,Consumer,Affiliate
C007746,Aarav Chopra,Female,20,Mumbai,Mumbai,2022-11-19,Consumer,Organic Search
C007747,Pooja Iyer,Female,27,Jaipur,Jaipur,2023-01-06,Corporate,Organic Search
C007748,Meera Chopra,Female,64,Hyderabad,Hyderabad,2026-02-23,Small Business,Paid Search
C007749,Riya Verma,Female,53,Indore,Indore,2024-10-08,Consumer,Paid Search
C007750,Pooja Yadav,Female,31,Lucknow,Lucknow,2022-12-23,Home Office,Marketplace
C007751,Reyansh Patel,Female,34,Noida,Noida,2022-11-02,Small Business,Organic Search
C007752,Nikhil Patel,Female,54,Bengaluru,Bengaluru,2025-03-16,Corporate,Marketplace
C007753,Varun Shah,Female,37,Visakhapatnam,Visakhapatnam,2023-07-08,Corporate,Referral
C007754,Unknown,Non-Binary,23,Bhubaneswar,Bhubaneswar,2022-11-29,Small Business,Paid Search
C007755,Tanya Nair,Male,24,Lucknow,Lucknow,2024-07-13,Corporate,Paid Search
C007756,Manish Sharma,Male,31,Patna,Patna,2024-06-04,Consumer,Organic Search
C007757,Diya Singh,Female,42,Nagpur,Nagpur,2023-05-20,Corporate,Social Media
C007758,Pooja Gupta,Female,39,Noida,Noida,2025-03-31,Consumer,Email
C007759,Siddharth Kapoor,Female,29,Pune,Pune,2024-02-16,Corporate,Organic Search
C007760,Siddharth Patel,Female,43,Jaipur,Jaipur,2025-01-25,Corporate,Paid Search
C007761,Siddharth Das,Male,28,Indore,Indore,2022-04-30,Consumer,Organic Search
C007762,Vivaan Singh,Female,28,Visakhapatnam,Visakhapatnam,2024-10-15,Corporate,Organic Search
C007763,Priya Kapoor,Female,44,Bhopal,Bhopal,2025-02-17,Consumer,Organic Search
C007764,Nisha Joshi,Female,24,Bengaluru,Bengaluru,2022-09-02,Consumer,Referral
C007765,Priya Kapoor,Male,24,Jaipur,Jaipur,2026-06-14,Consumer,Organic Search
C007766,Siddharth Reddy,Male,25,Jaipur,Jaipur,2023-04-14,Corporate,Referral
C007767,Rahul Das,Male,34,Mysuru,Mysuru,2023-03-19,Corporate,Organic Search
C007768,Ishaan Sharma,Male,18,Bhopal,Bhopal,2025-09-26,Consumer,Organic Search
C007769,Aarav Bose,Male,24,Delhi,Delhi,2022-07-20,Small Business,Referral
C007770,Sanya Gupta,Female,27,Surat,Surat,2023-02-27,Consumer,Social Media
C007771,Siddharth Chopra,Male,28,Kolkata,Kolkata,2026-04-09,Home Office,Paid Search
C007772,Arjun Singh,Female,64,Ahmedabad,Ahmedabad,2023-11-20,Consumer,Affiliate
C007773,Pooja Patel,Female,41,Bengaluru,Bengaluru,2022-07-31,Consumer,Email
C007774,Karan Reddy,Female,22,Visakhapatnam,Visakhapatnam,2023-04-02,Home Office,Social Media
C007775,Tanya Chopra,Male,23,Guwahati,Guwahati,2022-01-01,Consumer,Marketplace
C007776,Meera Rao,Male,24,Chandigarh,Chandigarh,2022-08-01,Consumer,Paid Search
C007777,Neha Rao,Male,25,Chennai,Chennai,2025-01-03,Consumer,Affiliate
C007778,Priya Mishra,Male,41,Surat,Surat,2024-10-04,Consumer,Referral
C007779,Rahul Shah,Male,51,Lucknow,Lucknow,2022-05-23,Home Office,Email
C007780,Sneha Iyer,Female,54,Bhopal,Bhopal,2024-12-05,Corporate,Organic Search
C007781,Siddharth Nair,Male,18,Gurugram,Gurugram,2024-06-20,Corporate,Email
C007782,Diya Mishra,Male,36,Chennai,Chennai,2024-08-06,Consumer,Organic Search
C007783,Karan Nair,Male,55,Kolkata,Kolkata,2024-08-20,Consumer,Email
C007784,Rahul Yadav,Female,51,Kolkata,Kolkata,2025-12-23,Consumer,Paid Search
C007785,Aditi Bose,Female,22,Kolkata,Kolkata,2026-04-19,Consumer,Organic Search
C007786,Aditya Bose,Male,41,Gurugram,Gurugram,2024-05-13,Consumer,Referral
C007787,Rahul Verma,Male,29,Visakhapatnam,Visakhapatnam,2025-12-07,Consumer,Affiliate
C007788,Kabir Nair,Male,18,Guwahati,Guwahati,2022-05-01,Consumer,Organic Search
C007789,Isha Mehta,Female,43,Visakhapatnam,Visakhapatnam,2022-08-11,Home Office,Paid Search
C007790,Priya Rao,Non-Binary,30,Indore,Indore,2023-01-17,Corporate,Paid Search
C007791,Vivaan Gupta,Male,33,Bhubaneswar,Bhubaneswar,2026-07-10,Consumer,Social Media
C007792,Priya Kumar,Male,30,Jaipur,Jaipur,2024-09-04,Consumer,Organic Search
C007793,Priya Chopra,Male,27,Coimbatore,Coimbatore,2022-10-04,Consumer,Referral
C007794,Sanya Shah,Male,43,Nagpur,Nagpur,2023-07-02,Corporate,Email
C007795,Vivaan Yadav,Male,36,Delhi,Delhi,2024-05-15,Consumer,Social Media
C007796,Aarav Reddy,Female,34,Coimbatore,Coimbatore,2022-08-18,Corporate,Paid Search
C007797,Sanya Bose,Female,22,Patna,Patna,2025-08-06,Consumer,Paid Search
C007798,Aditi Shah,Male,35,Visakhapatnam,Visakhapatnam,2026-01-27,Consumer,Marketplace
C007799,Riya Kumar,Female,21,Pune,Pune,2025-11-10,Small Business,Unknown
C007800,Reyansh Chopra,Female,19,Noida,Noida,2023-05-20,Home Office,Paid Search
C007801,Reyansh Kumar,Female,34,Kochi,Kochi,2025-05-12,Corporate,Paid Search
C007802,Arjun Mishra,Male,18,Delhi,Delhi,2025-03-23,Corporate,Paid Search
C007803,Tanya Kumar,Female,34,Noida,Noida,2023-02-17,Consumer,Organic Search
C007804,Siddharth Das,Male,25,Noida,Noida,2024-08-20,Consumer,Organic Search
C007805,Kavya Kapoor,Female,29,Ahmedabad,Ahmedabad,2024-12-06,Corporate,Organic Search
C007806,Neha Rao,Male,31,Lucknow,Lucknow,2023-06-04,Home Office,Organic Search
C007807,Siddharth Mishra,Male,34,Delhi,Delhi,2024-03-17,Consumer,Paid Search
C007808,Riya Das,Female,36,Delhi,Delhi,2023-11-25,Small Business,Email
C007809,Aarav Mehta,Female,43,Surat,Surat,2023-04-20,Corporate,Organic Search
C007810,Vivaan Gupta,Male,18,Surat,Surat,2026-06-16,Small Business,Email
C007811,Sanya Gupta,Female,39,Kolkata,Kolkata,2024-07-02,Consumer,Organic Search
C007812,Manish Mehta,Male,18,Delhi,Delhi,2024-01-22,Corporate,Social Media
C007813,Ananya Mishra,Female,33,Mumbai,Mumbai,2023-05-05,Consumer,Organic Search
C007814,Manish Rao,Female,44,Kolkata,Kolkata,2023-04-04,Consumer,Marketplace
C007815,Ishaan Yadav,Male,22,Ahmedabad,Ahmedabad,2025-05-10,Consumer,Social Media
C007816,Isha Singh,Female,43,Hyderabad,Hyderabad,2024-01-03,Consumer,Marketplace
C007817,Nisha Bose,Female,38,Nagpur,Nagpur,2025-06-14,Consumer,Referral
C007818,Vivaan Sharma,Female,21,Visakhapatnam,Visakhapatnam,2022-03-01,Consumer,Email
C007819,Nisha Chopra,Female,21,Jaipur,Jaipur,2025-10-09,Corporate,Affiliate
C007820,Priya Patel,Female,40,Gurugram,Gurugram,2022-07-21,Consumer,Marketplace
C007821,Rohan Reddy,Female,67,Guwahati,Guwahati,2023-02-07,Consumer,Referral
C007822,Reyansh Kapoor,Female,18,Guwahati,Guwahati,2022-05-15,Corporate,Paid Search
C007823,Krishna Gupta,Male,33,Chennai,Chennai,2026-02-23,Consumer,Organic Search
C007824,Reyansh Singh,Male,32,Kolkata,Kolkata,2022-08-27,Consumer,Organic Search
C007825,Nikhil Malhotra,Male,44,Hyderabad,Hyderabad,2026-01-08,Consumer,Social Media
C007826,Pooja Yadav,Male,19,Bhopal,Bhopal,2024-07-20,Small Business,Affiliate
C007827,Vivaan Das,Female,32,Noida,Noida,2024-08-02,Consumer,Paid Search
C007828,Priya Gupta,Male,37,Hyderabad,Hyderabad,2025-05-21,Home Office,Social Media
C007829,Isha Shah,Male,18,Jaipur,Jaipur,2025-09-18,Consumer,Paid Search
C007830,Krishna Gupta,Male,34,Gurugram,Gurugram,2025-01-02,Consumer,Social Media
C007831,Ananya Shah,Female,41,Bengaluru,Bengaluru,2022-06-20,Consumer,Email
C007832,Sanya Rao,Female,29,Indore,Indore,2025-03-29,Consumer,Referral
C007833,Sanya Bose,Female,55,Noida,Noida,2025-10-15,Home Office,Paid Search
C007834,Ananya Patel,Male,30,Indore,Indore,2026-02-04,Consumer,Paid Search
C007835,Krishna Reddy,Female,52,Pune,Pune,2023-02-25,Consumer,Social Media
C007836,Manish Shah,Male,48,Noida,Noida,2023-05-17,Consumer,Organic Search
C007837,Ishaan Sharma,Male,31,Mysuru,Mysuru,2026-02-16,Corporate,Organic Search
C007838,Manish Mishra,Female,35,Nagpur,Nagpur,2022-04-18,Small Business,Referral
C007839,Ananya Chopra,Male,41,Visakhapatnam,Visakhapatnam,2023-05-11,Consumer,Social Media
C007840,Aditi Chopra,Male,41,Bengaluru,Bengaluru,2022-04-28,Consumer,Social Media
C007841,Ananya Gupta,Female,36,Chandigarh,Chandigarh,2023-06-25,Consumer,Paid Search
C007842,Ishaan Das,Female,29,Pune,Pune,2023-07-12,Corporate,Paid Search
C007843,Meera Mishra,Female,37,Bhubaneswar,Bhubaneswar,2025-09-18,Consumer,Marketplace
C007844,Kabir Iyer,Male,22,Noida,Noida,2023-01-07,Home Office,Referral
C007845,rahul joshi,Male,33,Patna,Patna,2024-05-04,Consumer,Paid Search
C007846,Nisha Das,Female,32,Gurugram,Gurugram,2024-07-24,Consumer,Organic Search
C007847,Varun Singh,Male,29,Indore,Indore,2025-10-07,Home Office,Paid Search
C007848,Neha Yadav,Female,39,Lucknow,Lucknow,2024-06-08,Home Office,Referral
C007849,Sanya Sharma,Male,29,Pune,Pune,2024-03-11,Consumer,Organic Search
C007850,Reyansh Bose,Female,42,Patna,Patna,2023-10-25,Consumer,Email
C007851,Reyansh Joshi,Male,43,Pune,Pune,2024-02-14,Consumer,Social Media
C007852,Aditya Das,Female,37,Ahmedabad,Ahmedabad,2025-12-21,Consumer,Paid Search
C007853,Nikhil Mehta,Male,28,Kochi,Kochi,2024-11-02,Home Office,Referral
C007854,Meera Reddy,Female,32,Coimbatore,Coimbatore,,Consumer,Organic Search
C007855,Vikram Singh,Male,33,Chennai,Chennai,2023-03-28,Consumer,Referral
C007856,Tanya Das,Female,30,Chandigarh,Chandigarh,2025-07-19,Consumer,Social Media
C007857,Meera Chopra,Female,27,Bhopal,Bhopal,2023-06-08,Consumer,Social Media
C007858,Nisha Malhotra,Female,27,Gurugram,Gurugram,2023-11-05,Consumer,Affiliate
C007859,Ishaan Mehta,Female,19,Pune,Pune,2023-03-28,Consumer,Organic Search
C007860,Rahul Mehta,Male,51,Chandigarh,Chandigarh,2022-12-08,Consumer,Organic Search
C007861,Varun Iyer,Female,30,Jaipur,Jaipur,2023-02-02,Consumer,Organic Search
C007862,Vikram Malhotra,Male,25,Visakhapatnam,Visakhapatnam,2024-08-03,Consumer,Marketplace
C007863,Varun Shah,Female,37,Visakhapatnam,Visakhapatnam,2023-09-07,Consumer,Social Media
C007864,Karan Kumar,Male,34,Bhubaneswar,Bhubaneswar,2025-04-30,Consumer,Organic Search
C007865,Siddharth Shah,Male,18,Kochi,Kochi,2026-06-25,Home Office,Organic Search
C007866,Rahul Verma,Male,29,Jaipur,Jaipur,2023-05-08,Consumer,Organic Search
C007867,Neha Das,Female,39,Bhopal,Bhopal,2024-09-23,Small Business,Paid Search
C007868,Krishna Reddy,Male,21,Bengaluru,Bengaluru,2022-10-05,Home Office,Paid Search
C007869,Krishna Reddy,Non-Binary,28,Coimbatore,Coimbatore,2023-12-28,Consumer,Paid Search
C007870,Arjun Rao,Non-Binary,44,Guwahati,Guwahati,2022-03-03,Home Office,Affiliate
C007871,Nikhil Kapoor,Male,42,Jaipur,Jaipur,2023-03-18,Consumer,Organic Search
C007872,Aarav Mishra,Female,42,Kolkata,Kolkata,2025-12-10,Consumer,Paid Search
C007873,Diya Shah,Male,33,Visakhapatnam,Visakhapatnam,2023-12-29,Small Business,Social Media
C007874,Varun Patel,Female,38,Coimbatore,Coimbatore,2023-02-15,Consumer,Affiliate
C007875,Priya Malhotra,Male,24,Delhi,Delhi,2025-03-02,Consumer,Social Media
C007876,Isha Mishra,Female,41,Mysuru,Mysuru,2024-01-19,Consumer,Marketplace
C007877,Tanya Yadav,Female,18,Bengaluru,Bengaluru,2025-05-29,Corporate,Paid Search
C007878,Tanya Iyer,Male,31,Nagpur,Nagpur,2022-12-30,Home Office,Organic Search
C007879,Manish Yadav,Male,50,Kochi,Kochi,2026-02-15,Consumer,Email
C007880,Karan Kumar,Female,46,Mysuru,Mysuru,2026-05-02,Home Office,Affiliate
C007881,Meera Joshi,Male,26,Noida,Noida,2022-05-23,Home Office,Marketplace
C007882,Isha Das,Male,53,Surat,Surat,2022-03-22,Small Business,Social Media
C007883,Riya Patel,Male,39,Jaipur,Jaipur,2022-04-16,Consumer,Organic Search
C007884,Isha Kumar,Male,48,Delhi,Delhi,2022-06-06,Home Office,Paid Search
C007885,Aarav Kumar,Female,45,Bhopal,Bhopal,2022-12-21,Consumer,Marketplace
C007886,Kavya Verma,Female,52,Kolkata,Kolkata,2022-12-07,Home Office,Organic Search
C007887,Sanya Iyer,Female,38,Patna,Patna,2023-12-26,Consumer,Marketplace
C007888,Krishna Gupta,Female,37,Surat,Surat,2024-08-31,Consumer,Referral
C007889,Sanya Reddy,Female,24,Jaipur,Jaipur,2025-12-27,Consumer,Organic Search
C007890,Neha Reddy,Female,18,Mysuru,Mysuru,2026-03-17,Consumer,Social Media
C007891,Isha Iyer,Female,24,Ahmedabad,Ahmedabad,2022-01-14,Consumer,Organic Search
C007892,Pooja Kumar,Female,33,Noida,Noida,2023-06-20,Consumer,Referral
C007893,Meera Iyer,Male,41,Bengaluru,Bengaluru,2025-06-21,Consumer,Paid Search
C007894,Siddharth Reddy,Male,31,Patna,Patna,2024-05-09,Corporate,Referral
C007895,Reyansh Mishra,Female,53,Chandigarh,Chandigarh,2025-02-08,Home Office,Referral
C007896,Sneha Mishra,Non-Binary,36,Lucknow,Lucknow,2024-04-09,Small Business,Marketplace
C007897,Varun Singh,Male,48,Coimbatore,Coimbatore,2023-05-07,Consumer,Paid Search
C007898,Reyansh Mishra,Female,35,Kolkata,Kolkata,2022-01-30,Home Office,Organic Search
C007899,Vikram Chopra,Male,34,Chandigarh,Chandigarh,2022-01-01,Corporate,Organic Search
C007900,Kabir Verma,Female,48,Noida,Noida,2023-02-21,Consumer,Marketplace
C007901,Krishna Patel,Female,31,Bengaluru,Bengaluru,2025-12-14,Small Business,Affiliate
C007902,Aarav Shah,Male,39,Chandigarh,Chandigarh,2024-11-24,Corporate,Affiliate
C007903,Diya Kapoor,Male,20,Coimbatore,Coimbatore,2026-07-06,Consumer,Marketplace
C007904,Manish Shah,Male,27,Bengaluru,Bengaluru,2024-09-28,Consumer,Organic Search
C007905,Sanya Shah,Male,18,Nagpur,Nagpur,2023-12-26,Small Business,Social Media
C007906,Pooja Chopra,Female,46,Bengaluru,Bengaluru,2024-11-18,Consumer,Email
C007907,Reyansh Shah,Female,38,Gurugram,Gurugram,2022-05-23,Consumer,Affiliate
C007908,Vivaan Chopra,Female,42,Kolkata,Kolkata,2026-03-05,Home Office,Social Media
C007909,Karan Mishra,Female,18,Gurugram,Gurugram,2022-01-08,Corporate,Organic Search
C007910,Arjun Reddy,Male,37,Noida,Noida,2024-12-07,Home Office,Organic Search
C007911,Ishaan Patel,Male,28,Guwahati,Guwahati,2022-06-24,Consumer,Social Media
C007912,Ishaan Malhotra,Male,36,Pune,Pune,2023-02-12,Corporate,Paid Search
C007913,Rohan Patel,Male,43,Hyderabad,Hyderabad,2024-01-07,Consumer,Paid Search
C007914,Krishna Nair,Female,22,Patna,Patna,2025-06-09,Consumer,Organic Search
C007915,Nikhil Singh,Female,49,Noida,Noida,2026-01-06,Consumer,Marketplace
C007916,Vivaan Joshi,Female,43,Ahmedabad,Ahmedabad,2024-08-14,Corporate,Referral
C007917,Aarav Mehta,Female,18,Bhopal,Bhopal,2024-12-07,Corporate,Email
C007918,Kabir Iyer,Female,36,Bhubaneswar,Bhubaneswar,2024-12-13,Corporate,Unknown
C007919,Karan Malhotra,Male,38,Indore,Indore,2022-08-19,Consumer,Organic Search
C007920,Aditya Reddy,Male,26,Bengaluru,Bengaluru,2023-08-12,Corporate,Paid Search
C007921,Isha Gupta,Male,34,Delhi,Delhi,2026-02-09,Corporate,Social Media
C007922,Nisha Rao,Male,39,Visakhapatnam,Visakhapatnam,2022-02-26,Consumer,Organic Search
C007923,Priya Nair,Male,31,Noida,Noida,2023-02-24,Home Office,Paid Search
C007924,Vivaan Gupta,Female,36,Patna,Patna,2025-05-10,Consumer,Social Media
C007925,Neha Reddy,Male,46,Mysuru,Mysuru,2022-03-26,Consumer,Referral
C007926,Sneha Shah,Male,34,Chandigarh,Chandigarh,2026-05-05,Consumer,Paid Search
C007927,Isha Singh,Male,32,Chandigarh,Chandigarh,2023-05-25,Home Office,Organic Search
C007928,Kabir Mishra,Female,68,Ahmedabad,Ahmedabad,2023-03-21,Consumer,Referral
C007929,Meera Kumar,Male,33,Mysuru,Mysuru,2024-06-16,Consumer,Paid Search
C007930,Manish Yadav,Female,32,Bengaluru,Bengaluru,2026-02-09,Home Office,Marketplace
C007931,Ananya Kumar,Female,22,Bhopal,Bhopal,2022-08-05,Small Business,Social Media
C007932,Isha Kapoor,Female,42,Indore,Indore,2024-06-07,Consumer,Organic Search
C007933,Ishaan Mishra,Male,29,Lucknow,Lucknow,2022-08-23,Home Office,Referral
C007934,Sneha Bose,Male,38,Bhubaneswar,Bhubaneswar,2023-02-15,Consumer,Paid Search
C007935,Isha Patel,Female,24,Kolkata,Kolkata,2022-08-01,Corporate,Referral
C007936,Isha Das,Non-Binary,26,Bhubaneswar,Bhubaneswar,2024-05-12,Small Business,Social Media
C007937,Meera Singh,Female,57,Noida,Noida,2023-10-19,Corporate,Referral
C007938,Tanya Yadav,Female,43,Bhopal,Bhopal,2025-11-16,Home Office,Paid Search
C007939,Nisha Verma,Male,41,Indore,Indore,2022-01-16,Consumer,Organic Search
C007940,Ishaan Rao,Male,43,Visakhapatnam,Visakhapatnam,2023-08-21,Consumer,Organic Search
C007941,Aditi Gupta,Male,28,Chandigarh,Chandigarh,2024-03-03,Corporate,Organic Search
C007942,Vikram Rao,Male,43,Coimbatore,Coimbatore,2026-06-06,Consumer,Marketplace
C007943,Sneha Singh,Male,35,Pune,Pune,2023-02-04,Consumer,Referral
C007944,Aarav Mishra,Female,42,Jaipur,Jaipur,2026-04-19,Consumer,Marketplace
C007945,Meera Bose,Non-Binary,18,Noida,Noida,2022-02-22,Consumer,Paid Search
C007946,Vivaan Gupta,Female,27,Lucknow,Lucknow,2022-12-09,Consumer,Affiliate
C007947,Vivaan Verma,Female,27,Noida,Noida,2024-03-04,Consumer,Social Media
C007948,Siddharth Iyer,Male,24,Chandigarh,Chandigarh,2022-06-15,Consumer,Affiliate
C007949,Nisha Kumar,Female,28,Mumbai,Mumbai,2024-12-06,Consumer,Email
C007950,Riya Malhotra,Male,35,Hyderabad,Hyderabad,2025-12-22,Consumer,Organic Search
C007951,Meera Reddy,Male,50,Kolkata,Kolkata,2023-02-22,Consumer,Organic Search
C007952,Vivaan Kapoor,Female,27,Chandigarh,Chandigarh,2023-11-06,Consumer,Referral
C007953,nisha bose,Female,18,Gurugram,Gurugram,2024-05-28,Consumer,Affiliate
C007954,Sanya Patel,Female,18,Patna,Patna,2025-05-03,Consumer,Organic Search
C007955,Kabir Mehta,Male,24,Kolkata,Kolkata,2026-01-01,Consumer,Referral
C007956,Arjun Reddy,Male,34,Bhubaneswar,Bhubaneswar,2024-04-12,Consumer,Paid Search
C007957,Meera Rao,Female,41,Jaipur,Jaipur,2025-06-09,Corporate,Organic Search
C007958,Sanya Iyer,Male,18,Lucknow,Lucknow,2022-10-27,Consumer,Social Media
C007959,Arjun Gupta,Female,32,Patna,Patna,2024-12-23,Consumer,Organic Search
C007960,Kabir Patel,Female,30,Bhopal,Bhopal,2024-02-25,Home Office,Organic Search
C007961,Aarav Yadav,Female,28,Surat,Surat,2025-06-15,Corporate,Affiliate
C007962,Ishaan Mehta,Female,33,Guwahati,Guwahati,2023-08-02,Home Office,Email
C007963,Sneha Mehta,Male,28,Hyderabad,Hyderabad,2024-08-31,Corporate,Paid Search
C007964,Aditya Gupta,Female,42,Bengaluru,Bengaluru,2025-03-24,Corporate,Email
C007965,Varun Mishra,Female,19,Patna,Patna,2023-02-18,Consumer,Social Media
C007966,Pooja Malhotra,Female,30,Delhi,Delhi,2023-11-18,Consumer,Affiliate
C007967,Sanya Mishra,Female,33,Indore,Indore,2022-05-18,Consumer,Social Media
C007968,Pooja Chopra,Male,29,Delhi,Delhi,2026-01-25,Consumer,Affiliate
C007969,Priya Mehta,Female,43,Mumbai,Mumbai,2024-07-04,Consumer,Organic Search
C007970,Kabir Chopra,Female,37,Kochi,Kochi,2024-01-17,Corporate,Affiliate
C007971,Vikram Sharma,Female,54,Bhubaneswar,Bhubaneswar,2026-01-30,Small Business,Paid Search
C007972,Aditi Malhotra,Female,49,Bhopal,Bhopal,2022-12-31,Consumer,Marketplace
C007973,Sneha Mishra,Female,39,Nagpur,Nagpur,2023-08-21,Consumer,Organic Search
C007974,Aarav Singh,Female,31,Kolkata,Kolkata,2024-03-17,Consumer,Paid Search
C007975,Tanya Bose,Male,37,Surat,Surat,2024-08-28,Consumer,Organic Search
C007976,Ishaan Shah,Female,25,Bengaluru,Bengaluru,2024-07-25,Consumer,Organic Search
C007977,Priya Mehta,Female,37,Mumbai,Mumbai,2023-12-11,Consumer,Marketplace
C007978,Nikhil Kumar,Male,49,Mumbai,Mumbai,2024-12-13,Consumer,Organic Search
C007979,Rohan Sharma,Female,42,Gurugram,Gurugram,2024-08-22,Unknown,Referral
C007980,Karan Mishra,Female,25,Patna,Patna,2023-01-07,Consumer,Marketplace
C007981,Rohan Malhotra,Male,34,Surat,Surat,2023-12-30,Home Office,Email
C007982,Diya Sharma,Male,39,Bhopal,Bhopal,2025-01-26,Corporate,Social Media
C007983,Siddharth Reddy,Male,33,Bengaluru,Bengaluru,2023-02-08,Consumer,Marketplace
C007984,Aditya Chopra,Female,26,Kochi,Kochi,2023-03-17,Home Office,Social Media
C007985,Priya Reddy,Female,39,Bhopal,Bhopal,2023-11-01,Consumer,Paid Search
C007986,Sneha Iyer,Non-Binary,22,Lucknow,Lucknow,2022-09-18,Consumer,Marketplace
C007987,Vivaan Gupta,Male,31,Indore,Indore,2024-04-08,Corporate,Email
C007988,Riya Malhotra,Male,56,Nagpur,Nagpur,2024-08-14,Corporate,Referral
C007989,Rohan Verma,Female,52,Jaipur,Jaipur,2024-03-31,Consumer,Social Media
C007990,Rohan Gupta,Male,38,Ahmedabad,Ahmedabad,2024-11-11,Consumer,Organic Search
C007991,Nikhil Shah,Male,44,Noida,Noida,2024-05-15,Small Business,Paid Search
C007992,Neha Verma,Male,18,Kolkata,Kolkata,2025-05-16,Consumer,Marketplace
C007993,Ananya Patel,Female,34,Noida,Noida,2022-03-18,Consumer,Referral
C007994,Vivaan Patel,Male,63,Guwahati,Guwahati,2025-03-05,Consumer,Paid Search
C007995,Kabir Gupta,Male,18,Noida,Noida,2026-06-24,Consumer,Social Media
C007996,Kavya Das,Female,46,Patna,Patna,2022-07-19,Small Business,Social Media
C007997,Sanya Mishra,Female,38,Bengaluru,Bengaluru,2022-11-13,Consumer,Referral
C007998,Priya Chopra,Female,34,Pune,Pune,2022-12-21,Corporate,Email
C007999,Kabir Iyer,Female,48,Noida,Noida,2023-05-24,Home Office,Organic Search
C008000,vivaan nair,Male,37,Kochi,Kochi,2024-05-23,Consumer,Paid Search
C008001,Kabir Das,Male,41,Patna,Patna,2025-01-28,Corporate,Marketplace
C008002,Priya Nair,Male,30,Patna,Patna,2023-11-12,Home Office,Email
C008003,Varun Patel,Female,35,Surat,Surat,2026-01-08,Consumer,Organic Search
C008004,Pooja Patel,Male,31,Kochi,Kochi,2025-12-27,Consumer,Organic Search
C008005,Manish Kumar,Male,36,Pune,Pune,2022-05-10,Corporate,Paid Search
C008006,Kavya Gupta,Female,45,Ahmedabad,Ahmedabad,2026-02-14,Consumer,Paid Search
C008007,Pooja Das,Male,33,Bhubaneswar,Bhubaneswar,2025-03-31,Corporate,Marketplace
C008008,Neha Bose,Female,42,Visakhapatnam,Visakhapatnam,2022-09-21,Consumer,Organic Search
C008009,Diya Sharma,Male,18,Visakhapatnam,Visakhapatnam,2024-07-10,Consumer,Marketplace
C008010,Meera Yadav,Female,51,Ahmedabad,Ahmedabad,2023-07-24,Consumer,Organic Search
C008011,Vikram Yadav,Male,39,Lucknow,Lucknow,2026-05-18,Consumer,Email
C008012,Neha Kumar,Male,32,Ahmedabad,Ahmedabad,2023-07-22,Consumer,Organic Search
C008013,Aditya Iyer,Male,18,Gurugram,Gurugram,2023-10-16,Corporate,Social Media
C008014,Neha Kumar,Female,35,Jaipur,Jaipur,2022-06-01,Corporate,Organic Search
C008015,Siddharth Malhotra,Female,71,Noida,Noida,2026-03-25,Corporate,Organic Search
C008016,Sneha Gupta,Male,62,Ahmedabad,Ahmedabad,2026-04-21,Corporate,Paid Search
C008017,Ananya Rao,Male,46,Bhopal,Bhopal,2025-05-10,Consumer,Social Media
C008018,Ishaan Joshi,Female,49,Jaipur,Jaipur,2025-05-12,Consumer,Social Media
C008019,Reyansh Mehta,Male,22,Pune,Pune,2022-03-18,Small Business,Referral
C008020,Priya Sharma,Female,43,Surat,Surat,2023-05-21,Corporate,Organic Search
C008021,Karan Reddy,Male,39,Bhubaneswar,Bhubaneswar,2024-09-09,Home Office,Social Media
C008022,Meera Patel,Female,22,Surat,Surat,2024-10-16,Home Office,Social Media
C008023,Aarav Chopra,Male,43,Jaipur,Jaipur,2025-09-02,Consumer,Organic Search
C008024,Manish Chopra,Male,61,Bhopal,Bhopal,2024-03-14,Consumer,Social Media
C008025,Vikram Nair,Female,25,Ahmedabad,Ahmedabad,2024-06-01,Consumer,Organic Search
C008026,Ishaan Reddy,Male,46,Coimbatore,Coimbatore,2024-01-04,Consumer,Marketplace
C008027,Sneha Kumar,Male,45,Surat,Surat,2024-12-11,Consumer,Organic Search
C008028,Ishaan Patel,Female,28,Bhopal,Bhopal,2025-11-26,Consumer,Organic Search
C008029,Diya Gupta,Male,28,Gurugram,Gurugram,2022-03-04,Corporate,Referral
C008030,Nisha Shah,Female,23,Noida,Noida,2024-05-16,Consumer,Marketplace
C008031,Kabir Verma,Male,51,Jaipur,Jaipur,2026-05-04,Consumer,Email
C008032,Sneha Verma,Female,26,Mysuru,Mysuru,2025-05-17,Corporate,Marketplace
C008033,Riya Chopra,Male,22,Surat,Surat,2023-05-03,Corporate,Organic Search
C008034,Meera Joshi,Male,36,Chennai,Chennai,2025-10-24,Consumer,Social Media
C008035,Ananya Kapoor,Male,23,Mumbai,Mumbai,2022-08-03,Consumer,Marketplace
C008036,Kabir Shah,Male,37,Bhopal,Bhopal,2022-11-22,Consumer,Social Media
C008037,Aditi Chopra,Female,18,Pune,Pune,2024-04-19,Consumer,Referral
C008038,Tanya Verma,Female,18,Bengaluru,Bengaluru,2025-03-12,Consumer,Social Media
C008039,Isha Kumar,Male,51,Jaipur,Jaipur,2026-03-21,Corporate,Paid Search
C008040,Varun Rao,Male,27,Patna,Patna,2022-04-25,Home Office,Organic Search
C008041,Sanya Das,Female,18,Delhi,Delhi,2024-03-30,Consumer,Email
C008042,Manish Singh,Female,30,Noida,Noida,2025-01-17,Corporate,Email
C008043,Diya Gupta,Female,33,Indore,Indore,2025-02-17,Consumer,Paid Search
C008044,Rahul Gupta,Female,38,Visakhapatnam,Visakhapatnam,2024-04-28,Consumer,Paid Search
C008045,Priya Chopra,Female,23,Hyderabad,Hyderabad,2024-06-23,Home Office,Social Media
C008046,Vikram Iyer,Female,44,Chennai,Chennai,2025-06-23,Consumer,Paid Search
C008047,Manish Kumar,Female,20,Bhopal,Bhopal,2023-04-13,Corporate,Paid Search
C008048,Arjun Iyer,Female,40,Nagpur,Nagpur,2022-09-10,Consumer,Paid Search
C008049,Vikram Verma,Male,22,Hyderabad,Hyderabad,2024-02-23,Consumer,Paid Search
C008050,Diya Malhotra,Male,37,Hyderabad,Hyderabad,2023-10-02,Corporate,Social Media
C008051,Rohan Bose,Male,21,Jaipur,Jaipur,2026-03-18,Consumer,Marketplace
C008052,Vikram Nair,Male,40,Pune,Pune,2022-08-28,Consumer,Social Media
C008053,Neha Mishra,Male,36,Pune,Pune,2026-06-25,Home Office,Organic Search
C008054,Kabir Das,Female,28,Nagpur,Nagpur,2024-02-11,Consumer,Paid Search
C008055,Tanya Kapoor,Female,57,Kolkata,Kolkata,2022-10-08,Corporate,Organic Search
C008056,Tanya Mishra,Female,45,Chennai,Chennai,2022-06-25,Consumer,Marketplace
C008057,Krishna Mehta,Male,61,Visakhapatnam,Visakhapatnam,2024-11-20,Small Business,Organic Search
C008058,Reyansh Bose,Non-Binary,42,Kolkata,Kolkata,2024-12-18,Consumer,Social Media
C008059,Aarav Gupta,Female,32,Indore,Indore,2025-05-07,Consumer,Organic Search
C008060,Kavya Gupta,Male,23,Ahmedabad,Ahmedabad,2022-03-19,Home Office,Email
C008061,Aarav Kumar,Female,27,Lucknow,Lucknow,2024-05-01,Corporate,Paid Search
C008062,Vivaan Iyer,Male,48,Mysuru,Mysuru,2023-04-12,Corporate,Email
C008063,Aditi Kumar,Female,42,Chandigarh,Chandigarh,2025-02-15,Consumer,Email
C008064,Rohan Gupta,Female,43,Bhubaneswar,Bhubaneswar,2023-04-14,Consumer,Organic Search
C008065,Diya Das,Female,33,Jaipur,Jaipur,2025-05-25,Consumer,Affiliate
C008066,Kavya Chopra,Female,39,Chandigarh,Chandigarh,2025-03-12,Consumer,Marketplace
C008067,Ananya Sharma,Male,28,Guwahati,Guwahati,2026-07-14,Consumer,Social Media
C008068,Vikram Iyer,Male,33,Bhopal,Bhopal,2025-12-19,Corporate,Social Media
C008069,Nikhil Yadav,Male,41,Visakhapatnam,Visakhapatnam,2024-05-05,Home Office,Social Media
C008070,Tanya Singh,Female,29,Nagpur,Nagpur,2024-12-05,Consumer,Marketplace
C008071,Ishaan Kapoor,Male,48,Kochi,Kochi,2024-08-30,Consumer,Social Media
C008072,Reyansh Sharma,Female,28,Chennai,Chennai,2024-12-28,Consumer,Social Media
C008073,Unknown,Male,21,Chandigarh,Chandigarh,2023-02-17,Consumer,Social Media
C008074,Ananya Kumar,Non-Binary,39,Delhi,Delhi,2022-04-09,Consumer,Paid Search
C008075,Nisha Sharma,Female,39,Pune,Pune,,Consumer,Referral
C008076,Riya Gupta,Male,37,Mysuru,Mysuru,2022-02-25,Consumer,Paid Search
C008077,Priya Nair,Male,30,Gurugram,Gurugram,2024-12-17,Consumer,Social Media
C008078,Sneha Kumar,Female,32,Chandigarh,Chandigarh,2026-06-23,Home Office,Social Media
C008079,Nisha Bose,Female,40,Kochi,Kochi,2026-02-06,Small Business,Email
C008080,Neha Mishra,Male,45,Bengaluru,Bengaluru,2023-10-10,Corporate,Referral
C008081,Kabir Das,Female,28,Ahmedabad,Ahmedabad,2022-02-08,Small Business,Paid Search
C008082,Vikram Shah,Male,42,Nagpur,Nagpur,2024-02-25,Consumer,Social Media
C008083,Ishaan Mishra,Female,32,Kolkata,Kolkata,2025-08-29,Consumer,Referral
C008084,Aarav Yadav,Male,52,Hyderabad,Hyderabad,2024-11-29,Consumer,Email
C008085,Vikram Patel,Female,36,Hyderabad,Hyderabad,2024-12-01,Consumer,Affiliate
C008086,Sneha Kumar,Male,44,Kochi,Kochi,2024-11-25,Corporate,Social Media
C008087,Riya Das,Female,27,Chandigarh,Chandigarh,2024-10-08,Small Business,Social Media
C008088,Ananya Bose,Female,24,Nagpur,Nagpur,2024-12-24,Small Business,Affiliate
C008089,Kabir Yadav,Unknown,42,Hyderabad,Hyderabad,2025-01-13,Consumer,Organic Search
C008090,Kavya Nair,Female,18,Kochi,Kochi,2025-02-27,Consumer,Affiliate
C008091,Manish Shah,Male,37,Jaipur,Jaipur,2024-11-02,Corporate,Marketplace
C008092,Varun Nair,Female,44,Lucknow,Lucknow,2026-04-22,Corporate,Organic Search
C008093,Manish Sharma,Male,35,Patna,Patna,2026-04-13,Consumer,Email
C008094,Krishna Malhotra,Male,30,Pune,Pune,2022-11-13,Home Office,Social Media
C008095,Rahul Bose,Female,28,Coimbatore,Coimbatore,2024-07-01,Consumer,Social Media
C008096,Krishna Iyer,Male,21,Kolkata,Kolkata,2022-09-05,Home Office,Referral
C008097,Aditi Nair,Female,31,Mumbai,Mumbai,2025-04-24,Home Office,Organic Search
C008098,Ananya Mehta,Female,36,Ahmedabad,Ahmedabad,2024-03-25,Consumer,Paid Search
C008099,Riya Bose,Male,26,Nagpur,Nagpur,2023-06-08,Corporate,Social Media
C008100,Nikhil Kumar,Male,29,Kochi,Kochi,2026-06-19,Corporate,Organic Search
C008101,Neha Kapoor,Female,37,Mumbai,Mumbai,2023-02-15,Home Office,Marketplace
C008102,Pooja Rao,Female,36,Mysuru,Mysuru,2022-09-02,Corporate,Social Media
C008103,Neha Nair,Male,40,Bhubaneswar,Bhubaneswar,2023-12-05,Corporate,Organic Search
C008104,Neha Reddy,Male,22,Patna,Patna,2024-01-05,Consumer,Email
C008105,Siddharth Das,Female,48,Jaipur,Jaipur,2022-12-25,Home Office,Organic Search
C008106,Ananya Verma,Female,27,Noida,Noida,2022-01-16,Home Office,Organic Search
C008107,Kavya Sharma,Female,45,Patna,Patna,2026-07-12,Small Business,Referral
C008108,Riya Rao,Male,36,Bhubaneswar,Bhubaneswar,,Corporate,Organic Search
C008109,Nikhil Shah,Female,31,Visakhapatnam,Visakhapatnam,2023-04-16,Home Office,Organic Search
C008110,Karan Yadav,Male,32,Bengaluru,Bengaluru,2023-06-23,Consumer,Social Media
C008111,Diya Bose,Female,33,Guwahati,Guwahati,2025-06-23,Consumer,Social Media
C008112,Vikram Malhotra,Male,32,Kochi,Kochi,2023-08-03,Corporate,Email
C008113,Kabir Das,Female,42,Indore,Indore,2022-07-29,Corporate,Affiliate
C008114,Priya Iyer,Male,19,Hyderabad,Hyderabad,2022-07-26,Corporate,Social Media
C008115,Pooja Patel,Female,53,Visakhapatnam,Visakhapatnam,2025-04-14,Corporate,Organic Search
C008116,Tanya Das,Male,27,Indore,Indore,2026-06-13,Consumer,Organic Search
C008117,Priya Reddy,Male,23,Patna,Patna,,Consumer,Paid Search
C008118,Pooja Singh,Male,41,Surat,Surat,2022-03-09,Consumer,Organic Search
C008119,Vivaan Verma,Female,29,Bhubaneswar,Bhubaneswar,2024-03-09,Consumer,Paid Search
C008120,Kabir Joshi,Female,26,Kochi,Kochi,2025-02-05,Consumer,Organic Search
C008121,Arjun Kapoor,Female,24,Patna,Patna,2024-12-15,Consumer,Referral
C008122,Priya Verma,Female,23,Pune,Pune,2023-09-15,Consumer,Referral
C008123,Sneha Das,Male,21,Pune,Pune,2022-11-02,Home Office,Paid Search
C008124,Varun Mishra,Female,23,Patna,Patna,2023-07-10,Corporate,Organic Search
C008125,Aarav Das,Male,33,Nagpur,Nagpur,2024-04-03,Consumer,Email
C008126,Karan Patel,Male,20,Ahmedabad,Ahmedabad,2026-04-12,Home Office,Organic Search
C008127,Aditi Mishra,Female,18,Chennai,Chennai,2026-04-10,Consumer,Organic Search
C008128,Tanya Gupta,Male,24,Visakhapatnam,Visakhapatnam,2023-10-11,Corporate,Email
C008129,Meera Bose,Female,43,Surat,Surat,2025-12-16,Consumer,Organic Search
C008130,Isha Nair,Female,38,Ahmedabad,Ahmedabad,2023-01-08,Corporate,Referral
C008131,Sanya Mishra,Male,28,Hyderabad,Hyderabad,2025-02-01,Home Office,Marketplace
C008132,Ananya Mehta,Male,36,Lucknow,Lucknow,2024-07-05,Consumer,Organic Search
C008133,Riya Shah,Male,32,Bhubaneswar,Bhubaneswar,2022-07-07,Consumer,Email
C008134,Pooja Patel,Female,28,Indore,Indore,2026-04-07,Home Office,Paid Search
C008135,Rahul Rao,Female,29,Hyderabad,Hyderabad,2025-03-17,Corporate,Organic Search
C008136,Varun Patel,Male,28,Gurugram,Gurugram,2022-09-21,Corporate,Referral
C008137,Rohan Chopra,Female,43,Guwahati,Guwahati,2026-07-09,Corporate,Social Media
C008138,Tanya Mehta,Female,48,Bengaluru,Bengaluru,2022-07-23,Consumer,Email
C008139,Varun Singh,Male,25,Guwahati,Guwahati,2024-12-22,Consumer,Social Media
C008140,Rohan Patel,Male,66,Coimbatore,Coimbatore,2022-05-04,Consumer,Organic Search
C008141,Siddharth Reddy,Female,41,Patna,Patna,2023-06-10,Corporate,Social Media
C008142,Unknown,Female,26,Lucknow,Lucknow,2026-05-02,Corporate,Marketplace
C008143,Karan Malhotra,Female,30,Mumbai,Mumbai,2024-02-19,Consumer,Email
C008144,Isha Shah,Male,31,Gurugram,Gurugram,2024-05-19,Corporate,Email
C008145,Rohan Yadav,Female,42,Mysuru,Mysuru,2022-05-28,Consumer,Organic Search
C008146,Kabir Chopra,Female,28,Bhopal,Bhopal,2023-08-11,Consumer,Paid Search
C008147,Krishna Singh,Female,47,Coimbatore,Coimbatore,2024-08-08,Consumer,Referral
C008148,Siddharth Nair,Male,38,Indore,Indore,2024-12-18,Home Office,Email
C008149,Varun Chopra,Male,52,Lucknow,Lucknow,2026-02-05,Consumer,Referral
C008150,Vivaan Das,Female,62,Delhi,Delhi,2026-01-19,Consumer,Organic Search
C008151,Ishaan Mishra,Male,54,Chandigarh,Chandigarh,2025-01-26,Consumer,Organic Search
C008152,Kabir Chopra,Male,18,Kochi,Kochi,2023-03-13,Consumer,Paid Search
C008153,Vivaan Chopra,Female,37,Mysuru,Mysuru,2023-05-21,Consumer,Paid Search
C008154,Unknown,Male,26,Patna,Patna,2024-01-05,Small Business,Marketplace
C008155,Meera Bose,Male,35,Surat,Surat,2025-02-12,Corporate,Organic Search
C008156,Varun Patel,Male,30,Bhubaneswar,Bhubaneswar,2024-03-27,Home Office,Social Media
C008157,Diya Chopra,Female,43,Delhi,Delhi,2026-07-21,Small Business,Marketplace
C008158,Ananya Patel,Female,41,Patna,Patna,2024-08-11,Home Office,Affiliate
C008159,Sneha Verma,Female,21,Bengaluru,Bengaluru,2024-10-20,Consumer,Organic Search
C008160,Sneha Gupta,Male,22,Visakhapatnam,Visakhapatnam,2025-10-05,Home Office,Affiliate
C008161,Sneha Nair,Female,28,Kolkata,Kolkata,2023-02-01,Consumer,Paid Search
C008162,Siddharth Mehta,Male,38,Bengaluru,Bengaluru,2026-04-19,Consumer,Referral
C008163,Kavya Kapoor,Male,22,Indore,Indore,2024-02-10,Consumer,Social Media
C008164,Arjun Shah,Female,30,Hyderabad,Hyderabad,2022-05-18,Corporate,Social Media
C008165,Aarav Bose,Male,31,Patna,Patna,2024-05-20,Consumer,Paid Search
C008166,Aditya Bose,Male,18,Delhi,Delhi,2025-03-30,Consumer,Email
C008167,Arjun Mishra,Female,33,Guwahati,Guwahati,2025-04-18,Corporate,Paid Search
C008168,Neha Chopra,Male,27,Indore,Indore,2024-03-24,Consumer,Marketplace
C008169,Tanya Das,Male,36,Bengaluru,Bengaluru,2024-12-10,Home Office,Affiliate
C008170,Neha Mishra,Female,41,Patna,Patna,2024-12-28,Home Office,Organic Search
C008171,Kabir Bose,Male,21,Mumbai,Mumbai,2026-04-18,Home Office,Email
C008172,Siddharth Nair,Male,43,Mysuru,Mysuru,2023-10-18,Consumer,Social Media
C008173,Neha Joshi,Male,23,Bengaluru,Bengaluru,2022-09-21,Consumer,Paid Search
C008174,Kavya Singh,Male,37,Kochi,Kochi,2025-02-01,Consumer,Email
C008175,Kabir Mishra,Female,20,Lucknow,Lucknow,2025-04-10,Corporate,Paid Search
C008176,Sanya Bose,Female,37,Jaipur,Jaipur,2022-07-22,Consumer,Marketplace
C008177,Nikhil Bose,Female,45,Bengaluru,Bengaluru,2022-11-18,Consumer,Marketplace
C008178,Priya Shah,Male,34,Indore,Indore,2022-11-19,Consumer,Social Media
C008179,Manish Nair,Male,42,Hyderabad,Hyderabad,2022-12-01,Consumer,Social Media
C008180,Aarav Joshi,Female,38,Bhubaneswar,Bhubaneswar,2023-03-04,Small Business,Email
C008181,Tanya Kumar,Female,53,Patna,Patna,2025-05-18,Consumer,Organic Search
C008182,Krishna Kapoor,Male,25,Chandigarh,Chandigarh,2024-05-22,Consumer,Organic Search
C008183,Ishaan Singh,Female,29,Chennai,Chennai,2025-09-15,Consumer,Social Media
C008184,Vivaan Gupta,Male,44,Bhopal,Bhopal,2025-07-19,Consumer,Referral
C008185,Siddharth Joshi,Female,18,Gurugram,Gurugram,2024-03-26,Consumer,Social Media
C008186,Sneha Reddy,Male,36,Pune,Pune,2022-12-24,Consumer,Organic Search
C008187,Aarav Shah,Female,47,Delhi,Delhi,2023-05-26,Corporate,Social Media
C008188,Rahul Malhotra,Female,40,Mysuru,Mysuru,2022-08-16,Consumer,Referral
C008189,Meera Nair,Male,21,Hyderabad,Hyderabad,2023-04-25,Home Office,Organic Search
C008190,Ananya Rao,Male,36,Noida,Noida,2023-01-10,Consumer,Email
C008191,Priya Singh,Male,40,Delhi,Delhi,2025-01-03,Unknown,Paid Search
C008192,Varun Mishra,Female,52,Mumbai,Mumbai,2022-03-02,Corporate,Paid Search
C008193,Sneha Malhotra,Male,35,Bhubaneswar,Bhubaneswar,2025-11-06,Consumer,Referral
C008194,Rahul Iyer,Female,18,Mysuru,Mysuru,2025-08-02,Consumer,Social Media
C008195,Kavya Mehta,Female,43,Coimbatore,Coimbatore,2026-07-20,Corporate,Social Media
C008196,Sneha Yadav,Female,22,Chennai,Chennai,2023-07-27,Small Business,Organic Search
C008197,Varun Iyer,Male,27,Guwahati,Guwahati,2022-11-11,Consumer,Paid Search
C008198,Karan Nair,Female,37,Nagpur,Nagpur,2023-04-17,Consumer,Organic Search
C008199,Siddharth Nair,Male,18,Kochi,Kochi,2022-12-05,Consumer,Social Media
C008200,Vivaan Verma,Male,52,Bengaluru,Bengaluru,2023-10-03,Consumer,Social Media
C008201,Arjun Gupta,Female,54,Noida,Noida,2022-12-30,Small Business,Social Media
C008202,Neha Kumar,Male,18,Pune,Pune,2025-10-15,Consumer,Organic Search
C008203,Krishna Mishra,Male,26,Pune,Pune,2023-11-16,Consumer,Referral
C008204,Meera Gupta,Male,50,Mumbai,Mumbai,2024-03-03,Consumer,Paid Search
C008205,Manish Chopra,Female,18,Bhopal,Bhopal,2026-04-16,Home Office,Social Media
C008206,Siddharth Rao,Male,18,Visakhapatnam,Visakhapatnam,2024-11-01,Consumer,Paid Search
C008207,Reyansh Patel,Female,43,Guwahati,Guwahati,2022-03-02,Consumer,Marketplace
C008208,Aditya Gupta,Unknown,41,Indore,Indore,2024-02-10,Small Business,Social Media
C008209,Aarav Das,Female,36,Mumbai,Mumbai,2024-03-26,Consumer,Paid Search
C008210,Priya Sharma,Male,35,Nagpur,Nagpur,2026-06-02,Consumer,Affiliate
C008211,Siddharth Patel,Male,32,Lucknow,Lucknow,2026-03-03,Corporate,Marketplace
C008212,Aditi Shah,Female,20,Ahmedabad,Ahmedabad,2025-07-01,Home Office,Social Media
C008213,Siddharth Yadav,Female,33,Visakhapatnam,Visakhapatnam,2022-03-12,Consumer,Paid Search
C008214,Kabir Singh,Female,36,Kolkata,Kolkata,2026-06-08,Consumer,Organic Search
C008215,Kabir Iyer,Female,36,Chennai,Chennai,2022-01-31,Consumer,Paid Search
C008216,Rahul Yadav,Male,30,Gurugram,Gurugram,2025-05-30,Consumer,Paid Search
C008217,Vivaan Chopra,Male,32,Ahmedabad,Ahmedabad,2023-09-10,Small Business,Organic Search
C008218,Nisha Iyer,Male,26,Coimbatore,Coimbatore,2026-02-10,Small Business,Social Media
C008219,Rohan Joshi,Male,29,Chennai,Chennai,2022-11-16,Consumer,Organic Search
C008220,Aditya Malhotra,Female,39,Jaipur,Jaipur,2026-06-16,Consumer,Paid Search
C008221,Kavya Shah,Female,46,Visakhapatnam,Visakhapatnam,2024-06-07,Corporate,Paid Search
C008222,Aditya Verma,Male,51,Pune,Pune,2026-03-17,Consumer,Organic Search
C008223,Rohan Mishra,Male,37,Jaipur,Jaipur,2023-09-28,Consumer,Affiliate
C008224,Aarav Malhotra,Female,34,Visakhapatnam,Visakhapatnam,2026-04-07,Home Office,Referral
C008225,Nikhil Verma,Male,32,Noida,Noida,2026-05-16,Corporate,Organic Search
C008226,Isha Shah,Female,44,Guwahati,Guwahati,2022-08-24,Consumer,Social Media
C008227,Kavya Reddy,Male,27,Nagpur,Nagpur,2024-07-03,Unknown,Paid Search
C008228,Riya Patel,Female,60,Kolkata,Kolkata,2026-03-04,Consumer,Paid Search
C008229,Sanya Kumar,Female,45,Hyderabad,Hyderabad,2023-10-27,Corporate,Social Media
C008230,Ishaan Sharma,Male,42,Chennai,Chennai,2024-12-18,Small Business,Organic Search
C008231,Arjun Mehta,Female,51,Gurugram,Gurugram,2026-03-20,Consumer,Organic Search
C008232,Aditi Sharma,Male,38,Chandigarh,Chandigarh,2022-07-26,Consumer,Email
C008233,Meera Sharma,Female,45,Mysuru,Mysuru,2025-12-26,Consumer,Organic Search
C008234,Meera Singh,Female,45,Kochi,Kochi,2026-02-11,Home Office,Social Media
C008235,Vivaan Bose,Male,37,Guwahati,Guwahati,2023-03-24,Consumer,Email
C008236,Vivaan Bose,Female,25,Nagpur,Nagpur,2024-03-18,Consumer,Paid Search
C008237,Aditi Kapoor,Male,40,Gurugram,Gurugram,2022-08-04,Consumer,Organic Search
C008238,Rohan Shah,Female,18,Visakhapatnam,Visakhapatnam,2026-04-25,Consumer,Marketplace
C008239,Ishaan Joshi,Female,21,Mumbai,Mumbai,2024-05-25,Consumer,Organic Search
C008240,Rahul Singh,Male,28,Jaipur,Jaipur,2026-01-23,Consumer,Marketplace
C008241,Rahul Kumar,Male,21,Chandigarh,Chandigarh,2024-03-19,Consumer,Marketplace
C008242,Priya Yadav,Male,37,Hyderabad,Hyderabad,2024-07-31,Consumer,Organic Search
C008243,Aditi Gupta,Female,27,Chandigarh,Chandigarh,2023-12-18,Consumer,Organic Search
C008244,Karan Nair,Female,30,Guwahati,Guwahati,2026-01-06,Corporate,Organic Search
C008245,Nisha Mishra,Non-Binary,26,Hyderabad,Hyderabad,2025-02-02,Home Office,Social Media
C008246,Ananya Rao,Male,44,Kochi,Kochi,2023-10-29,Consumer,Organic Search
C008247,Riya Verma,Female,38,Chandigarh,Chandigarh,2024-06-01,Consumer,Social Media
C008248,Ishaan Gupta,Male,43,Mysuru,Mysuru,2023-10-26,Small Business,Email
C008249,Aarav Reddy,Male,23,Guwahati,Guwahati,2025-10-15,Corporate,Marketplace
C008250,Vivaan Singh,Male,52,Pune,Pune,2022-03-19,Corporate,Paid Search
C008251,Ishaan Rao,Male,50,Bhubaneswar,Bhubaneswar,2026-06-20,Corporate,Paid Search
C008252,Neha Patel,Female,47,Mysuru,Mysuru,2024-04-19,Corporate,Paid Search
C008253,Kavya Patel,Male,42,Nagpur,Nagpur,2022-07-12,Home Office,Organic Search
C008254,Riya Kumar,Female,29,Coimbatore,Coimbatore,2023-04-23,Home Office,Social Media
C008255,Varun Bose,Female,18,Nagpur,Nagpur,2025-10-09,Consumer,Email
C008256,Vikram Malhotra,Female,46,Noida,Noida,2024-05-24,Consumer,Paid Search
C008257,Vivaan Patel,Male,23,Kochi,Kochi,2025-01-28,Corporate,Email
C008258,Aditi Sharma,Female,28,Patna,Patna,2022-10-09,Home Office,Referral
C008259,Arjun Joshi,Female,51,Bhubaneswar,Bhubaneswar,2025-03-15,Consumer,Organic Search
C008260,Sneha Kumar,Male,42,Kochi,Kochi,2026-05-09,Consumer,Organic Search
C008261,Neha Shah,Female,39,Chandigarh,Chandigarh,2024-09-08,Consumer,Marketplace
C008262,Rohan Kumar,Female,35,Gurugram,Gurugram,2024-04-07,Consumer,Paid Search
C008263,Nikhil Rao,Male,20,Bengaluru,Bengaluru,2023-03-14,Consumer,Marketplace
C008264,Riya Das,Female,34,Nagpur,Nagpur,2023-04-05,Consumer,Referral
C008265,Aditya Rao,Female,36,Nagpur,Nagpur,2025-01-18,Consumer,Organic Search
C008266,Siddharth Joshi,Female,41,Surat,Surat,2023-03-08,Home Office,Paid Search
C008267,Nikhil Bose,Male,42,Surat,Surat,2025-08-27,Corporate,Social Media
C008268,Manish Singh,Male,22,Delhi,Delhi,2024-05-08,Consumer,Social Media
C008269,Nikhil Chopra,Male,39,Delhi,Delhi,2024-07-28,Consumer,Social Media
C008270,Tanya Shah,Male,39,Pune,Pune,2026-02-05,Corporate,Marketplace
C008271,Rohan Das,Male,51,Indore,Indore,2023-05-31,Consumer,Social Media
C008272,Sneha Verma,Female,44,Kolkata,Kolkata,2024-11-24,Small Business,Social Media
C008273,Krishna Patel,Male,24,Guwahati,Guwahati,2025-02-13,Consumer,Social Media
C008274,Priya Sharma,Male,32,Kolkata,Kolkata,2024-01-13,Consumer,Marketplace
C008275,Rahul Chopra,Male,31,Bengaluru,Bengaluru,2023-09-19,Consumer,Referral
C008276,Karan Gupta,Male,22,Noida,Noida,2023-04-29,Corporate,Organic Search
C008277,Ananya Joshi,Female,45,Mumbai,Mumbai,2022-03-03,Consumer,Paid Search
C008278,Pooja Patel,Male,56,Guwahati,Guwahati,2025-01-12,Consumer,Affiliate
C008279,Krishna Sharma,Male,54,Surat,Surat,2022-02-22,Corporate,Social Media
C008280,Varun Yadav,Male,42,Lucknow,Lucknow,2022-05-19,Consumer,Organic Search
C008281,Sneha Das,Male,31,Mumbai,Mumbai,2025-02-11,Home Office,Referral
C008282,Sanya Reddy,Female,34,Delhi,Delhi,2025-12-22,Consumer,Social Media
C008283,Aditi Verma,Male,39,Guwahati,Guwahati,2026-03-18,Consumer,Referral
C008284,Reyansh Yadav,Male,31,Unknown,Unknown,2023-07-24,Consumer,Paid Search
C008285,Kavya Shah,Male,18,Lucknow,Lucknow,2024-10-22,Consumer,Referral
C008286,Ishaan Yadav,Male,25,Coimbatore,Coimbatore,2026-07-22,Home Office,Email
C008287,Sneha Iyer,Male,35,Gurugram,Gurugram,2024-03-31,Consumer,Organic Search
C008288,Aditi Das,Male,21,Chennai,Chennai,2024-02-26,Consumer,Social Media
C008289,Kabir Verma,Male,28,Pune,Pune,2024-11-14,Corporate,Email
C008290,Rohan Chopra,Male,23,Coimbatore,Coimbatore,2025-12-30,Consumer,Organic Search
C008291,Vikram Shah,Male,34,Noida,Noida,2024-11-25,Consumer,Referral
C008292,Rahul Patel,Male,27,Indore,Indore,2024-02-27,Consumer,Email
C008293,Pooja Shah,Female,30,Gurugram,Gurugram,2023-01-13,Consumer,Social Media
C008294,Rahul Mishra,Male,18,Pune,Pune,2026-01-13,Consumer,Marketplace
C008295,Riya Gupta,Male,20,Hyderabad,Hyderabad,2022-05-29,Consumer,Paid Search
C008296,Varun Rao,Female,38,Hyderabad,Hyderabad,2022-06-22,Corporate,Paid Search
C008297,Arjun Rao,Male,40,Bhubaneswar,Bhubaneswar,2023-02-15,Consumer,Referral
C008298,Kavya Das,Female,44,Indore,Indore,2025-01-22,Home Office,Social Media
C008299,Varun Rao,Female,34,Kolkata,Kolkata,2025-11-04,Corporate,Organic Search
C008300,Siddharth Patel,Non-Binary,19,Kolkata,Kolkata,2026-03-08,Consumer,Affiliate
C008301,Kavya Nair,Unknown,28,Visakhapatnam,Visakhapatnam,2024-06-04,Consumer,Paid Search
C008302,Sneha Rao,Male,41,Gurugram,Gurugram,2022-04-25,Consumer,Email
C008303,Pooja Shah,Female,30,Indore,Indore,2023-10-14,Consumer,Social Media
C008304,Reyansh Rao,Male,18,Chennai,Chennai,2023-06-25,Consumer,Paid Search
C008305,Sneha Shah,Male,23,Noida,Noida,2026-04-18,Consumer,Referral
C008306,Ananya Kapoor,Female,35,Surat,Surat,2022-03-12,Consumer,Organic Search
C008307,Aarav Shah,Female,48,Guwahati,Guwahati,2022-10-31,Consumer,Paid Search
C008308,Manish Verma,Female,34,Hyderabad,Hyderabad,2024-01-13,Consumer,Organic Search
C008309,Meera Iyer,Male,41,Lucknow,Lucknow,2022-07-13,Consumer,Organic Search
C008310,Ishaan Sharma,Female,35,Delhi,Delhi,2022-12-24,Consumer,Paid Search
C008311,Sneha Singh,Female,51,Mumbai,Mumbai,2025-12-19,Consumer,Organic Search
C008312,Tanya Nair,Male,50,Kolkata,Kolkata,,Consumer,Organic Search
C008313,Krishna Das,Male,27,Mumbai,Mumbai,2026-05-31,Corporate,Paid Search
C008314,Aditi Kumar,Female,42,Bengaluru,Bengaluru,2024-04-14,Corporate,Organic Search
C008315,Rahul Nair,Female,23,Visakhapatnam,Visakhapatnam,2022-11-26,Consumer,Email
C008316,Diya Mishra,Female,45,Bhubaneswar,Bhubaneswar,2025-10-17,Consumer,Social Media
C008317,Meera Patel,Male,41,Chandigarh,Chandigarh,2025-02-07,Consumer,Referral
C008318,Tanya Yadav,Male,21,Kolkata,Kolkata,2026-04-07,Small Business,Referral
C008319,Tanya Shah,Non-Binary,25,Mysuru,Mysuru,2022-11-10,Consumer,Paid Search
C008320,Nisha Chopra,Male,21,Chennai,Chennai,2022-09-10,Small Business,Social Media
C008321,RAHUL BOSE,Female,44,Mumbai,Mumbai,2023-03-27,Home Office,Referral
C008322,Sneha Das,Female,40,Kochi,Kochi,2025-09-25,Consumer,Social Media
C008323,Isha Kumar,Female,18,Coimbatore,Coimbatore,2025-06-08,Home Office,Social Media
C008324,Priya Gupta,Male,39,Hyderabad,Hyderabad,2025-10-26,Consumer,Organic Search
C008325,Manish Das,Male,52,Kolkata,Kolkata,2025-02-05,Consumer,Organic Search
C008326,Neha Iyer,Male,57,Surat,Surat,2023-04-24,Consumer,Social Media
C008327,Aditi Mishra,Female,32,Coimbatore,Coimbatore,2022-04-03,Home Office,Social Media
C008328,Riya Kumar,Female,40,Jaipur,Jaipur,2024-10-13,Consumer,Referral
C008329,Krishna Verma,Male,52,Noida,Noida,2025-05-17,Consumer,Paid Search
C008330,Nisha Chopra,Non-Binary,34,Guwahati,Guwahati,2025-04-16,Corporate,Social Media
C008331,Meera Mishra,Male,33,Visakhapatnam,Visakhapatnam,2022-08-05,Consumer,Organic Search
C008332,Varun Nair,Male,18,Mumbai,Mumbai,2025-04-03,Consumer,Social Media
C008333,Kabir Bose,Female,52,Kochi,Kochi,2024-06-02,Consumer,Social Media
C008334,Riya Verma,Male,20,Jaipur,Jaipur,2022-06-13,Consumer,Email
C008335,Varun Mishra,Male,34,Indore,Indore,2022-10-07,Consumer,Social Media
C008336,Kabir Mehta,Male,22,Pune,Pune,2025-03-22,Consumer,Paid Search
C008337,Sneha Sharma,Male,21,Patna,Patna,2022-03-24,Corporate,Marketplace
C008338,Diya Das,Female,32,Pune,Pune,2024-10-02,Consumer,Paid Search
C008339,KARAN MALHOTRA,Male,46,Guwahati,Guwahati,2025-11-08,Consumer,Organic Search
C008340,Arjun Mehta,Male,19,Pune,Pune,2026-06-16,Small Business,Marketplace
C008341,Kabir Mishra,Male,18,Bhopal,Bhopal,2025-07-25,Consumer,Affiliate
C008342,Varun Das,Male,18,Gurugram,Gurugram,2024-08-18,Corporate,Referral
C008343,Rahul Nair,Male,33,Visakhapatnam,Visakhapatnam,2025-03-08,Consumer,Organic Search
C008344,Arjun Iyer,Female,45,Mumbai,Mumbai,2023-04-29,Consumer,Paid Search
C008345,Kavya Reddy,Male,54,Gurugram,Gurugram,2024-11-25,Corporate,Email
C008346,Krishna Bose,Female,44,Surat,Surat,2023-11-29,Consumer,Marketplace
C008347,Arjun Singh,Female,23,Kochi,Kochi,2023-12-13,Corporate,Referral
C008348,Vikram Yadav,Female,26,Pune,Pune,2023-05-06,Corporate,Referral
C008349,aditya shah,Male,46,Surat,Surat,2024-09-13,Consumer,Paid Search
C008350,Pooja Das,Male,46,Mumbai,Mumbai,2024-12-29,Consumer,Paid Search
C008351,Ishaan Gupta,Female,43,Hyderabad,Hyderabad,2023-01-22,Home Office,Organic Search
C008352,Pooja Yadav,Female,30,Noida,Noida,2025-11-29,Home Office,Social Media
C008353,Neha Verma,Female,20,Indore,Indore,2025-07-18,Corporate,Social Media
C008354,Manish Rao,Female,21,Coimbatore,Coimbatore,2023-02-10,Consumer,Referral
C008355,Tanya Sharma,Male,43,Coimbatore,Coimbatore,2022-01-17,Consumer,Affiliate
C008356,Sneha Gupta,Male,42,Chandigarh,Chandigarh,2025-04-26,Consumer,Organic Search
C008357,Aditya Yadav,Female,37,Hyderabad,Hyderabad,2023-01-03,Consumer,Referral
C008358,Ananya Reddy,Female,27,Unknown,Unknown,2025-04-29,Corporate,Social Media
C008359,Reyansh Shah,Male,47,Gurugram,Gurugram,2025-02-16,Home Office,Referral
C008360,Tanya Joshi,Female,35,Bengaluru,Bengaluru,2026-05-12,Corporate,Marketplace
C008361,Arjun Rao,Female,34,Visakhapatnam,Visakhapatnam,2022-10-22,Consumer,Paid Search
C008362,Sanya Nair,Female,44,Chennai,Chennai,2026-02-01,Corporate,Referral
C008363,Siddharth Verma,Non-Binary,38,Bhopal,Bhopal,2022-01-14,Consumer,Referral
C008364,Manish Rao,Male,24,Bhubaneswar,Bhubaneswar,2025-05-11,Consumer,Affiliate
C008365,Aarav Patel,Male,18,Bhubaneswar,Bhubaneswar,2022-05-05,Corporate,Social Media
C008366,Rohan Patel,Male,47,Coimbatore,Coimbatore,2025-12-12,Consumer,Organic Search
C008367,Priya Reddy,Female,29,Jaipur,Jaipur,2025-11-12,Consumer,Organic Search
C008368,Aditya Reddy,Female,30,Jaipur,Jaipur,2025-04-23,Home Office,Paid Search
C008369,Sanya Mehta,Female,43,Nagpur,Nagpur,2022-12-14,Consumer,Paid Search
C008370,Kavya Iyer,Female,34,Hyderabad,Hyderabad,2022-11-06,Small Business,Referral
C008371,Reyansh Iyer,Female,19,Gurugram,Gurugram,2025-02-23,Consumer,Social Media
C008372,Vivaan Kapoor,Female,30,Bengaluru,Bengaluru,2025-07-02,Consumer,Email
C008373,Arjun Rao,Male,34,Chennai,Chennai,2025-07-28,Small Business,Organic Search
C008374,Aditya Reddy,Male,42,Mumbai,Mumbai,2022-05-08,Home Office,Social Media
C008375,Rohan Mehta,Female,21,Surat,Surat,2026-01-01,Consumer,Referral
C008376,Riya Mishra,Female,25,Jaipur,Jaipur,2022-11-11,Consumer,Paid Search
C008377,Krishna Das,Female,20,Mysuru,Mysuru,2025-07-29,Corporate,Paid Search
C008378,Kavya Iyer,Female,21,Kochi,Kochi,2022-08-21,Home Office,Organic Search
C008379,Manish Mishra,Female,44,Pune,Pune,2024-02-24,Home Office,Referral
C008380,Aditi Verma,Female,27,Jaipur,Jaipur,2024-07-02,Consumer,Referral
C008381,Vikram Nair,Female,29,Lucknow,Lucknow,2022-05-09,Corporate,Marketplace
C008382,Aarav Mishra,Male,18,Hyderabad,Hyderabad,2024-06-01,Consumer,Paid Search
C008383,Aditya Verma,Female,18,Coimbatore,Coimbatore,2024-09-26,Consumer,Email
C008384,Aditi Singh,Female,45,Jaipur,Jaipur,2025-06-24,Consumer,Referral
C008385,Aditya Rao,Female,30,Hyderabad,Hyderabad,2024-01-28,Consumer,Social Media
C008386,Pooja Singh,Male,30,Gurugram,Gurugram,2025-12-18,Consumer,Paid Search
C008387,Riya Verma,Male,41,Pune,Pune,2025-04-26,Consumer,Organic Search
C008388,Siddharth Das,Female,39,Visakhapatnam,Visakhapatnam,2025-07-16,Small Business,Marketplace
C008389,Sanya Bose,Male,42,Indore,Indore,2023-06-10,Consumer,Social Media
C008390,Nisha Chopra,Male,42,Kolkata,Kolkata,2024-11-29,Corporate,Organic Search
C008391,Rohan Sharma,Male,34,Hyderabad,Hyderabad,2023-01-28,Corporate,Organic Search
C008392,Arjun Gupta,Female,38,Chennai,Chennai,2024-01-22,Consumer,Marketplace
C008393,Vikram Yadav,Male,44,Noida,Noida,2022-03-05,Consumer,Email
C008394,Aditi Mishra,Male,30,Lucknow,Lucknow,2026-03-21,Home Office,Referral
C008395,Varun Verma,Male,30,Lucknow,Lucknow,2022-08-26,Home Office,Paid Search
C008396,Manish Mehta,Female,25,Mumbai,Mumbai,2023-09-05,Small Business,Organic Search
C008397,Ishaan Iyer,Male,21,Chennai,Chennai,2023-11-01,Corporate,Organic Search
C008398,Nisha Patel,Male,26,Chennai,Chennai,2024-05-20,Small Business,Email
C008399,Meera Mishra,Male,18,Bhubaneswar,Bhubaneswar,2025-03-08,Corporate,Affiliate
C008400,Aditi Reddy,Female,18,Ahmedabad,Ahmedabad,2022-12-05,Home Office,Organic Search
C008401,Rahul Verma,Female,29,Coimbatore,Coimbatore,2025-01-16,Consumer,Organic Search
C008402,Vikram Joshi,Female,40,Bhopal,Bhopal,2024-12-31,Consumer,Organic Search
C008403,Nisha Chopra,Non-Binary,46,Chennai,Chennai,2024-08-15,Small Business,Organic Search
C008404,Arjun Bose,Female,21,Delhi,Delhi,2023-10-05,Consumer,Organic Search
C008405,Arjun Verma,Female,36,Chandigarh,Chandigarh,2026-02-24,Consumer,Organic Search
C008406,Kavya Gupta,Female,44,Lucknow,Lucknow,2025-07-29,Consumer,Marketplace
C008407,Riya Nair,Female,35,Noida,Noida,2022-04-15,Home Office,Social Media
C008408,Rohan Mishra,Male,33,Ahmedabad,Ahmedabad,2023-06-28,Consumer,Marketplace
C008409,Varun Bose,Female,27,Indore,Indore,2024-11-06,Consumer,Referral
C008410,Aarav Patel,Male,22,Pune,Pune,2025-04-11,Home Office,Paid Search
C008411,Nisha Chopra,Male,21,Chandigarh,Chandigarh,2023-01-27,Home Office,Social Media
C008412,Priya Mishra,Female,36,Jaipur,Jaipur,2022-07-12,Home Office,Marketplace
C008413,Reyansh Singh,Female,34,Coimbatore,Coimbatore,2025-07-30,Consumer,Email
C008414,Reyansh Das,Female,46,Pune,Pune,2023-07-11,Consumer,Marketplace
C008415,Siddharth Mishra,Female,30,Indore,Indore,2025-02-04,Corporate,Social Media
C008416,Aditi Mishra,Female,41,Mysuru,Mysuru,2025-05-08,Consumer,Marketplace
C008417,Krishna Gupta,Male,26,Gurugram,Gurugram,2025-05-17,Consumer,Organic Search
C008418,Krishna Nair,Male,39,Hyderabad,Hyderabad,2022-03-27,Consumer,Social Media
C008419,Krishna Kumar,Male,39,Bhubaneswar,Bhubaneswar,2025-11-25,Home Office,Email
C008420,Rohan Malhotra,Female,38,Surat,Surat,2025-05-31,Corporate,Email
C008421,Krishna Mehta,Male,19,Delhi,Delhi,2025-04-23,Corporate,Paid Search
C008422,Aarav Joshi,Male,57,Chennai,Chennai,2026-01-31,Consumer,Organic Search
C008423,Vikram Chopra,Female,47,Chandigarh,Chandigarh,2024-10-25,Consumer,Organic Search
C008424,Rohan Kapoor,Male,25,Jaipur,Jaipur,2022-08-28,Consumer,Marketplace
C008425,Neha Gupta,Male,32,Noida,Noida,2023-10-19,Consumer,Paid Search
C008426,Priya Das,Male,34,Delhi,Delhi,2024-02-04,Home Office,Organic Search
C008427,Vivaan Mehta,Female,23,Bhubaneswar,Bhubaneswar,2023-08-12,Consumer,Paid Search
C008428,Ananya Patel,Male,18,Kochi,Kochi,2026-04-25,Consumer,Email
C008429,Tanya Patel,Female,18,Lucknow,Lucknow,2022-01-20,Consumer,Paid Search
C008430,Aditi Reddy,Female,48,Mysuru,Mysuru,2026-06-09,Corporate,Email
C008431,Vivaan Bose,Female,41,Mysuru,Mysuru,2022-11-01,Consumer,Social Media
C008432,Kabir Singh,Male,37,Delhi,Delhi,2022-02-26,Consumer,Marketplace
C008433,Riya Mishra,Female,30,Patna,Patna,2025-01-11,Consumer,Paid Search
C008434,Priya Iyer,Female,32,Jaipur,Jaipur,2024-01-31,Consumer,Organic Search
C008435,Karan Bose,Female,46,Guwahati,Guwahati,2026-02-25,Consumer,Marketplace
C008436,Isha Malhotra,Male,27,Ahmedabad,Ahmedabad,2025-12-17,Corporate,Organic Search
C008437,Isha Chopra,Male,38,Delhi,Delhi,2023-10-24,Consumer,Paid Search
C008438,Ananya Patel,Male,42,Noida,Noida,2025-10-08,Consumer,Social Media
C008439,Aarav Sharma,Female,45,Pune,Pune,2022-02-15,Corporate,Organic Search
C008440,Meera Das,Male,34,Gurugram,Gurugram,2023-07-05,Consumer,Paid Search
C008441,Karan Kumar,Female,36,Nagpur,Nagpur,2024-12-03,Corporate,Organic Search
C008442,Siddharth Gupta,Female,18,Kochi,Kochi,2026-06-04,Consumer,Referral
C008443,Neha Kapoor,Male,18,Coimbatore,Coimbatore,2024-01-12,Consumer,Affiliate
C008444,Rahul Reddy,Male,19,Visakhapatnam,Visakhapatnam,2023-10-12,Consumer,Referral
C008445,Sneha Malhotra,Male,44,Lucknow,Lucknow,2024-11-07,Home Office,Social Media
C008446,Aditi Kapoor,Female,35,Bhubaneswar,Bhubaneswar,2026-04-14,Consumer,Paid Search
C008447,Kavya Rao,Male,39,Indore,Indore,2025-08-28,Consumer,Referral
C008448,Isha Yadav,Female,39,Noida,Noida,2025-02-03,Home Office,Referral
C008449,Sanya Chopra,Female,34,Gurugram,Gurugram,2025-11-10,Corporate,Organic Search
C008450,Vikram Yadav,Male,35,Nagpur,Nagpur,2025-04-02,Consumer,Social Media
C008451,Aditya Verma,Male,31,Kolkata,Kolkata,2026-02-10,Consumer,Social Media
C008452,Manish Mehta,Male,18,Visakhapatnam,Visakhapatnam,2022-11-01,Consumer,Social Media
C008453,Varun Nair,Male,26,Mysuru,Mysuru,2026-05-22,Corporate,Organic Search
C008454,Neha Singh,Male,39,Kochi,Kochi,2024-11-27,Small Business,Affiliate
C008455,Aarav Sharma,Male,18,Indore,Indore,2026-01-15,Consumer,Referral
C008456,Vivaan Kapoor,Female,40,Chandigarh,Chandigarh,2024-04-25,Consumer,Referral
C008457,Rohan Chopra,Female,41,Kolkata,Kolkata,2025-02-07,Small Business,Social Media
C008458,Neha Chopra,Male,25,Indore,Indore,2023-05-18,Home Office,Affiliate
C008459,Rahul Mishra,Male,39,Bhopal,Bhopal,2022-07-04,Corporate,Marketplace
C008460,Manish Chopra,Male,40,Lucknow,Lucknow,2022-03-06,Corporate,Referral
C008461,Arjun Chopra,Female,30,Chandigarh,Chandigarh,2022-06-16,Consumer,Organic Search
C008462,Tanya Mishra,Male,32,Indore,Indore,2024-12-04,Small Business,Email
C008463,Reyansh Sharma,Male,42,Visakhapatnam,Visakhapatnam,2025-05-06,Consumer,Organic Search
C008464,Rohan Yadav,Male,51,Jaipur,Jaipur,2023-01-20,Consumer,Social Media
C008465,Varun Gupta,Male,39,Hyderabad,Hyderabad,2024-08-31,Consumer,Organic Search
C008466,Sneha Singh,Male,26,Visakhapatnam,Visakhapatnam,2024-02-10,Corporate,Paid Search
C008467,Meera Rao,Male,49,Ahmedabad,Ahmedabad,2023-01-03,Consumer,Social Media
C008468,Kavya Mishra,Female,39,Delhi,Delhi,2023-11-22,Consumer,Organic Search
C008469,Krishna Iyer,Male,35,Gurugram,Gurugram,2022-01-10,Corporate,Affiliate
C008470,Varun Nair,Male,27,Surat,Surat,2026-03-24,Consumer,Affiliate
C008471,Ishaan Sharma,Female,35,Noida,Noida,2026-06-20,Consumer,Paid Search
C008472,Vikram Joshi,Female,20,Guwahati,Guwahati,2024-10-09,Consumer,Marketplace
C008473,Aarav Shah,Male,35,Ahmedabad,Ahmedabad,2022-07-26,Consumer,Social Media
C008474,Pooja Joshi,Female,19,Bhopal,Bhopal,2025-09-24,Consumer,Organic Search
C008475,Kavya Yadav,Female,18,Bhopal,Bhopal,2022-06-09,Corporate,Email
C008476,Meera Singh,Male,18,Mumbai,Mumbai,2024-04-03,Home Office,Organic Search
C008477,Rohan Malhotra,Male,31,Chennai,Chennai,2022-02-08,Consumer,Email
C008478,Isha Reddy,Male,33,Bhubaneswar,Bhubaneswar,2024-05-11,Consumer,Marketplace
C008479,Sneha Gupta,Male,32,Guwahati,Guwahati,2024-11-15,Consumer,Social Media
C008480,Rahul Iyer,Male,45,Patna,Patna,2024-06-01,Home Office,Email
C008481,Arjun Patel,Female,24,Bhubaneswar,Bhubaneswar,2024-01-06,Consumer,Social Media
C008482,Reyansh Iyer,Female,41,Mysuru,Mysuru,2022-04-12,Consumer,Organic Search
C008483,Riya Patel,Female,51,Pune,Pune,2023-03-13,Consumer,Paid Search
C008484,Aarav Kapoor,Female,43,Pune,Pune,2022-04-01,Consumer,Paid Search
C008485,Kavya Yadav,Female,56,Kolkata,Kolkata,2026-02-27,Consumer,Social Media
C008486,Ananya Shah,Male,35,Ahmedabad,Ahmedabad,2026-05-04,Corporate,Email
C008487,Nisha Reddy,Female,32,Bhubaneswar,Bhubaneswar,2022-10-12,Home Office,Paid Search
C008488,Varun Patel,Female,26,Visakhapatnam,Visakhapatnam,2022-06-27,Home Office,Email
C008489,Nikhil Gupta,Non-Binary,18,Lucknow,Lucknow,2024-06-12,Consumer,Organic Search
C008490,Ananya Verma,Female,18,Bengaluru,Bengaluru,2022-11-10,Consumer,Referral
C008491,Meera Iyer,Male,45,Indore,Indore,2022-12-29,Corporate,Organic Search
C008492,Nikhil Das,Male,51,Hyderabad,Hyderabad,2023-10-09,Home Office,Organic Search
C008493,Krishna Verma,Female,18,Bengaluru,Bengaluru,2026-01-08,Consumer,Organic Search
C008494,Aarav Mishra,Male,29,Guwahati,Guwahati,2025-09-06,Consumer,Organic Search
C008495,Unknown,Male,32,Lucknow,Lucknow,2026-02-02,Corporate,Marketplace
C008496,Kavya Joshi,Male,40,Nagpur,Nagpur,2023-10-15,Consumer,Email
C008497,Diya Nair,Female,33,Chandigarh,Chandigarh,2025-08-17,Home Office,Organic Search
C008498,Isha Chopra,Female,18,Coimbatore,Coimbatore,2025-08-13,Consumer,Organic Search
C008499,Pooja Sharma,Male,34,Hyderabad,Hyderabad,2025-10-18,Home Office,Affiliate
C008500,Rohan Gupta,Female,33,Visakhapatnam,Visakhapatnam,2022-02-17,Consumer,Social Media
C008501,Priya Gupta,Male,28,Bhopal,Bhopal,2025-01-30,Home Office,Paid Search
C008502,Rahul Gupta,Male,31,Jaipur,Jaipur,2022-09-25,Home Office,Paid Search
C008503,Aditya Kumar,Male,36,Gurugram,Gurugram,2023-09-07,Consumer,Organic Search
C008504,Nikhil Kumar,Male,23,Mumbai,Mumbai,2024-06-25,Consumer,Organic Search
C008505,Varun Kumar,Male,44,Visakhapatnam,Visakhapatnam,2023-03-10,Consumer,Affiliate
C008506,Siddharth Malhotra,Female,35,Jaipur,Jaipur,2023-09-30,Small Business,Referral
C008507,Pooja Patel,Male,37,Indore,Indore,2024-12-14,Consumer,Organic Search
C008508,Sanya Shah,Male,18,Guwahati,Guwahati,2023-09-20,Consumer,Marketplace
C008509,Krishna Kapoor,Female,23,Chennai,Chennai,2023-03-21,Consumer,Social Media
C008510,Manish Verma,Male,18,Gurugram,Gurugram,2022-04-17,Consumer,Affiliate
C008511,Vivaan Mishra,Female,31,Bengaluru,Bengaluru,2024-05-13,Corporate,Paid Search
C008512,Siddharth Malhotra,Male,30,Chennai,Chennai,2025-11-13,Consumer,Referral
C008513,Kavya Iyer,Male,22,Visakhapatnam,Visakhapatnam,2024-06-04,Corporate,Referral
C008514,Neha Joshi,Male,29,Bhopal,Bhopal,2024-06-20,Corporate,Email
C008515,Aditya Kumar,Male,33,Patna,Patna,2024-08-11,Consumer,Referral
C008516,Ananya Singh,Male,28,Coimbatore,Coimbatore,2026-05-20,Corporate,Organic Search
C008517,Rohan Sharma,Female,35,Bengaluru,Bengaluru,2023-05-05,Home Office,Social Media
C008518,Krishna Mishra,Male,18,Surat,Surat,2023-05-29,Consumer,Paid Search
C008519,Ananya Chopra,Female,33,Chennai,Chennai,2024-10-29,Corporate,Organic Search
C008520,Isha Nair,Male,26,Pune,Pune,2023-10-29,Small Business,Organic Search
C008521,Kavya Shah,Female,18,Coimbatore,Coimbatore,2022-08-26,Corporate,Email
C008522,Nisha Mishra,Female,30,Ahmedabad,Ahmedabad,2025-04-06,Consumer,Affiliate
C008523,Karan Joshi,Male,45,Patna,Patna,2025-08-21,Consumer,Paid Search
C008524,Nikhil Malhotra,Female,30,Chandigarh,Chandigarh,2025-10-14,Consumer,Organic Search
C008525,Varun Sharma,Female,31,Noida,Noida,2024-04-15,Consumer,Affiliate
C008526,Kabir Mishra,Female,51,Bengaluru,Bengaluru,2023-10-16,Consumer,Social Media
C008527,Unknown,Male,20,Pune,Pune,2023-03-07,Consumer,Paid Search
C008528,Arjun Iyer,Female,31,Nagpur,Nagpur,2022-09-03,Small Business,Social Media
C008529,Vikram Reddy,Female,43,Jaipur,Jaipur,2025-01-04,Corporate,Organic Search
C008530,Varun Kumar,Female,18,Hyderabad,Hyderabad,2023-10-14,Consumer,Marketplace
C008531,Kavya Iyer,Female,50,Hyderabad,Hyderabad,2024-06-14,Small Business,Email
C008532,Aditi Kapoor,Male,46,Coimbatore,Coimbatore,2024-09-28,Corporate,Paid Search
C008533,Reyansh Yadav,Female,34,Mumbai,Mumbai,2023-11-17,Home Office,Organic Search
C008534,Rahul Patel,Unknown,37,Chandigarh,Chandigarh,2023-04-24,Consumer,Email
C008535,Manish Joshi,Male,34,Bhopal,Bhopal,2023-11-08,Corporate,Marketplace
C008536,Tanya Kumar,Male,41,Mysuru,Mysuru,2022-02-07,Corporate,Marketplace
C008537,Isha Mishra,Male,23,Nagpur,Nagpur,2024-10-26,Corporate,Social Media
C008538,Arjun Kumar,Male,22,Bengaluru,Bengaluru,2023-06-17,Consumer,Marketplace
C008539,Aarav Das,Male,22,Bengaluru,Bengaluru,2022-07-03,Consumer,Organic Search
C008540,Vikram Singh,Male,18,Hyderabad,Hyderabad,2024-12-13,Consumer,Social Media
C008541,Krishna Singh,Female,45,Pune,Pune,2023-03-27,Consumer,Paid Search
C008542,Vivaan Malhotra,Male,28,Pune,Pune,2022-09-28,Consumer,Paid Search
C008543,Meera Rao,Female,61,Mysuru,Mysuru,2023-09-04,Corporate,Social Media
C008544,Meera Malhotra,Unknown,40,Nagpur,Nagpur,2025-04-04,Consumer,Organic Search
C008545,Aarav Bose,Male,29,Gurugram,Gurugram,2024-09-17,Home Office,Referral
C008546,Meera Bose,Female,28,Bhopal,Bhopal,2025-01-02,Consumer,Organic Search
C008547,Rahul Kapoor,Male,48,Bhopal,Bhopal,2025-01-15,Corporate,Social Media
C008548,Rohan Malhotra,Female,25,Delhi,Delhi,2026-04-12,Consumer,Organic Search
C008549,Kavya Reddy,Male,18,Noida,Noida,2022-10-08,Consumer,Organic Search
C008550,Reyansh Bose,Female,22,Nagpur,Nagpur,2024-02-01,Consumer,Paid Search
C008551,Sanya Mishra,Male,56,Pune,Pune,2025-08-07,Home Office,Organic Search
C008552,Vivaan Kumar,Male,44,Bhopal,Bhopal,2024-01-01,Corporate,Paid Search
C008553,Isha Shah,Female,34,Ahmedabad,Ahmedabad,2024-11-24,Small Business,Social Media
C008554,Aditya Das,Female,37,Noida,Noida,2023-11-08,Consumer,Social Media
C008555,Reyansh Kapoor,Female,26,Pune,Pune,2023-07-15,Consumer,Paid Search
C008556,Karan Reddy,Female,42,Delhi,Delhi,2022-10-31,Consumer,Organic Search
C008557,Sneha Chopra,Female,26,Bhopal,Bhopal,2023-11-13,Consumer,Marketplace
C008558,Reyansh Yadav,Male,33,Indore,Indore,2026-06-12,Consumer,Organic Search
C008559,Kavya Malhotra,Male,18,Chandigarh,Chandigarh,2022-04-29,Corporate,Organic Search
C008560,Diya Joshi,Male,47,Nagpur,Nagpur,2025-02-08,Small Business,Affiliate
C008561,Rahul Singh,Male,23,Indore,Indore,2022-11-09,Consumer,Email
C008562,Varun Rao,Male,36,Mysuru,Mysuru,2024-04-08,Consumer,Social Media
C008563,Neha Nair,Male,51,Bhubaneswar,Bhubaneswar,2022-03-18,Consumer,Social Media
C008564,Vivaan Patel,Female,47,Nagpur,Nagpur,2025-04-10,Small Business,Email
C008565,Neha Das,Male,32,Bhopal,Bhopal,2022-02-22,Consumer,Marketplace
C008566,Riya Mehta,Male,35,Coimbatore,Coimbatore,2023-05-06,Consumer,Paid Search
C008567,Rohan Joshi,Female,40,Jaipur,Jaipur,2025-12-03,Corporate,Social Media
C008568,Nikhil Joshi,Female,43,Chandigarh,Chandigarh,2025-11-02,Consumer,Email
C008569,Meera Patel,Male,40,Pune,Pune,2025-02-02,Corporate,Affiliate
C008570,Varun Kumar,Male,29,Bhubaneswar,Bhubaneswar,2025-06-10,Consumer,Referral
C008571,Kabir Kumar,Female,24,Guwahati,Guwahati,2025-02-24,Consumer,Paid Search
C008572,Aditya Yadav,Female,27,Mumbai,Mumbai,2025-12-30,Consumer,Paid Search
C008573,Ananya Mishra,Male,28,Gurugram,Gurugram,2023-01-04,Consumer,Paid Search
C008574,Nikhil Yadav,Male,32,Coimbatore,Coimbatore,2023-05-19,Consumer,Affiliate
C008575,Sanya Gupta,Female,20,Gurugram,Gurugram,2026-06-28,Consumer,Email
C008576,Sneha Gupta,Male,45,Delhi,Delhi,2022-08-19,Corporate,Organic Search
C008577,Tanya Yadav,Male,32,Nagpur,Nagpur,2023-12-18,Consumer,Organic Search
C008578,Varun Chopra,Female,40,Guwahati,Guwahati,2022-12-26,Consumer,Referral
C008579,Priya Bose,Female,28,Mumbai,Mumbai,2024-12-21,Home Office,Organic Search
C008580,Nikhil Patel,Female,41,Gurugram,Gurugram,2025-04-29,Corporate,Affiliate
C008581,Rohan Mishra,Female,18,Pune,Pune,2024-06-12,Consumer,Organic Search
C008582,Nikhil Das,Female,18,Bengaluru,Bengaluru,2025-05-21,Consumer,Affiliate
C008583,Vikram Mishra,Male,42,Chennai,Chennai,2022-05-05,Consumer,Social Media
C008584,Karan Shah,Male,42,Jaipur,Jaipur,2025-10-08,Consumer,Referral
C008585,Isha Iyer,Male,24,Chennai,Chennai,2022-04-12,Consumer,Marketplace
C008586,Karan Chopra,Male,29,Coimbatore,Coimbatore,2025-06-23,Consumer,Paid Search
C008587,Karan Mehta,Male,34,Chennai,Chennai,2025-09-02,Consumer,Email
C008588,Kavya Joshi,Non-Binary,21,Nagpur,Nagpur,2024-05-24,Small Business,Social Media
C008589,Ishaan Mehta,Male,29,Bengaluru,Bengaluru,2023-06-02,Consumer,Paid Search
C008590,Neha Rao,Male,39,Nagpur,Nagpur,2023-07-12,Consumer,Organic Search
C008591,Siddharth Verma,Female,43,Surat,Surat,2023-12-15,Consumer,Referral
C008592,Aditya Mehta,Female,43,Ahmedabad,Ahmedabad,2024-09-03,Home Office,Organic Search
C008593,Vivaan Malhotra,Male,43,Guwahati,Guwahati,2025-06-14,Corporate,Marketplace
C008594,Priya Kumar,Female,30,Visakhapatnam,Visakhapatnam,2025-11-05,Home Office,Referral
C008595,Siddharth Shah,Male,36,Jaipur,Jaipur,2024-05-28,Consumer,Paid Search
C008596,Arjun Reddy,Male,27,Mumbai,Mumbai,2022-09-18,Home Office,Organic Search
C008597,Sneha Mishra,Male,49,Ahmedabad,Ahmedabad,2026-05-13,Consumer,Referral
C008598,Kabir Kapoor,Male,18,Lucknow,Lucknow,2023-11-24,Corporate,Unknown
C008599,Kavya Yadav,Male,40,Indore,Indore,2022-11-20,Home Office,Email
C008600,Pooja Mishra,Female,19,Ahmedabad,Ahmedabad,2024-07-10,Corporate,Paid Search
C008601,Reyansh Gupta,Female,34,Indore,Indore,2025-11-25,Home Office,Organic Search
C008602,Priya Rao,Female,23,Kolkata,Kolkata,2024-04-20,Consumer,Paid Search
C008603,Kavya Verma,Female,24,Visakhapatnam,Visakhapatnam,2023-09-04,Corporate,Unknown
C008604,Aarav Iyer,Male,49,Delhi,Delhi,2025-09-15,Consumer,Affiliate
C008605,Aarav Mishra,Female,28,Delhi,Delhi,2026-01-01,Home Office,Paid Search
C008606,Nisha Reddy,Female,31,Unknown,Unknown,2022-05-19,Consumer,Organic Search
C008607,Nisha Chopra,Female,28,Pune,Pune,2023-07-21,Consumer,Social Media
C008608,Rohan Patel,Female,42,Gurugram,Gurugram,2023-12-23,Consumer,Email
C008609,Riya Malhotra,Female,22,Gurugram,Gurugram,2024-02-18,Home Office,Referral
C008610,Neha Gupta,Female,26,Chandigarh,Chandigarh,2023-09-02,Small Business,Referral
C008611,Aditi Malhotra,Female,46,Ahmedabad,Ahmedabad,2023-09-18,Corporate,Organic Search
C008612,Krishna Shah,Female,43,Mumbai,Mumbai,2022-06-22,Consumer,Marketplace
C008613,Aarav Mishra,Male,27,Pune,Pune,2022-09-10,Consumer,Social Media
C008614,Ishaan Bose,Female,43,Lucknow,Lucknow,2025-12-11,Consumer,Organic Search
C008615,Kabir Malhotra,Male,55,Gurugram,Gurugram,2022-11-12,Consumer,Paid Search
C008616,Manish Joshi,Male,35,Nagpur,Nagpur,2022-03-28,Home Office,Email
C008617,Vivaan Mishra,Male,44,Lucknow,Lucknow,2026-05-06,Consumer,Paid Search
C008618,Pooja Yadav,Female,57,Mysuru,Mysuru,2024-05-21,Consumer,Organic Search
C008619,Pooja Gupta,Male,49,Visakhapatnam,Visakhapatnam,2025-04-09,Consumer,Organic Search
C008620,Riya Bose,Female,19,Guwahati,Guwahati,2026-02-07,Consumer,Organic Search
C008621,Arjun Das,Male,42,Surat,Surat,2025-07-18,Corporate,Organic Search
C008622,Nikhil Gupta,Male,48,Surat,Surat,2024-04-23,Consumer,Email
C008623,Sanya Kumar,Male,38,Indore,Indore,2023-11-29,Home Office,Paid Search
C008624,Aditya Gupta,Female,18,Kochi,Kochi,2023-11-20,Consumer,Referral
C008625,Manish Mishra,Female,30,Chennai,Chennai,2022-03-28,Consumer,Marketplace
C008626,Krishna Das,Female,39,Surat,Surat,2024-07-15,Consumer,Affiliate
C008627,Riya Iyer,Male,18,Bhopal,Bhopal,2023-05-31,Consumer,Social Media
C008628,Tanya Kapoor,Female,27,Delhi,Delhi,2024-12-14,Home Office,Referral
C008629,Aarav Bose,Female,43,Chandigarh,Chandigarh,2022-08-01,Small Business,Organic Search
C008630,Meera Reddy,Female,31,Mumbai,Mumbai,2022-04-30,Consumer,Affiliate
C008631,meera rao,Male,32,Chennai,Chennai,2022-06-13,Corporate,Organic Search
C008632,Ananya Singh,Male,32,Visakhapatnam,Visakhapatnam,2023-01-15,Consumer,Marketplace
C008633,Riya Malhotra,Female,27,Guwahati,Guwahati,2025-01-14,Corporate,Referral
C008634,Karan Das,Male,28,Bengaluru,Bengaluru,2026-03-12,Corporate,Organic Search
C008635,Rohan Shah,Female,20,Visakhapatnam,Visakhapatnam,2024-02-18,Consumer,Paid Search
C008636,Neha Joshi,Male,42,Pune,Pune,2026-06-30,Home Office,Paid Search
C008637,Tanya Joshi,Male,31,Ahmedabad,Ahmedabad,2025-04-21,Consumer,Paid Search
C008638,Aarav Verma,Male,38,Delhi,Delhi,2025-01-16,Consumer,Email
C008639,Ishaan Kumar,Male,28,Pune,Pune,2025-01-25,Consumer,Paid Search
C008640,Reyansh Joshi,Female,31,Chandigarh,Chandigarh,2023-11-13,Small Business,Organic Search
C008641,Aditi Chopra,Male,18,Patna,Patna,2024-06-11,Consumer,Social Media
C008642,Vikram Reddy,Male,19,Kochi,Kochi,2023-10-08,Consumer,Referral
C008643,Kavya Rao,Male,35,Chennai,Chennai,2025-03-22,Consumer,Paid Search
C008644,Arjun Yadav,Female,38,Nagpur,Nagpur,2026-03-05,Consumer,Organic Search
C008645,Diya Iyer,Male,36,Lucknow,Lucknow,2023-10-01,Corporate,Paid Search
C008646,Varun Yadav,Female,29,Bhubaneswar,Bhubaneswar,2025-12-22,Consumer,Referral
C008647,Karan Kapoor,Female,40,Indore,Indore,2023-01-15,Corporate,Referral
C008648,Riya Singh,Male,31,Patna,Patna,2026-07-24,Consumer,Organic Search
C008649,Kavya Mehta,Male,21,Chandigarh,Chandigarh,2023-11-22,Consumer,Marketplace
C008650,Krishna Sharma,Female,29,Chandigarh,Chandigarh,2022-07-11,Consumer,Marketplace
C008651,Karan Mishra,Female,46,Coimbatore,Coimbatore,2023-11-20,Corporate,Organic Search
C008652,Aarav Kumar,Female,40,Surat,Surat,2022-09-12,Consumer,Marketplace
C008653,Pooja Iyer,Female,29,Gurugram,Gurugram,2024-06-30,Consumer,Email
C008654,Nisha Kumar,Female,31,Bhubaneswar,Bhubaneswar,2024-08-27,Consumer,Social Media
C008655,Isha Mishra,Male,35,Jaipur,Jaipur,2023-07-02,Consumer,Email
C008656,Arjun Kumar,Female,32,Patna,Patna,2023-03-14,Corporate,Marketplace
C008657,Sneha Patel,Male,31,Kochi,Kochi,2026-06-24,Consumer,Organic Search
C008658,KABIR RAO,Male,54,Bhubaneswar,Bhubaneswar,2022-11-09,Home Office,Organic Search
C008659,Nisha Joshi,Male,31,Patna,Patna,2026-06-24,Consumer,Social Media
C008660,Manish Shah,Male,35,Noida,Noida,2025-09-19,Consumer,Paid Search
C008661,Siddharth Mehta,Female,34,Kochi,Kochi,2022-06-25,Corporate,Referral
C008662,vivaan nair,Male,39,Chennai,Chennai,2025-11-28,Small Business,Organic Search
C008663,Sneha Mehta,Female,27,Delhi,Delhi,2026-07-29,Consumer,Social Media
C008664,Rahul Rao,Female,33,Nagpur,Nagpur,2026-01-13,Consumer,Referral
C008665,Manish Reddy,Female,29,Kolkata,Kolkata,2025-09-20,Consumer,Social Media
C008666,Krishna Mehta,Male,38,Guwahati,Guwahati,2023-11-24,Corporate,Organic Search
C008667,Aditi Iyer,Female,22,Guwahati,Guwahati,2024-07-18,Consumer,Social Media
C008668,Karan Kumar,Female,20,Ahmedabad,Ahmedabad,2025-10-10,Corporate,Organic Search
C008669,Neha Patel,Male,18,Kochi,Kochi,2026-03-07,Small Business,Affiliate
C008670,Siddharth Yadav,Male,51,Bhopal,Bhopal,2022-06-10,Corporate,Paid Search
C008671,Ishaan Chopra,Male,18,Guwahati,Guwahati,2025-09-22,Corporate,Organic Search
C008672,Aditya Mishra,Male,19,Mysuru,Mysuru,2023-08-23,Consumer,Paid Search
C008673,Riya Shah,Male,44,Delhi,Delhi,2025-12-27,Corporate,Organic Search
C008674,Nisha Verma,Female,39,Indore,Indore,2025-06-25,Consumer,Paid Search
C008675,Kabir Singh,Male,18,Coimbatore,Coimbatore,2024-05-06,Home Office,Email
C008676,Siddharth Verma,Female,34,Bhubaneswar,Bhubaneswar,2022-07-17,Consumer,Marketplace
C008677,Reyansh Rao,Male,23,Gurugram,Gurugram,2022-03-14,Corporate,Email
C008678,Rohan Bose,Male,37,Mumbai,Mumbai,2024-01-15,Consumer,Paid Search
C008679,Krishna Shah,Female,34,Lucknow,Lucknow,2025-06-09,Consumer,Paid Search
C008680,Siddharth Nair,Male,36,Ahmedabad,Ahmedabad,2022-06-17,Home Office,Paid Search
C008681,Siddharth Mishra,Male,45,Mysuru,Mysuru,2023-07-08,Consumer,Paid Search
C008682,Manish Gupta,Female,35,Patna,Patna,2023-07-04,Consumer,Affiliate
C008683,Vivaan Malhotra,Male,58,Patna,Patna,2025-09-06,Small Business,Social Media
C008684,Vivaan Das,Female,42,Coimbatore,Coimbatore,2024-01-19,Consumer,Social Media
C008685,Arjun Rao,Male,35,Surat,Surat,2023-01-17,Consumer,Social Media
C008686,Vikram Sharma,Male,31,Lucknow,Lucknow,2025-09-23,Consumer,Social Media
C008687,Nikhil Patel,Male,30,Nagpur,Nagpur,2025-05-04,Consumer,Marketplace
C008688,Vivaan Chopra,Female,32,Kolkata,Kolkata,2026-03-06,Consumer,Referral
C008689,Sneha Mehta,Female,20,Hyderabad,Hyderabad,2023-04-16,Small Business,Affiliate
C008690,Krishna Mishra,Male,27,Jaipur,Jaipur,2023-07-29,Consumer,Paid Search
C008691,Arjun Kapoor,Female,37,Kolkata,Kolkata,2024-08-18,Home Office,Referral
C008692,Arjun Mehta,Female,40,Ahmedabad,Ahmedabad,2024-10-27,Small Business,Marketplace
C008693,Rohan Das,Female,41,Surat,Surat,2022-02-24,Corporate,Marketplace
C008694,Tanya Rao,Male,37,Visakhapatnam,Visakhapatnam,2024-04-16,Corporate,Organic Search
C008695,Sneha Iyer,Male,33,Mumbai,Mumbai,2022-08-12,Small Business,Social Media
C008696,Sanya Bose,Male,31,Patna,Patna,2023-06-04,Corporate,Affiliate
C008697,Pooja Yadav,Male,51,Bhopal,Bhopal,2026-05-14,Consumer,Referral
C008698,Aarav Mehta,Male,25,Indore,Indore,2026-03-06,Consumer,Email
C008699,Varun Yadav,Female,43,Nagpur,Nagpur,2026-06-07,Consumer,Organic Search
C008700,Nisha Reddy,Female,51,Bhubaneswar,Bhubaneswar,2024-11-25,Consumer,Marketplace
C008701,Riya Yadav,Male,40,Mumbai,Mumbai,2023-12-12,Consumer,Organic Search
C008702,Reyansh Iyer,Female,36,Kolkata,Kolkata,2024-10-18,Consumer,Organic Search
C008703,Isha Das,Female,46,Surat,Surat,2024-11-06,Home Office,Email
C008704,Aditi Nair,Female,42,Mumbai,Mumbai,2024-11-27,Consumer,Organic Search
C008705,Ishaan Mehta,Female,37,Ahmedabad,Ahmedabad,2023-12-19,Home Office,Paid Search
C008706,Tanya Singh,Male,31,Surat,Surat,2026-04-13,Consumer,Email
C008707,Sanya Bose,Male,41,Kolkata,Kolkata,2025-09-03,Consumer,Social Media
C008708,Varun Verma,Male,46,Kochi,Kochi,2022-02-17,Consumer,Affiliate
C008709,Rohan Yadav,Female,43,Mumbai,Mumbai,2024-04-11,Consumer,Organic Search
C008710,Meera Mishra,Male,23,Noida,Noida,2026-01-29,Home Office,Paid Search
C008711,Ananya Nair,Female,35,Lucknow,Lucknow,2022-08-03,Consumer,Email
C008712,Arjun Das,Male,51,Delhi,Delhi,2026-05-19,Home Office,Social Media
C008713,Aditya Mishra,Male,50,Noida,Noida,2022-10-24,Home Office,Organic Search
C008714,Rahul Singh,Female,30,Mumbai,Mumbai,2023-08-12,Consumer,Organic Search
C008715,Riya Malhotra,Male,25,Mysuru,Mysuru,2023-07-23,Consumer,Organic Search
C008716,Aditi Das,Female,25,Mysuru,Mysuru,2024-05-11,Consumer,Referral
C008717,Sneha Sharma,Female,31,Surat,Surat,2022-02-07,Consumer,Organic Search
C008718,Nikhil Bose,Male,63,Pune,Pune,2025-04-26,Corporate,Social Media
C008719,Rohan Bose,Male,30,Noida,Noida,2022-03-01,Consumer,Organic Search
C008720,Priya Singh,Male,39,Gurugram,Gurugram,2024-01-08,Consumer,Organic Search
C008721,Varun Gupta,Female,18,Chandigarh,Chandigarh,2025-12-08,Corporate,Social Media
C008722,Rahul Rao,Male,34,Patna,Patna,2024-06-12,Consumer,Organic Search
C008723,Reyansh Das,Male,24,Nagpur,Nagpur,2023-05-17,Consumer,Organic Search
C008724,Diya Mishra,Male,24,Bhubaneswar,Bhubaneswar,2022-11-12,Consumer,Social Media
C008725,Aditya Malhotra,Male,18,Bengaluru,Bengaluru,2023-06-21,Consumer,Paid Search
C008726,Tanya Das,Male,33,Bengaluru,Bengaluru,2024-09-06,Home Office,Social Media
C008727,Kavya Nair,Non-Binary,29,Bengaluru,Bengaluru,2024-08-09,Home Office,Social Media
C008728,Isha Kapoor,Female,31,Jaipur,Jaipur,2024-06-11,Consumer,Organic Search
C008729,Kabir Singh,Male,47,Ahmedabad,Ahmedabad,,Small Business,Marketplace
C008730,Reyansh Patel,Female,33,Surat,Surat,2023-07-27,Consumer,Referral
C008731,Vikram Sharma,Male,19,Bhubaneswar,Bhubaneswar,2025-01-29,Consumer,Organic Search
C008732,Nisha Rao,Male,32,Chennai,Chennai,2024-04-14,Small Business,Marketplace
C008733,Priya Das,Female,55,Mumbai,Mumbai,2022-02-13,Consumer,Affiliate
C008734,Nikhil Singh,Male,45,Patna,Patna,2024-02-27,Consumer,Marketplace
C008735,Meera Iyer,Male,34,Kolkata,Kolkata,2024-04-08,Consumer,Email
C008736,Ishaan Singh,Female,33,Pune,Pune,2022-02-26,Consumer,Email
C008737,Sanya Sharma,Male,50,Chandigarh,Chandigarh,,Consumer,Marketplace
C008738,Siddharth Malhotra,Female,45,Chandigarh,Chandigarh,2026-01-19,Consumer,Organic Search
C008739,Nikhil Rao,Male,35,Chandigarh,Chandigarh,2025-10-22,Consumer,Organic Search
C008740,Kabir Verma,Male,44,Hyderabad,Hyderabad,2024-10-18,Home Office,Social Media
C008741,Krishna Mehta,Female,18,Bhubaneswar,Bhubaneswar,2023-07-22,Consumer,Organic Search
C008742,Tanya Mishra,Female,23,Bhopal,Bhopal,2025-12-20,Consumer,Organic Search
C008743,Varun Joshi,Male,36,Guwahati,Guwahati,2023-01-14,Consumer,Email
C008744,Rohan Kapoor,Male,33,Visakhapatnam,Visakhapatnam,2022-02-01,Corporate,Organic Search
C008745,Nisha Shah,Female,29,Hyderabad,Hyderabad,2022-06-29,Small Business,Paid Search
C008746,Reyansh Rao,Female,42,Bhubaneswar,Bhubaneswar,2022-11-19,Consumer,Referral
C008747,Krishna Bose,Female,38,Bengaluru,Bengaluru,2025-11-24,Consumer,Marketplace
C008748,Aditi Iyer,Non-Binary,38,Delhi,Delhi,2023-10-19,Consumer,Referral
C008749,Arjun Sharma,Female,27,Delhi,Delhi,2025-03-09,Corporate,Marketplace
C008750,Varun Joshi,Male,41,Pune,Pune,2022-09-24,Consumer,Organic Search
C008751,Ishaan Rao,Male,40,Pune,Pune,2025-06-17,Consumer,Marketplace
C008752,Priya Shah,Male,38,Nagpur,Nagpur,2023-09-10,Consumer,Paid Search
C008753,Meera Mishra,Male,34,Bhubaneswar,Bhubaneswar,2022-05-26,Corporate,Paid Search
C008754,Neha Reddy,Male,32,Coimbatore,Coimbatore,2022-03-17,Consumer,Email
C008755,Aditya Kapoor,Female,56,Guwahati,Guwahati,2025-07-10,Consumer,Organic Search
C008756,Pooja Rao,Male,52,Ahmedabad,Ahmedabad,2025-12-05,Home Office,Social Media
C008757,Sanya Iyer,Male,43,Mysuru,Mysuru,2026-03-16,Consumer,Email
C008758,Tanya Joshi,Male,27,Indore,Indore,2022-05-31,Consumer,Social Media
C008759,Riya Mehta,Female,24,Kolkata,Kolkata,2024-02-29,Consumer,Organic Search
C008760,Karan Iyer,Female,43,Guwahati,Guwahati,2023-04-14,Consumer,Referral
C008761,Varun Bose,Female,28,Jaipur,Jaipur,2026-05-11,Consumer,Social Media
C008762,Kavya Rao,Female,32,Jaipur,Jaipur,2026-05-25,Home Office,Paid Search
C008763,Nikhil Shah,Female,51,Nagpur,Nagpur,2025-09-13,Small Business,Affiliate
C008764,Ishaan Reddy,Female,18,Jaipur,Jaipur,2025-01-03,Consumer,Organic Search
C008765,Aarav Bose,Male,23,Kolkata,Kolkata,,Small Business,Organic Search
C008766,Isha Joshi,Female,26,Indore,Indore,2024-10-22,Consumer,Email
C008767,Nikhil Yadav,Female,36,Nagpur,Nagpur,2022-01-31,Consumer,Social Media
C008768,Ishaan Sharma,Male,25,Gurugram,Gurugram,2024-12-26,Consumer,Paid Search
C008769,Rohan Mishra,Female,47,Indore,Indore,2025-01-08,Consumer,Paid Search
C008770,Nisha Malhotra,Female,20,Kolkata,Kolkata,2026-07-31,Consumer,Referral
C008771,Vikram Yadav,Female,27,Hyderabad,Hyderabad,2024-01-20,Consumer,Marketplace
C008772,Nikhil Chopra,Male,27,Pune,Pune,2023-06-15,Consumer,Marketplace
C008773,Sneha Reddy,Female,39,Delhi,Delhi,2024-10-23,Consumer,Referral
C008774,Rohan Iyer,Female,18,Noida,Noida,2026-05-31,Corporate,Organic Search
C008775,Ananya Sharma,Male,25,Lucknow,Lucknow,2024-03-22,Corporate,Paid Search
C008776,Tanya Mehta,Female,27,Jaipur,Jaipur,2024-01-08,Corporate,Affiliate
C008777,Rohan Yadav,Female,62,Kochi,Kochi,2023-04-14,Corporate,Social Media
C008778,Priya Verma,Male,28,Kolkata,Kolkata,2023-02-02,Consumer,Referral
C008779,Vivaan Gupta,Female,35,Guwahati,Guwahati,2022-01-09,Corporate,Paid Search
C008780,Rahul Kumar,Male,20,Kochi,Kochi,2025-10-12,Consumer,Marketplace
C008781,Varun Reddy,Non-Binary,52,Unknown,Unknown,2025-02-20,Corporate,Organic Search
C008782,Meera Joshi,Male,23,Chennai,Chennai,2024-02-24,Consumer,Organic Search
C008783,Vikram Verma,Male,38,Patna,Patna,2024-12-26,Home Office,Paid Search
C008784,Vikram Rao,Female,37,Surat,Surat,2022-07-10,Consumer,Referral
C008785,Arjun Das,Male,36,Bhopal,Bhopal,2025-04-07,Consumer,Social Media
C008786,Nisha Malhotra,Female,29,Bhopal,Bhopal,2024-07-26,Consumer,Marketplace
C008787,Neha Joshi,Female,29,Bhubaneswar,Bhubaneswar,2026-06-25,Consumer,Organic Search
C008788,Ananya Patel,Male,32,Nagpur,Nagpur,2024-06-08,Home Office,Organic Search
C008789,Riya Kapoor,Female,24,Lucknow,Lucknow,2023-05-04,Consumer,Social Media
C008790,Diya Mishra,Male,40,Visakhapatnam,Visakhapatnam,2023-10-03,Home Office,Referral
C008791,Ananya Kumar,Male,54,Chennai,Chennai,2022-08-26,Corporate,Social Media
C008792,Nikhil Mishra,Female,53,Indore,Indore,2024-09-17,Corporate,Social Media
C008793,Rahul Chopra,Female,25,Kolkata,Kolkata,2025-02-05,Small Business,Paid Search
C008794,Rohan Malhotra,Female,37,Chennai,Chennai,2022-03-15,Consumer,Marketplace
C008795,Rahul Malhotra,Female,33,Pune,Pune,2025-06-13,Small Business,Marketplace
C008796,Siddharth Malhotra,Male,19,Patna,Patna,2024-01-22,Home Office,Social Media
C008797,Kavya Patel,Male,35,Bengaluru,Bengaluru,2022-12-02,Consumer,Organic Search
C008798,Reyansh Reddy,Female,47,Jaipur,Jaipur,2022-11-19,Consumer,Organic Search
C008799,Isha Das,Male,24,Chandigarh,Chandigarh,2025-07-12,Corporate,Organic Search
C008800,Aarav Kumar,Female,26,Bhopal,Bhopal,2022-06-14,Consumer,Paid Search
C008801,Aarav Reddy,Male,26,Coimbatore,Coimbatore,2022-12-21,Consumer,Organic Search
C008802,Vikram Shah,Female,32,Kochi,Kochi,2024-07-28,Home Office,Paid Search
C008803,Rohan Kumar,Female,30,Chandigarh,Chandigarh,2022-06-22,Consumer,Email
C008804,Rohan Singh,Male,27,Ahmedabad,Ahmedabad,2026-01-12,Consumer,Organic Search
C008805,Siddharth Mishra,Female,29,Surat,Surat,2024-01-06,Consumer,Social Media
C008806,Tanya Reddy,Male,33,Gurugram,Gurugram,2026-06-15,Corporate,Organic Search
C008807,Diya Yadav,Female,31,Bengaluru,Bengaluru,2023-04-01,Consumer,Email
C008808,Rahul Chopra,Female,43,Chennai,Chennai,2024-02-08,Consumer,Email
C008809,Ishaan Gupta,Female,35,Noida,Noida,2022-10-30,Home Office,Organic Search
C008810,Sneha Nair,Male,22,Kolkata,Kolkata,2025-12-30,Small Business,Marketplace
C008811,Varun Singh,Male,31,Gurugram,Gurugram,2025-05-10,Home Office,Organic Search
C008812,Diya Verma,Male,34,Indore,Indore,2024-08-31,Consumer,Organic Search
C008813,Aarav Yadav,Female,23,Indore,Indore,2026-06-22,Consumer,Paid Search
C008814,Nisha Yadav,Female,31,Bengaluru,Bengaluru,2022-05-15,Consumer,Referral
C008815,Siddharth Malhotra,Male,42,Ahmedabad,Ahmedabad,2024-10-22,Consumer,Social Media
C008816,Ishaan Kapoor,Female,38,Bhopal,Bhopal,2022-06-04,Corporate,Organic Search
C008817,Siddharth Patel,Male,18,Indore,Indore,2023-10-22,Corporate,Marketplace
C008818,Sanya Reddy,Male,35,Bhopal,Bhopal,2022-10-09,Home Office,Marketplace
C008819,Priya Reddy,Female,35,Mumbai,Mumbai,2022-03-03,Home Office,Organic Search
C008820,Pooja Chopra,Male,19,Kolkata,Kolkata,2023-08-04,Small Business,Organic Search
C008821,Rohan Kumar,Male,40,Kolkata,Kolkata,2025-05-25,Corporate,Marketplace
C008822,Diya Malhotra,Female,18,Indore,Indore,2025-04-24,Consumer,Paid Search
C008823,Sneha Reddy,Male,45,Bhopal,Bhopal,2026-03-23,Consumer,Social Media
C008824,Karan Reddy,Male,28,Visakhapatnam,Visakhapatnam,2025-01-26,Consumer,Paid Search
C008825,Manish Mehta,Male,33,Mysuru,Mysuru,2024-09-06,Consumer,Marketplace
C008826,Sneha Mishra,Male,31,Coimbatore,Coimbatore,2023-10-20,Consumer,Paid Search
C008827,Sneha Yadav,Female,30,Bhopal,Bhopal,2022-03-02,Consumer,Referral
C008828,Aarav Iyer,Female,39,Bhopal,Bhopal,2022-05-12,Consumer,Marketplace
C008829,Sneha Verma,Female,26,Hyderabad,Hyderabad,2025-12-19,Consumer,Referral
C008830,Neha Reddy,Female,27,Coimbatore,Coimbatore,2022-08-24,Corporate,Referral
C008831,Nikhil Iyer,Female,49,Mumbai,Mumbai,2025-11-14,Small Business,Paid Search
C008832,Riya Mishra,Unknown,53,Coimbatore,Coimbatore,2023-09-23,Consumer,Paid Search
C008833,Sneha Verma,Female,43,Patna,Patna,2024-10-15,Consumer,Email
C008834,Ishaan Rao,Female,25,Patna,Patna,2022-04-04,Consumer,Email
C008835,Krishna Nair,Female,45,Patna,Patna,2026-04-13,Consumer,Email
C008836,Karan Verma,Female,50,Indore,Indore,2025-08-16,Consumer,Paid Search
C008837,Kabir Kumar,Male,31,Chennai,Chennai,2024-06-06,Corporate,Paid Search
C008838,Nisha Bose,Non-Binary,42,Bengaluru,Bengaluru,2023-05-18,Corporate,Paid Search
C008839,Arjun Patel,Female,37,Jaipur,Jaipur,2024-11-19,Consumer,Email
C008840,Arjun Mishra,Female,38,Chennai,Chennai,2024-01-12,Corporate,Organic Search
C008841,Ishaan Patel,Female,30,Chandigarh,Chandigarh,2022-07-02,Small Business,Marketplace
C008842,Aditya Bose,Male,22,Jaipur,Jaipur,2025-11-18,Consumer,Email
C008843,Karan Mishra,Male,30,Nagpur,Nagpur,2022-07-11,Consumer,Affiliate
C008844,Rohan Mishra,Female,38,Delhi,Delhi,2023-11-04,Consumer,Organic Search
C008845,Ishaan Mishra,Male,24,Nagpur,Nagpur,2023-01-12,Corporate,Organic Search
C008846,Pooja Reddy,Male,53,Ahmedabad,Ahmedabad,2025-01-05,Consumer,Social Media
C008847,Varun Iyer,Female,45,Patna,Patna,2022-12-07,Consumer,Organic Search
C008848,Karan Singh,Female,34,Ahmedabad,Ahmedabad,2023-05-22,Small Business,Organic Search
C008849,Aarav Chopra,Female,42,Kolkata,Kolkata,2022-12-22,Small Business,Organic Search
C008850,Ishaan Kumar,Female,48,Patna,Patna,2022-08-04,Home Office,Affiliate
C008851,Nisha Rao,Male,58,Jaipur,Jaipur,2023-12-30,Consumer,Paid Search
C008852,Tanya Mishra,Female,24,Mysuru,Mysuru,2026-03-21,Corporate,Social Media
C008853,Vikram Rao,Male,58,Mumbai,Mumbai,2025-11-21,Consumer,Paid Search
C008854,Arjun Bose,Female,48,Surat,Surat,2026-04-25,Corporate,Marketplace
C008855,Varun Rao,Non-Binary,28,Nagpur,Nagpur,2023-09-25,Consumer,Marketplace
C008856,Sneha Verma,Female,19,Jaipur,Jaipur,2025-01-16,Home Office,Social Media
C008857,Meera Iyer,Non-Binary,20,Visakhapatnam,Visakhapatnam,2023-06-30,Consumer,Paid Search
C008858,Rahul Patel,Female,33,Hyderabad,Hyderabad,2024-03-06,Corporate,Social Media
C008859,Rahul Mishra,Male,55,Bengaluru,Bengaluru,2026-04-19,Consumer,Organic Search
C008860,Karan Nair,Female,29,Delhi,Delhi,2025-09-15,Corporate,Marketplace
C008861,Siddharth Patel,Female,46,Lucknow,Lucknow,2022-03-15,Consumer,Email
C008862,Neha Mehta,Male,25,Hyderabad,Hyderabad,2025-11-17,Corporate,Paid Search
C008863,Rahul Bose,Male,45,Bengaluru,Bengaluru,2024-11-24,Consumer,Organic Search
C008864,Krishna Nair,Female,63,Surat,Surat,2024-08-13,Corporate,Organic Search
C008865,Ishaan Das,Male,28,Bengaluru,Bengaluru,2023-01-18,Consumer,Organic Search
C008866,Manish Gupta,Male,50,Nagpur,Nagpur,2022-02-05,Consumer,Marketplace
C008867,Ananya Chopra,Male,36,Chandigarh,Chandigarh,2024-02-22,Home Office,Social Media
C008868,Kabir Shah,Female,18,Noida,Noida,2022-05-31,Consumer,Referral
C008869,Aditya Das,Female,34,Bhopal,Bhopal,2025-02-18,Consumer,Referral
C008870,Manish Malhotra,Male,38,Lucknow,Lucknow,2022-02-07,Home Office,Paid Search
C008871,Nikhil Mishra,Female,31,Hyderabad,Hyderabad,2024-07-09,Corporate,Paid Search
C008872,Nikhil Verma,Male,23,Surat,Surat,2022-11-28,Home Office,Organic Search
C008873,Neha Reddy,Male,37,Bengaluru,Bengaluru,2023-06-10,Home Office,Marketplace
C008874,Aarav Patel,Female,30,Chandigarh,Chandigarh,2023-12-02,Corporate,Organic Search
C008875,Rohan Verma,Male,29,Guwahati,Guwahati,2025-07-12,Corporate,Paid Search
C008876,Rohan Kapoor,Female,29,Bhopal,Bhopal,2025-08-23,Corporate,Organic Search
C008877,Varun Bose,Male,20,Patna,Patna,2024-08-08,Consumer,Organic Search
C008878,Rahul Nair,Male,18,Guwahati,Guwahati,2022-07-19,Consumer,Affiliate
C008879,Ananya Mehta,Male,57,Kochi,Kochi,2024-09-26,Consumer,Social Media
C008880,Rohan Nair,Male,43,Guwahati,Guwahati,2023-06-28,Small Business,Organic Search
C008881,Kavya Kapoor,Male,45,Nagpur,Nagpur,2025-04-07,Corporate,Affiliate
C008882,Ananya Iyer,Male,20,Lucknow,Lucknow,2025-04-06,Consumer,Social Media
C008883,Rahul Mishra,Female,42,Pune,Pune,2023-02-21,Consumer,Organic Search
C008884,Sneha Reddy,Female,18,Chennai,Chennai,2024-09-18,Consumer,Social Media
C008885,Nikhil Patel,Male,32,Surat,Surat,2024-12-25,Corporate,Paid Search
C008886,Meera Joshi,Female,49,Bhopal,Bhopal,2026-05-04,Consumer,Paid Search
C008887,Diya Singh,Non-Binary,34,Ahmedabad,Ahmedabad,2025-08-24,Consumer,Organic Search
C008888,Ananya Singh,Female,29,Bhubaneswar,Bhubaneswar,2022-01-04,Corporate,Email
C008889,Rohan Yadav,Male,36,Indore,Indore,2023-11-10,Home Office,Social Media
C008890,Isha Mishra,Male,36,Bengaluru,Bengaluru,2022-05-03,Consumer,Paid Search
C008891,Kabir Yadav,Unknown,39,Mumbai,Mumbai,2026-03-23,Small Business,Organic Search
C008892,Aditi Rao,Female,32,Delhi,Delhi,2024-02-09,Consumer,Organic Search
C008893,Riya Yadav,Male,18,Pune,Pune,2022-09-18,Home Office,Organic Search
C008894,Vikram Chopra,Female,35,Ahmedabad,Ahmedabad,2024-03-31,Small Business,Marketplace
C008895,Kavya Sharma,Female,39,Guwahati,Guwahati,2023-07-04,Home Office,Referral
C008896,Nisha Bose,Male,31,Chandigarh,Chandigarh,2023-12-18,Consumer,Paid Search
C008897,Neha Mehta,Female,18,Nagpur,Nagpur,2026-02-03,Consumer,Referral
C008898,Vikram Patel,Female,18,Lucknow,Lucknow,2022-01-02,Consumer,Social Media
C008899,Meera Shah,Female,39,Lucknow,Lucknow,2024-01-10,Consumer,Email
C008900,Kabir Mehta,Male,28,Noida,Noida,2024-01-23,Consumer,Organic Search
C008901,Krishna Kumar,Female,23,Patna,Patna,2022-04-16,Corporate,Social Media
C008902,Siddharth Iyer,Male,37,Ahmedabad,Ahmedabad,2022-02-28,Consumer,Paid Search
C008903,Diya Bose,Male,18,Kolkata,Kolkata,2022-09-25,Consumer,Paid Search
C008904,Vikram Mishra,Male,34,Noida,Noida,2025-02-01,Consumer,Social Media
C008905,Kabir Shah,Male,43,Coimbatore,Coimbatore,2022-11-02,Consumer,Marketplace
C008906,Tanya Gupta,Male,26,Surat,Surat,2022-12-11,Consumer,Organic Search
C008907,Manish Reddy,Female,39,Delhi,Delhi,2024-12-04,Consumer,Marketplace
C008908,Nisha Das,Female,35,Kolkata,Kolkata,2022-01-10,Small Business,Referral
C008909,Ishaan Reddy,Female,61,Kolkata,Kolkata,2022-02-14,Corporate,Social Media
C008910,Priya Bose,Male,32,Kochi,Kochi,2025-11-22,Corporate,Organic Search
C008911,Nikhil Gupta,Female,25,Kochi,Kochi,2023-08-19,Corporate,Organic Search
C008912,Vivaan Bose,Male,43,Hyderabad,Hyderabad,2023-10-02,Consumer,Paid Search
C008913,Siddharth Iyer,Male,35,Gurugram,Gurugram,2024-01-22,Consumer,Email
C008914,Sanya Mehta,Male,36,Jaipur,Jaipur,2024-06-27,Consumer,Organic Search
C008915,Kabir Nair,Male,36,Hyderabad,Hyderabad,2022-05-17,Consumer,Email
C008916,Kavya Gupta,Male,50,Kochi,Kochi,2026-06-04,Consumer,Email
C008917,Manish Das,Male,44,Kolkata,Kolkata,2022-01-13,Corporate,Social Media
C008918,Priya Kumar,Female,57,Kolkata,Kolkata,2025-04-25,Consumer,Affiliate
C008919,Manish Reddy,Female,40,Lucknow,Lucknow,2024-05-16,Consumer,Affiliate
C008920,Nikhil Singh,Female,47,Lucknow,Lucknow,2025-07-29,Consumer,Paid Search
C008921,Priya Malhotra,Female,19,Pune,Pune,2022-06-22,Consumer,Referral
C008922,Ishaan Joshi,Male,33,Gurugram,Gurugram,2025-03-09,Consumer,Organic Search
C008923,Karan Kumar,Female,40,Surat,Surat,2025-08-14,Consumer,Organic Search
C008924,Pooja Rao,Unknown,37,Mumbai,Mumbai,2022-06-27,Consumer,Organic Search
C008925,Aarav Mehta,Male,18,Chennai,Chennai,2024-12-26,Corporate,Social Media
C008926,Priya Rao,Female,28,Nagpur,Nagpur,2023-11-18,Corporate,Organic Search
C008927,Vikram Malhotra,Female,23,Jaipur,Jaipur,2026-01-06,Consumer,Social Media
C008928,Diya Verma,Female,23,Patna,Patna,2023-07-18,Consumer,Social Media
C008929,Diya Sharma,Male,25,Ahmedabad,Ahmedabad,2024-01-15,Consumer,Marketplace
C008930,Rohan Nair,Male,37,Mumbai,Mumbai,2025-01-01,Corporate,Affiliate
C008931,Sneha Reddy,Male,26,Chandigarh,Chandigarh,2025-03-21,Consumer,Organic Search
C008932,Siddharth Das,Female,35,Visakhapatnam,Visakhapatnam,2022-05-14,Consumer,Social Media
C008933,Arjun Chopra,Male,35,Bhopal,Bhopal,2024-12-24,Consumer,Social Media
C008934,Aarav Gupta,Female,34,Coimbatore,Coimbatore,2022-11-22,Home Office,Paid Search
C008935,Nikhil Gupta,Male,25,Visakhapatnam,Visakhapatnam,2022-07-07,Consumer,Organic Search
C008936,Rohan Shah,Male,28,Bhopal,Bhopal,2025-04-29,Corporate,Paid Search
C008937,Rahul Iyer,Male,45,Gurugram,Gurugram,2024-10-17,Consumer,Referral
C008938,Tanya Mishra,Male,27,Chennai,Chennai,2025-06-24,Consumer,Social Media
C008939,Diya Sharma,Female,32,Ahmedabad,Ahmedabad,2024-06-14,Corporate,Social Media
C008940,Vivaan Sharma,Female,36,Nagpur,Nagpur,2023-07-22,Consumer,Paid Search
C008941,Meera Das,Male,29,Visakhapatnam,Visakhapatnam,2023-02-25,Consumer,Social Media
C008942,Siddharth Reddy,Male,22,Lucknow,Lucknow,2025-06-04,Consumer,Organic Search
C008943,Priya Patel,Male,27,Bengaluru,Bengaluru,2023-05-28,Consumer,Organic Search
C008944,Rohan Kapoor,Female,44,Ahmedabad,Ahmedabad,2024-06-26,Consumer,Social Media
C008945,Varun Kapoor,Male,27,Nagpur,Nagpur,2023-11-23,Home Office,Organic Search
C008946,Isha Sharma,Female,34,Patna,Patna,2024-03-17,Consumer,Marketplace
C008947,Isha Verma,Male,25,Mysuru,Mysuru,2024-08-23,Consumer,Referral
C008948,Nisha Iyer,Male,31,Bengaluru,Bengaluru,2025-05-22,Consumer,Marketplace
C008949,Sneha Sharma,Female,45,Gurugram,Gurugram,2025-07-22,Home Office,Affiliate
C008950,Riya Patel,Male,49,Visakhapatnam,Visakhapatnam,2024-04-03,Consumer,Social Media
C008951,Neha Iyer,Female,37,Kochi,Kochi,2024-10-16,Consumer,Email
C008952,Rohan Das,Female,36,Bhubaneswar,Bhubaneswar,2022-10-17,Corporate,Organic Search
C008953,Priya Yadav,Female,31,Guwahati,Guwahati,2025-07-08,Corporate,Paid Search
C008954,Vivaan Chopra,Male,44,Kolkata,Kolkata,2023-03-11,Consumer,Social Media
C008955,Isha Rao,Male,32,Pune,Pune,2025-10-01,Consumer,Organic Search
C008956,Pooja Verma,Male,18,Bhopal,Bhopal,2022-08-27,Home Office,Marketplace
C008957,Sanya Shah,Male,23,Jaipur,Jaipur,2024-03-18,Corporate,Organic Search
C008958,Priya Kumar,Male,41,Bhopal,Bhopal,2026-01-26,Small Business,Marketplace
C008959,Diya Patel,Female,50,Guwahati,Guwahati,2022-12-10,Consumer,Affiliate
C008960,Nikhil Mishra,Male,67,Bhopal,Bhopal,2022-04-18,Corporate,Social Media
C008961,Arjun Kapoor,Male,42,Coimbatore,Coimbatore,2022-09-15,Consumer,Paid Search
C008962,Rahul Iyer,Male,28,Bhopal,Bhopal,2025-02-16,Consumer,Email
C008963,Aditya Singh,Male,27,Kolkata,Kolkata,2026-04-21,Consumer,Email
C008964,Manish Malhotra,Male,43,Chennai,Chennai,2023-12-06,Corporate,Organic Search
C008965,Aditi Joshi,Male,32,Hyderabad,Hyderabad,2024-01-31,Consumer,Paid Search
C008966,Kavya Kapoor,Female,62,Jaipur,Jaipur,2022-07-26,Consumer,Referral
C008967,Neha Shah,Female,30,Coimbatore,Coimbatore,2025-12-07,Consumer,Paid Search
C008968,Arjun Chopra,Female,35,Chandigarh,Chandigarh,2026-01-20,Consumer,Organic Search
C008969,Siddharth Reddy,Male,41,Patna,Patna,2023-07-15,Corporate,Marketplace
C008970,Tanya Verma,Male,23,Guwahati,Guwahati,2025-03-13,Corporate,Organic Search
C008971,Sneha Patel,Female,22,Visakhapatnam,Visakhapatnam,2025-07-25,Consumer,Referral
C008972,Vikram Mishra,Female,22,Bhubaneswar,Bhubaneswar,2023-05-17,Consumer,Social Media
C008973,Meera Rao,Female,51,Hyderabad,Hyderabad,2023-02-01,Consumer,Organic Search
C008974,Nisha Mehta,Male,23,Coimbatore,Coimbatore,2024-07-03,Home Office,Paid Search
C008975,Ishaan Reddy,Male,38,Kochi,Kochi,2023-01-07,Consumer,Organic Search
C008976,Isha Nair,Female,30,Bhubaneswar,Bhubaneswar,2025-03-15,Consumer,Referral
C008977,Kavya Bose,Female,36,Kochi,Kochi,2026-06-15,Consumer,Marketplace
C008978,Sanya Sharma,Female,23,Bhubaneswar,Bhubaneswar,2023-01-24,Home Office,Social Media
C008979,Priya Sharma,Male,28,Mumbai,Mumbai,2022-09-05,Consumer,Organic Search
C008980,Manish Iyer,Male,41,Kolkata,Kolkata,2022-01-10,Consumer,Paid Search
C008981,Tanya Patel,Male,64,Patna,Patna,2026-05-02,Consumer,Organic Search
C008982,Pooja Das,Male,18,Chandigarh,Chandigarh,2023-10-22,Consumer,Organic Search
C008983,Isha Bose,Female,45,Patna,Patna,2022-04-23,Consumer,Affiliate
C008984,Priya Malhotra,Male,21,Jaipur,Jaipur,2022-02-27,Consumer,Referral
C008985,Nikhil Kapoor,Male,28,Bhopal,Bhopal,2022-10-28,Consumer,Organic Search
C008986,Priya Bose,Female,19,Mysuru,Mysuru,2023-02-02,Consumer,Social Media
C008987,Nisha Singh,Non-Binary,20,Nagpur,Nagpur,2023-07-25,Small Business,Referral
C008988,Krishna Singh,Male,24,Kolkata,Kolkata,2022-10-14,Corporate,Organic Search
C008989,Kavya Gupta,Male,42,Mumbai,Mumbai,2024-03-17,Consumer,Paid Search
C008990,Rahul Nair,Non-Binary,33,Nagpur,Nagpur,2025-07-28,Consumer,Organic Search
C008991,Nikhil Gupta,Female,32,Nagpur,Nagpur,2025-09-27,Consumer,Affiliate
C008992,Kavya Reddy,Female,44,Noida,Noida,2022-03-19,Consumer,Affiliate
C008993,Aarav Singh,Male,39,Ahmedabad,Ahmedabad,2024-07-19,Consumer,Organic Search
C008994,Siddharth Reddy,Male,37,Indore,Indore,2026-04-11,Consumer,Referral
C008995,Varun Iyer,Male,34,Bhubaneswar,Bhubaneswar,2026-07-17,Consumer,Email
C008996,Isha Nair,Male,32,Visakhapatnam,Visakhapatnam,2024-02-22,Small Business,Organic Search
C008997,Arjun Das,Female,25,Kochi,Kochi,2025-10-17,Home Office,Social Media
C008998,Meera Nair,Female,30,Visakhapatnam,Visakhapatnam,2026-01-30,Small Business,Marketplace
C008999,Manish Gupta,Male,40,Gurugram,Gurugram,2024-01-14,Corporate,Paid Search
C009000,Priya Kumar,Non-Binary,28,Jaipur,Jaipur,2026-07-03,Consumer,Marketplace
C009001,Ishaan Bose,Male,34,Mumbai,Mumbai,2024-08-15,Consumer,Organic Search
C009002,Ananya Sharma,Male,21,Patna,Patna,2026-06-22,Consumer,Paid Search
C009003,Rohan Malhotra,Female,29,Lucknow,Lucknow,2026-03-06,Consumer,Paid Search
C009004,Aditi Chopra,Male,41,Kolkata,Kolkata,2024-11-10,Consumer,Paid Search
C009005,Nisha Mehta,Male,39,Jaipur,Jaipur,2023-06-18,Consumer,Social Media
C009006,Ananya Gupta,Male,33,Mysuru,Mysuru,2022-11-23,Consumer,Email
C009007,Vivaan Das,Male,27,Guwahati,Guwahati,2022-03-10,Consumer,Organic Search
C009008,Rahul Bose,Female,18,Chennai,Chennai,2025-02-22,Small Business,Organic Search
C009009,Kabir Reddy,Male,27,Ahmedabad,Ahmedabad,2022-07-25,Corporate,Organic Search
C009010,Karan Patel,Female,29,Bhopal,Bhopal,2025-07-01,Consumer,Social Media
C009011,Priya Mishra,Male,34,Kolkata,Kolkata,2024-09-03,Consumer,Social Media
C009012,Nikhil Iyer,Male,48,Coimbatore,Coimbatore,2023-08-02,Consumer,Organic Search
C009013,Karan Singh,Female,27,Noida,Noida,2023-03-27,Corporate,Paid Search
C009014,Aditi Iyer,Female,31,Mysuru,Mysuru,2022-05-28,Home Office,Social Media
C009015,Nisha Yadav,Male,34,Bhubaneswar,Bhubaneswar,,Consumer,Organic Search
C009016,Vivaan Iyer,Male,30,Noida,Noida,2026-06-26,Consumer,Organic Search
C009017,Ishaan Kumar,Male,36,Kochi,Kochi,2023-04-11,Corporate,Marketplace
C009018,Kabir Reddy,Female,66,Indore,Indore,2024-11-21,Consumer,Organic Search
C009019,Vivaan Kapoor,Female,53,Delhi,Delhi,2022-01-25,Home Office,Organic Search
C009020,Kabir Patel,Female,43,Kolkata,Kolkata,2024-09-13,Consumer,Paid Search
C009021,Ishaan Verma,Female,38,Visakhapatnam,Visakhapatnam,2025-02-25,Consumer,Organic Search
C009022,Siddharth Kumar,Male,23,Kolkata,Kolkata,2024-12-07,Consumer,Affiliate
C009023,Vivaan Joshi,Male,50,Bengaluru,Bengaluru,2022-01-08,Home Office,Marketplace
C009024,Varun Iyer,Male,26,Chennai,Chennai,2025-06-27,Corporate,Social Media
C009025,Nikhil Kumar,Male,41,Nagpur,Nagpur,2023-02-16,Consumer,Organic Search
C009026,Rahul Gupta,Male,21,Delhi,Delhi,2026-05-20,Corporate,Marketplace
C009027,Aditya Bose,Female,43,Bhubaneswar,Bhubaneswar,2024-02-29,Consumer,Affiliate
C009028,Nisha Verma,Male,21,Mumbai,Mumbai,2025-09-11,Corporate,Paid Search
C009029,Nikhil Singh,Male,34,Lucknow,Lucknow,2025-06-20,Consumer,Social Media
C009030,Arjun Patel,Male,19,Gurugram,Gurugram,2023-08-30,Consumer,Social Media
C009031,Nisha Rao,Male,18,Surat,Surat,2024-01-28,Small Business,Paid Search
C009032,Priya Kumar,Female,45,Indore,Indore,2026-03-09,Consumer,Social Media
C009033,Nisha Kapoor,Female,36,Chennai,Chennai,2023-09-15,Consumer,Social Media
C009034,Ishaan Malhotra,Female,25,Lucknow,Lucknow,2023-11-01,Consumer,Email
C009035,Kavya Singh,Male,48,Pune,Pune,2025-01-04,Home Office,Organic Search
C009036,Kabir Malhotra,Male,33,Ahmedabad,Ahmedabad,2026-01-05,Consumer,Referral
C009037,Manish Kapoor,Male,60,Surat,Surat,2025-03-11,Home Office,Email
C009038,Kavya Verma,Male,33,Guwahati,Guwahati,2025-06-05,Corporate,Email
C009039,Aditi Singh,Female,47,Bengaluru,Bengaluru,,Consumer,Marketplace
C009040,Aditi Iyer,Female,29,Surat,Surat,2024-05-31,Consumer,Email
C009041,Kabir Mehta,Non-Binary,32,Lucknow,Lucknow,2022-09-04,Home Office,Social Media
C009042,Isha Reddy,Female,36,Noida,Noida,2022-12-18,Corporate,Marketplace
C009043,Tanya Yadav,Female,27,Surat,Surat,2022-10-11,Consumer,Organic Search
C009044,Priya Yadav,Female,36,Mysuru,Mysuru,2022-10-30,Home Office,Organic Search
C009045,Meera Das,Male,34,Kolkata,Kolkata,2023-03-14,Consumer,Marketplace
C009046,Siddharth Bose,Unknown,30,Noida,Noida,2024-09-05,Consumer,Affiliate
C009047,Nikhil Yadav,Male,33,Lucknow,Lucknow,2022-12-24,Consumer,Paid Search
C009048,Arjun Kapoor,Male,40,Mumbai,Mumbai,2026-07-06,Consumer,Social Media
C009049,Pooja Das,Male,20,Ahmedabad,Ahmedabad,2023-12-05,Home Office,Referral
C009050,Nisha Yadav,Male,29,Patna,Patna,2024-10-28,Corporate,Paid Search
C009051,Aarav Patel,Female,52,Gurugram,Gurugram,2025-05-02,Consumer,Referral
C009052,Aditya Mishra,Female,44,Nagpur,Nagpur,2026-04-05,Home Office,Marketplace
C009053,Sneha Sharma,Female,38,Mumbai,Mumbai,2022-08-08,Consumer,Social Media
C009054,Diya Yadav,Female,28,Mumbai,Mumbai,2025-01-14,Home Office,Paid Search
C009055,Meera Das,Male,26,Ahmedabad,Ahmedabad,2023-09-07,Corporate,Social Media
C009056,Nikhil Verma,Female,41,Chandigarh,Chandigarh,2023-06-13,Consumer,Social Media
C009057,Neha Nair,Male,27,Hyderabad,Hyderabad,2026-03-26,Home Office,Referral
C009058,Varun Verma,Female,32,Guwahati,Guwahati,2023-08-13,Consumer,Referral
C009059,Diya Shah,Female,27,Bhubaneswar,Bhubaneswar,2026-06-03,Corporate,Paid Search
C009060,Nikhil Nair,Male,43,Nagpur,Nagpur,2025-07-05,Corporate,Social Media
C009061,Neha Shah,Female,48,Ahmedabad,Ahmedabad,2024-04-12,Consumer,Affiliate
C009062,Siddharth Iyer,Female,44,Mysuru,Mysuru,2023-10-20,Consumer,Paid Search
C009063,Ishaan Verma,Male,24,Mysuru,Mysuru,2022-10-29,Consumer,Marketplace
C009064,Meera Das,Female,40,Delhi,Delhi,2022-11-09,Corporate,Organic Search
C009065,Arjun Yadav,Male,25,Gurugram,Gurugram,2023-07-17,Consumer,Paid Search
C009066,Kavya Kapoor,Male,47,Hyderabad,Hyderabad,2023-06-12,Corporate,Marketplace
C009067,Vivaan Reddy,Male,27,Chandigarh,Chandigarh,2024-11-22,Consumer,Social Media
C009068,Nikhil Yadav,Male,25,Pune,Pune,2026-01-10,Consumer,Social Media
C009069,Arjun Patel,Male,21,Bengaluru,Bengaluru,2023-06-04,Small Business,Paid Search
C009070,Priya Sharma,Female,18,Noida,Noida,2023-08-08,Consumer,Marketplace
C009071,Isha Sharma,Female,32,Kolkata,Kolkata,2026-02-02,Corporate,Paid Search
C009072,Rohan Rao,Female,36,Gurugram,Gurugram,2024-06-02,Home Office,Paid Search
C009073,Varun Singh,Male,29,Guwahati,Guwahati,2024-08-19,Consumer,Paid Search
C009074,Vivaan Sharma,Female,41,Jaipur,Jaipur,2025-12-28,Corporate,Organic Search
C009075,Ananya Kapoor,Female,18,Kolkata,Kolkata,2022-02-05,Consumer,Marketplace
C009076,Sneha Patel,Female,44,Hyderabad,Hyderabad,2022-12-15,Consumer,Referral
C009077,Reyansh Iyer,Female,31,Lucknow,Lucknow,2026-03-29,Consumer,Paid Search
C009078,Siddharth Rao,Male,35,Guwahati,Guwahati,2023-09-18,Consumer,Marketplace
C009079,Sanya Bose,Female,18,Bhopal,Bhopal,2022-08-31,Corporate,Social Media
C009080,Tanya Kapoor,Male,68,Bengaluru,Bengaluru,2023-05-31,Consumer,Paid Search
C009081,Karan Gupta,Male,51,Mumbai,Mumbai,2024-06-02,Consumer,Email
C009082,Priya Singh,Female,53,Bhopal,Bhopal,2022-12-09,Consumer,Marketplace
C009083,Tanya Verma,Male,18,Kochi,Kochi,2024-09-06,Consumer,Paid Search
C009084,Sanya Patel,Male,38,Kochi,Kochi,2024-02-20,Consumer,Paid Search
C009085,Vikram Mehta,Male,41,Bhopal,Bhopal,2025-09-03,Home Office,Social Media
C009086,Siddharth Sharma,Male,34,Jaipur,Jaipur,2022-02-01,Consumer,Social Media
C009087,Riya Joshi,Female,26,Bengaluru,Bengaluru,2024-11-01,Consumer,Social Media
C009088,Nisha Das,Female,25,Bengaluru,Bengaluru,2023-06-11,Home Office,Organic Search
C009089,Ananya Singh,Female,38,Chandigarh,Chandigarh,2026-02-22,Consumer,Marketplace
C009090,Sneha Joshi,Female,41,Hyderabad,Hyderabad,2022-06-22,Consumer,Marketplace
C009091,Aarav Reddy,Male,40,Visakhapatnam,Visakhapatnam,2026-05-30,Consumer,Paid Search
C009092,Nikhil Mehta,Male,34,Coimbatore,Coimbatore,2025-09-23,Consumer,Marketplace
C009093,Pooja Kapoor,Female,39,Delhi,Delhi,2023-04-27,Consumer,Marketplace
C009094,Varun Iyer,Male,19,Mumbai,Mumbai,2023-12-09,Consumer,Social Media
C009095,Sanya Yadav,Male,27,Noida,Noida,2023-10-07,Consumer,Organic Search
C009096,Sanya Kapoor,Female,34,Ahmedabad,Ahmedabad,2025-07-13,Consumer,Marketplace
C009097,Priya Rao,Female,18,Gurugram,Gurugram,2025-11-13,Consumer,Marketplace
C009098,Ananya Yadav,Male,48,Ahmedabad,Ahmedabad,2023-06-29,Consumer,Marketplace
C009099,Nisha Singh,Male,18,Noida,Noida,2025-07-02,Consumer,Social Media
C009100,Aditi Mehta,Female,29,Jaipur,Jaipur,2024-05-13,Consumer,Social Media
C009101,Nikhil Nair,Female,39,Hyderabad,Hyderabad,2022-10-09,Consumer,Paid Search
C009102,Krishna Gupta,Female,21,Gurugram,Gurugram,2022-10-05,Consumer,Paid Search
C009103,Priya Shah,Female,36,Bhopal,Bhopal,2024-11-11,Consumer,Organic Search
C009104,Sneha Verma,Male,31,Chandigarh,Chandigarh,2024-07-08,Consumer,Referral
C009105,Vivaan Malhotra,Male,50,Visakhapatnam,Visakhapatnam,2025-01-01,Consumer,Unknown
C009106,Ananya Nair,Female,52,Visakhapatnam,Visakhapatnam,2023-06-05,Small Business,Referral
C009107,Varun Das,Female,46,Coimbatore,Coimbatore,2026-01-16,Consumer,Marketplace
C009108,Aarav Gupta,Male,58,Gurugram,Gurugram,2025-09-17,Consumer,Email
C009109,Siddharth Malhotra,Female,39,Noida,Noida,2024-01-23,Consumer,Referral
C009110,Nikhil Patel,Female,40,Kochi,Kochi,2024-12-24,Consumer,Organic Search
C009111,Tanya Joshi,Male,38,Hyderabad,Hyderabad,2022-07-24,Home Office,Social Media
C009112,Rahul Verma,Male,23,Gurugram,Gurugram,2023-02-04,Consumer,Social Media
C009113,Diya Rao,Male,24,Kolkata,Kolkata,2023-03-15,Corporate,Marketplace
C009114,Krishna Malhotra,Non-Binary,33,Chennai,Chennai,2024-11-07,Home Office,Social Media
C009115,Karan Singh,Female,44,Noida,Noida,2025-05-18,Consumer,Paid Search
C009116,Diya Malhotra,Female,34,Noida,Noida,2022-04-07,Consumer,Email
C009117,Aditya Mishra,Female,47,Pune,Pune,2024-02-28,Consumer,Marketplace
C009118,Arjun Kumar,Female,42,Pune,Pune,2024-05-31,Corporate,Marketplace
C009119,Priya Mehta,Male,27,Kolkata,Kolkata,2026-02-17,Small Business,Organic Search
C009120,Siddharth Shah,Male,26,Nagpur,Nagpur,2024-12-21,Consumer,Marketplace
C009121,Ishaan Chopra,Male,34,Mysuru,Mysuru,2025-03-01,Corporate,Social Media
C009122,Siddharth Patel,Male,34,Mumbai,Mumbai,2025-12-22,Corporate,Email
C009123,Karan Rao,Male,28,Noida,Noida,2022-12-20,Consumer,Organic Search
C009124,Diya Verma,Non-Binary,19,Delhi,Delhi,2026-07-24,Corporate,Email
C009125,Vikram Nair,Female,44,Bengaluru,Bengaluru,2023-01-29,Consumer,Organic Search
C009126,Kavya Mehta,Male,18,Chennai,Chennai,2023-02-23,Small Business,Organic Search
C009127,vivaan kapoor,Male,28,Kolkata,Kolkata,2026-02-27,Consumer,Email
C009128,Vivaan Patel,Male,28,Ahmedabad,Ahmedabad,2022-09-17,Consumer,Paid Search
C009129,Nikhil Rao,Male,29,Chennai,Chennai,2022-09-18,Home Office,Social Media
C009130,Varun Iyer,Male,25,Nagpur,Nagpur,,Small Business,Social Media
C009131,Aditya Bose,Female,27,Ahmedabad,Ahmedabad,2024-11-10,Consumer,Social Media
C009132,Neha Das,Male,25,Pune,Pune,2025-08-07,Small Business,Referral
C009133,Tanya Yadav,Female,25,Kochi,Kochi,2023-01-25,Home Office,Marketplace
C009134,Karan Reddy,Female,18,Mysuru,Mysuru,2022-05-12,Consumer,Email
C009135,Kabir Reddy,Female,25,Jaipur,Jaipur,2026-01-18,Consumer,Social Media
C009136,Diya Malhotra,Male,34,Bhopal,Bhopal,2026-07-02,Consumer,Email
C009137,Ishaan Nair,Female,44,Chandigarh,Chandigarh,2024-05-17,Consumer,Paid Search
C009138,Siddharth Mishra,Female,46,Chandigarh,Chandigarh,2022-06-01,Home Office,Marketplace
C009139,Siddharth Reddy,Male,56,Nagpur,Nagpur,2026-07-05,Consumer,Organic Search
C009140,Rahul Chopra,Male,29,Chennai,Chennai,2023-09-11,Consumer,Organic Search
C009141,Priya Mehta,Female,41,Noida,Noida,2022-11-25,Consumer,Organic Search
C009142,Varun Nair,Male,36,Delhi,Delhi,2025-09-14,Home Office,Referral
C009143,Meera Yadav,Male,38,Gurugram,Gurugram,2023-08-14,Consumer,Organic Search
C009144,Varun Rao,Male,31,Bhubaneswar,Bhubaneswar,2022-07-25,Home Office,Email
C009145,Ishaan Nair,Female,26,Kochi,Kochi,2024-08-27,Consumer,Organic Search
C009146,Rohan Singh,Female,26,Nagpur,Nagpur,2022-05-17,Home Office,Marketplace
C009147,Rahul Bose,Female,51,Indore,Indore,2026-05-25,Consumer,Email
C009148,Rohan Patel,Male,21,Visakhapatnam,Visakhapatnam,2023-12-14,Small Business,Organic Search
C009149,Ishaan Verma,Female,32,Lucknow,Lucknow,2026-01-20,Consumer,Organic Search
C009150,Aditi Kapoor,Male,36,Bhopal,Bhopal,2023-08-09,Home Office,Organic Search
C009151,Rohan Yadav,Male,18,Jaipur,Jaipur,2026-06-14,Small Business,Referral
C009152,Manish Patel,Female,30,Mumbai,Mumbai,2023-05-10,Consumer,Paid Search
C009153,Pooja Mishra,Male,27,Surat,Surat,2026-02-02,Corporate,Organic Search
C009154,Rohan Bose,Male,41,Chennai,Chennai,2026-04-14,Small Business,Organic Search
C009155,Kavya Singh,Male,46,Coimbatore,Coimbatore,2023-09-28,Home Office,Organic Search
C009156,Varun Singh,Male,39,Kochi,Kochi,2025-05-20,Consumer,Organic Search
C009157,Kabir Das,Female,32,Noida,Noida,2025-08-23,Home Office,Social Media
C009158,Rohan Joshi,Female,29,Pune,Pune,2025-11-03,Consumer,Organic Search
C009159,Arjun Yadav,Female,31,Bhopal,Bhopal,2023-10-05,Consumer,Referral
C009160,Sneha Malhotra,Male,29,Delhi,Delhi,2024-04-14,Consumer,Marketplace
C009161,Priya Chopra,Male,27,Guwahati,Guwahati,2022-02-20,Corporate,Social Media
C009162,Aditi Das,Female,25,Kolkata,Kolkata,2025-06-02,Home Office,Organic Search
C009163,Tanya Verma,Female,41,Surat,Surat,2025-02-12,Small Business,Organic Search
C009164,Diya Verma,Female,36,Bengaluru,Bengaluru,2026-05-06,Consumer,Social Media
C009165,Siddharth Gupta,Female,49,Chennai,Chennai,2022-06-22,Small Business,Paid Search
C009166,Aditya Malhotra,Male,35,Patna,Patna,2025-06-09,Corporate,Paid Search
C009167,Nikhil Sharma,Male,34,Noida,Noida,2025-02-12,Corporate,Social Media
C009168,Reyansh Chopra,Female,33,Mumbai,Mumbai,2024-09-07,Corporate,Paid Search
C009169,Aditya Nair,Male,34,Mumbai,Mumbai,2023-09-01,Corporate,Paid Search
C009170,Ananya Chopra,Female,39,Noida,Noida,,Consumer,Social Media
C009171,Isha Shah,Male,46,Mumbai,Mumbai,2023-07-03,Home Office,Social Media
C009172,Karan Shah,Non-Binary,18,Ahmedabad,Ahmedabad,2024-09-19,Consumer,Affiliate
C009173,Kabir Yadav,Female,35,Chandigarh,Chandigarh,2026-03-17,Corporate,Organic Search
C009174,Reyansh Sharma,Female,44,Guwahati,Guwahati,2022-03-06,Home Office,Marketplace
C009175,Meera Mehta,Male,34,Nagpur,Nagpur,2022-06-22,Consumer,Paid Search
C009176,Rahul Das,Female,26,Guwahati,Guwahati,2024-06-05,Consumer,Email
C009177,Diya Das,Female,37,Delhi,Delhi,2023-01-28,Consumer,Paid Search
C009178,Aditi Chopra,Female,41,Coimbatore,Coimbatore,2025-08-29,Consumer,Paid Search
C009179,Sanya Chopra,Male,28,Lucknow,Lucknow,2022-06-27,Home Office,Affiliate
C009180,Kabir Das,Female,32,Jaipur,Jaipur,2024-07-08,Small Business,Organic Search
C009181,Aditya Rao,Male,35,Kolkata,Kolkata,2022-03-26,Consumer,Email
C009182,Sneha Mishra,Female,24,Kolkata,Kolkata,2025-10-28,Consumer,Paid Search
C009183,Rohan Yadav,Female,38,Guwahati,Guwahati,2026-05-24,Consumer,Paid Search
C009184,Neha Gupta,Female,23,Chennai,Chennai,2023-07-06,Small Business,Paid Search
C009185,Krishna Malhotra,Male,22,Chennai,Chennai,2023-02-19,Corporate,Organic Search
C009186,Reyansh Joshi,Male,22,Bhubaneswar,Bhubaneswar,2023-04-27,Consumer,Paid Search
C009187,Aditya Nair,Male,39,Nagpur,Nagpur,2022-02-06,Corporate,Marketplace
C009188,Aarav Gupta,Female,36,Hyderabad,Hyderabad,2024-04-24,Consumer,Email
C009189,Karan Das,Female,42,Surat,Surat,2024-11-15,Corporate,Organic Search
C009190,Siddharth Das,Male,35,Ahmedabad,Ahmedabad,2023-01-30,Corporate,Social Media
C009191,Manish Shah,Male,29,Kolkata,Kolkata,2022-02-20,Consumer,Referral
C009192,Reyansh Mehta,Male,40,Kochi,Kochi,2023-06-12,Small Business,Organic Search
C009193,Arjun Rao,Female,45,Bengaluru,Bengaluru,2025-11-24,Home Office,Paid Search
C009194,Kavya Reddy,Male,51,Nagpur,Nagpur,2024-09-07,Consumer,Email
C009195,Nikhil Verma,Female,33,Delhi,Delhi,2022-02-05,Corporate,Paid Search
C009196,Isha Mishra,Female,39,Lucknow,Lucknow,2025-10-16,Consumer,Email
C009197,Aditya Yadav,Male,40,Pune,Pune,2024-12-03,Home Office,Paid Search
C009198,Krishna Patel,Female,30,Bengaluru,Bengaluru,2026-03-26,Consumer,Paid Search
C009199,Riya Kumar,Male,38,Guwahati,Guwahati,2024-10-21,Consumer,Social Media
C009200,Ishaan Shah,Female,39,Gurugram,Gurugram,2024-06-03,Corporate,Affiliate
C009201,Aarav Nair,Female,18,Guwahati,Guwahati,2024-12-21,Consumer,Organic Search
C009202,Siddharth Gupta,Female,41,Nagpur,Nagpur,2024-06-07,Consumer,Social Media
C009203,Ananya Singh,Unknown,37,Hyderabad,Hyderabad,2025-05-10,Consumer,Referral
C009204,Pooja Iyer,Male,21,Chandigarh,Chandigarh,2023-11-06,Consumer,Social Media
C009205,Isha Shah,Female,37,Nagpur,Nagpur,,Consumer,Social Media
C009206,Vikram Mehta,Male,43,Jaipur,Jaipur,2023-10-10,Corporate,Paid Search
C009207,Meera Kapoor,Female,34,Pune,Pune,2025-04-07,Consumer,Social Media
C009208,Ishaan Shah,Female,27,Noida,Noida,2024-07-02,Consumer,Organic Search
C009209,Krishna Das,Female,34,Lucknow,Lucknow,2025-09-18,Corporate,Paid Search
C009210,Sneha Singh,Female,41,Kochi,Kochi,2024-10-25,Small Business,Email
C009211,Meera Chopra,Female,34,Patna,Patna,2025-08-03,Consumer,Organic Search
C009212,Ishaan Verma,Female,48,Bhopal,Bhopal,2023-11-03,Corporate,Organic Search
C009213,Sneha Gupta,Male,42,Pune,Pune,2025-12-04,Home Office,Organic Search
C009214,Karan Nair,Male,18,Pune,Pune,2023-12-05,Small Business,Social Media
C009215,Siddharth Rao,Male,18,Jaipur,Jaipur,2023-05-26,Small Business,Social Media
C009216,Arjun Patel,Female,29,Delhi,Delhi,2022-01-22,Consumer,Marketplace
C009217,Tanya Patel,Female,58,Visakhapatnam,Visakhapatnam,2026-04-14,Corporate,Marketplace
C009218,Sanya Gupta,Male,38,Bhopal,Bhopal,2023-12-21,Home Office,Organic Search
C009219,Sanya Shah,Male,23,Nagpur,Nagpur,2022-02-17,Consumer,Referral
C009220,Aditya Mishra,Female,31,Bhubaneswar,Bhubaneswar,2022-04-21,Consumer,Organic Search
C009221,Karan Yadav,Female,18,Kochi,Kochi,2023-06-20,Consumer,Organic Search
C009222,Ishaan Reddy,Female,18,Bhopal,Bhopal,2025-08-11,Consumer,Email
C009223,Vivaan Joshi,Male,47,Noida,Noida,2025-08-14,Consumer,Paid Search
C009224,Rohan Iyer,Male,40,Coimbatore,Coimbatore,2022-03-13,Home Office,Social Media
C009225,Ishaan Kumar,Male,43,Mumbai,Mumbai,2026-02-05,Home Office,Referral
C009226,Rahul Chopra,Male,45,Pune,Pune,2023-04-29,Consumer,Paid Search
C009227,Rohan Yadav,Female,46,Noida,Noida,2024-03-01,Consumer,Social Media
C009228,Vivaan Das,Female,35,Surat,Surat,2024-10-28,Corporate,Social Media
C009229,Ananya Joshi,Female,40,Bengaluru,Bengaluru,2024-09-25,Consumer,Marketplace
C009230,Vivaan Das,Male,50,Surat,Surat,2024-07-13,Consumer,Social Media
C009231,Rahul Kapoor,Female,29,Guwahati,Guwahati,2024-07-06,Corporate,Affiliate
C009232,Isha Mehta,Male,42,Kochi,Kochi,2024-04-18,Home Office,Marketplace
C009233,Arjun Joshi,Male,36,Gurugram,Gurugram,2023-12-11,Consumer,Paid Search
C009234,Aditya Singh,Female,33,Noida,Noida,2024-09-24,Corporate,Email
C009235,Krishna Mishra,Female,36,Hyderabad,Hyderabad,2023-10-03,Consumer,Organic Search
C009236,Neha Chopra,Male,43,Jaipur,Jaipur,2025-01-22,Consumer,Social Media
C009237,Neha Chopra,Female,33,Coimbatore,Coimbatore,2023-01-30,Home Office,Paid Search
C009238,Isha Shah,Female,53,Kolkata,Kolkata,2025-11-30,Consumer,Paid Search
C009239,Vivaan Mishra,Male,35,Chandigarh,Chandigarh,2024-06-05,Consumer,Email
C009240,Aditi Yadav,Male,33,Gurugram,Gurugram,2023-12-02,Consumer,Marketplace
C009241,Nisha Nair,Male,27,Delhi,Delhi,2025-01-25,Consumer,Affiliate
C009242,Tanya Singh,Female,55,Patna,Patna,2023-04-24,Consumer,Paid Search
C009243,Meera Shah,Male,29,Jaipur,Jaipur,2026-04-10,Consumer,Organic Search
C009244,Karan Mehta,Female,34,Lucknow,Lucknow,2023-01-16,Home Office,Referral
C009245,Aarav Rao,Male,35,Gurugram,Gurugram,2026-02-04,Small Business,Paid Search
C009246,Rahul Mishra,Male,21,Indore,Indore,2024-03-21,Corporate,Organic Search
C009247,Reyansh Mishra,Male,31,Lucknow,Lucknow,2022-02-25,Consumer,Referral
C009248,Nisha Singh,Female,36,Jaipur,Jaipur,2024-01-22,Corporate,Social Media
C009249,Varun Reddy,Female,38,Surat,Surat,2024-09-08,Corporate,Marketplace
C009250,Kabir Malhotra,Female,48,Visakhapatnam,Visakhapatnam,2025-09-15,Consumer,Social Media
C009251,Ananya Bose,Male,30,Nagpur,Nagpur,2025-01-06,Consumer,Organic Search
C009252,Nisha Patel,Male,32,Nagpur,Nagpur,2023-06-24,Consumer,Marketplace
C009253,Reyansh Kapoor,Female,32,Visakhapatnam,Visakhapatnam,2024-01-10,Consumer,Marketplace
C009254,Vivaan Verma,Male,18,Jaipur,Jaipur,2022-05-04,Consumer,Organic Search
C009255,Ananya Sharma,Male,34,Kochi,Kochi,2024-07-24,Home Office,Affiliate
C009256,Vivaan Joshi,Male,18,Lucknow,Lucknow,2024-04-10,Home Office,Organic Search
C009257,Kavya Gupta,Male,38,Hyderabad,Hyderabad,2025-11-08,Small Business,Marketplace
C009258,Unknown,Female,38,Kochi,Kochi,2026-07-02,Home Office,Organic Search
C009259,Riya Nair,Male,37,Guwahati,Guwahati,2022-02-21,Consumer,Affiliate
C009260,Karan Mishra,Male,42,Ahmedabad,Ahmedabad,2022-05-15,Consumer,Social Media
C009261,Varun Das,Female,22,Pune,Pune,2025-12-18,Corporate,Paid Search
C009262,Varun Mehta,Male,30,Surat,Surat,2024-06-17,Consumer,Referral
C009263,Aarav Malhotra,Male,38,Ahmedabad,Ahmedabad,2024-02-17,Small Business,Email
C009264,Manish Reddy,Non-Binary,35,Mumbai,Mumbai,2022-11-27,Consumer,Paid Search
C009265,Nikhil Rao,Male,29,Indore,Indore,2022-02-24,Corporate,Marketplace
C009266,Vivaan Rao,Female,43,Noida,Noida,2023-11-06,Small Business,Paid Search
C009267,Kabir Iyer,Male,34,Visakhapatnam,Visakhapatnam,2022-10-09,Corporate,Organic Search
C009268,Reyansh Mehta,Female,48,Visakhapatnam,Visakhapatnam,2025-06-05,Consumer,Marketplace
C009269,Aarav Joshi,Female,22,Noida,Noida,2023-04-26,Consumer,Marketplace
C009270,Tanya Yadav,Female,47,Chandigarh,Chandigarh,2023-08-12,Corporate,Social Media
C009271,Siddharth Sharma,Female,29,Pune,Pune,,Home Office,Email
C009272,Diya Patel,Female,58,Bengaluru,Bengaluru,2023-02-18,Corporate,Social Media
C009273,Ishaan Kapoor,Female,25,Patna,Patna,2026-06-13,Consumer,Paid Search
C009274,Nisha Patel,Male,19,Chandigarh,Chandigarh,2022-04-27,Consumer,Affiliate
C009275,Aarav Chopra,Male,19,Chennai,Chennai,2023-12-20,Corporate,Paid Search
C009276,Sanya Mishra,Male,27,Ahmedabad,Ahmedabad,2025-08-16,Consumer,Social Media
C009277,Rohan Das,Female,25,Gurugram,Gurugram,2023-10-31,Small Business,Paid Search
C009278,Karan Sharma,Female,40,Chennai,Chennai,2026-01-12,Corporate,Affiliate
C009279,Pooja Mehta,Female,43,Chandigarh,Chandigarh,2023-07-01,Consumer,Social Media
C009280,Riya Rao,Female,48,Mysuru,Mysuru,2026-05-02,Consumer,Marketplace
C009281,Nisha Rao,Male,29,Bhopal,Bhopal,2026-04-23,Corporate,Social Media
C009282,Kabir Bose,Male,20,Bhopal,Bhopal,2024-04-25,Consumer,Referral
C009283,Vikram Shah,Female,29,Indore,Indore,2024-08-29,Corporate,Paid Search
C009284,Karan Chopra,Male,38,Kolkata,Kolkata,2025-08-11,Corporate,Paid Search
C009285,Meera Sharma,Female,40,Chandigarh,Chandigarh,2022-07-14,Small Business,Organic Search
C009286,Riya Chopra,Male,26,Kolkata,Kolkata,2025-11-30,Home Office,Paid Search
C009287,Reyansh Bose,Female,34,Mysuru,Mysuru,2022-01-28,Corporate,Organic Search
C009288,Nikhil Mehta,Female,30,Bhubaneswar,Bhubaneswar,2023-10-16,Consumer,Email
C009289,Vikram Sharma,Male,44,Chandigarh,Chandigarh,2024-05-18,Consumer,Paid Search
C009290,Kabir Kapoor,Male,31,Kochi,Kochi,2025-07-30,Consumer,Organic Search
C009291,Isha Singh,Male,46,Kochi,Kochi,2024-10-31,Consumer,Organic Search
C009292,Vivaan Patel,Female,33,Mumbai,Mumbai,2025-09-16,Home Office,Email
C009293,Neha Iyer,Female,25,Lucknow,Lucknow,2025-08-04,Corporate,Organic Search
C009294,Aditi Verma,Female,26,Jaipur,Jaipur,2022-05-05,Consumer,Organic Search
C009295,Nisha Iyer,Female,32,Pune,Pune,2023-09-26,Consumer,Marketplace
C009296,Meera Gupta,Female,18,Visakhapatnam,Visakhapatnam,2023-11-08,Home Office,Paid Search
C009297,Sneha Mishra,Male,25,Pune,Pune,2026-05-02,Consumer,Referral
C009298,Neha Rao,Female,18,Gurugram,Gurugram,2025-01-05,Consumer,Social Media
C009299,Tanya Das,Male,37,Gurugram,Gurugram,2026-06-29,Consumer,Organic Search
C009300,Aditya Sharma,Female,36,Lucknow,Lucknow,2026-07-02,Small Business,Organic Search
C009301,Rohan Bose,Female,26,Bengaluru,Bengaluru,2026-05-03,Consumer,Referral
C009302,Neha Reddy,Male,28,Jaipur,Jaipur,,Small Business,Paid Search
C009303,Aditya Kapoor,Male,23,Bengaluru,Bengaluru,2024-04-21,Home Office,Marketplace
C009304,Priya Malhotra,Male,33,Chennai,Chennai,2023-03-15,Corporate,Paid Search
C009305,Aditi Das,Female,32,Bengaluru,Bengaluru,2024-04-21,Home Office,Social Media
C009306,Aditya Nair,Female,37,Chandigarh,Chandigarh,2022-07-09,Home Office,Email
C009307,Nikhil Chopra,Female,18,Nagpur,Nagpur,2023-06-12,Consumer,Referral
C009308,ROHAN MEHTA,Male,33,Chandigarh,Chandigarh,2024-02-16,Consumer,Referral
C009309,Sanya Malhotra,Male,35,Bhubaneswar,Bhubaneswar,2024-12-16,Corporate,Organic Search
C009310,Diya Rao,Female,60,Gurugram,Gurugram,2025-06-10,Corporate,Marketplace
C009311,Nikhil Kapoor,Female,18,Hyderabad,Hyderabad,2023-05-10,Consumer,Marketplace
C009312,Tanya Shah,Female,22,Guwahati,Guwahati,2025-07-16,Consumer,Email
C009313,Nikhil Chopra,Female,48,Lucknow,Lucknow,2022-08-31,Corporate,Marketplace
C009314,Neha Rao,Female,37,Jaipur,Jaipur,2023-01-28,Consumer,Organic Search
C009315,Sanya Malhotra,Male,39,Chandigarh,Chandigarh,2023-11-01,Consumer,Organic Search
C009316,Rahul Yadav,Male,27,Mumbai,Mumbai,2024-07-21,Consumer,Social Media
C009317,Karan Iyer,Male,25,Bengaluru,Bengaluru,2025-05-19,Consumer,Paid Search
C009318,Arjun Nair,Male,20,Gurugram,Gurugram,2025-02-03,Consumer,Social Media
C009319,Krishna Singh,Male,30,Kochi,Kochi,2025-09-20,Home Office,Referral
C009320,Sneha Rao,Female,28,Surat,Surat,2024-06-24,Consumer,Social Media
C009321,Rahul Rao,Male,18,Jaipur,Jaipur,2025-05-10,Corporate,Marketplace
C009322,ADITI BOSE,Male,32,Ahmedabad,Ahmedabad,2023-07-07,Corporate,Referral
C009323,Kavya Verma,Female,20,Lucknow,Lucknow,2022-03-02,Consumer,Email
C009324,Aditi Rao,Male,51,Bhubaneswar,Bhubaneswar,2023-11-20,Consumer,Paid Search
C009325,Pooja Reddy,Male,46,Indore,Indore,2022-10-08,Consumer,Social Media
C009326,Nisha Das,Male,40,Patna,Patna,2023-09-09,Consumer,Marketplace
C009327,Ananya Shah,Male,32,Bhopal,Bhopal,2026-07-29,Corporate,Email
C009328,Aditya Kapoor,Female,42,Pune,Pune,2026-06-03,Consumer,Organic Search
C009329,Sneha Singh,Male,33,Delhi,Delhi,2022-10-27,Consumer,Organic Search
C009330,Rohan Kumar,Male,45,Bhubaneswar,Bhubaneswar,2024-09-17,Consumer,Email
C009331,Sneha Verma,Male,64,Chandigarh,Chandigarh,2023-05-05,Consumer,Referral
C009332,Pooja Singh,Female,30,Lucknow,Lucknow,2023-06-28,Consumer,Organic Search
C009333,Pooja Yadav,Female,40,Coimbatore,Coimbatore,2024-01-11,Small Business,Referral
C009334,Neha Sharma,Male,26,Kolkata,Kolkata,2024-07-25,Consumer,Paid Search
C009335,Ishaan Shah,Male,18,Guwahati,Guwahati,2023-10-17,Consumer,Organic Search
C009336,Vivaan Patel,Female,18,Visakhapatnam,Visakhapatnam,2024-05-28,Consumer,Social Media
C009337,Karan Shah,Male,31,Gurugram,Gurugram,2025-06-24,Corporate,Email
C009338,Neha Iyer,Female,33,Kochi,Kochi,2025-10-08,Consumer,Marketplace
C009339,Reyansh Sharma,Male,27,Bhubaneswar,Bhubaneswar,2024-10-12,Small Business,Organic Search
C009340,Sneha Malhotra,Male,46,Ahmedabad,Ahmedabad,2025-07-21,Consumer,Social Media
C009341,Priya Shah,Male,32,Hyderabad,Hyderabad,2023-09-11,Small Business,Marketplace
C009342,Pooja Bose,Female,49,Noida,Noida,2025-10-15,Consumer,Organic Search
C009343,Karan Mehta,Female,54,Hyderabad,Hyderabad,2025-08-08,Corporate,Paid Search
C009344,Tanya Verma,Male,20,Chennai,Chennai,2026-07-14,Consumer,Email
C009345,Ananya Shah,Female,18,Delhi,Delhi,2022-12-29,Consumer,Referral
C009346,Krishna Iyer,Female,43,Kolkata,Kolkata,2023-10-04,Consumer,Organic Search
C009347,Varun Reddy,Male,18,Noida,Noida,2023-08-27,Home Office,Social Media
C009348,Unknown,Male,28,Coimbatore,Coimbatore,2026-07-01,Consumer,Marketplace
C009349,Sneha Mehta,Female,27,Chandigarh,Chandigarh,2025-06-11,Corporate,Social Media
C009350,Meera Chopra,Male,26,Bhopal,Bhopal,2024-09-02,Consumer,Marketplace
C009351,Arjun Patel,Female,29,Chennai,Chennai,2023-01-04,Corporate,Email
C009352,Rohan Reddy,Female,28,Chandigarh,Chandigarh,2025-07-10,Corporate,Marketplace
C009353,Tanya Rao,Female,28,Gurugram,Gurugram,2022-02-20,Home Office,Social Media
C009354,Ananya Reddy,Male,35,Guwahati,Guwahati,2022-07-20,Consumer,Social Media
C009355,Manish Das,Female,39,Patna,Patna,2022-04-08,Home Office,Paid Search
C009356,Priya Rao,Female,42,Chennai,Chennai,2022-10-20,Consumer,Referral
C009357,Kabir Sharma,Female,49,Visakhapatnam,Visakhapatnam,2023-07-23,Corporate,Marketplace
C009358,Karan Nair,Female,33,Guwahati,Guwahati,2023-07-10,Consumer,Social Media
C009359,Isha Kumar,Female,32,Bengaluru,Bengaluru,2023-07-29,Consumer,Paid Search
C009360,Krishna Verma,Male,32,Patna,Patna,2022-10-22,Small Business,Paid Search
C009361,Ishaan Chopra,Female,26,Nagpur,Nagpur,2022-11-22,Home Office,Paid Search
C009362,Aarav Chopra,Female,47,Pune,Pune,2024-05-28,Consumer,Marketplace
C009363,REYANSH BOSE,Non-Binary,28,Noida,Noida,2022-09-14,Consumer,Marketplace
C009364,Nikhil Gupta,Female,32,Pune,Pune,2022-12-13,Corporate,Paid Search
C009365,Vivaan Das,Female,43,Mysuru,Mysuru,2025-11-12,Consumer,Organic Search
C009366,Nikhil Das,Female,24,Nagpur,Nagpur,2025-11-15,Small Business,Referral
C009367,Pooja Chopra,Male,41,Mumbai,Mumbai,2022-11-24,Consumer,Referral
C009368,Siddharth Nair,Male,21,Visakhapatnam,Visakhapatnam,2022-03-07,Consumer,Paid Search
C009369,Vivaan Sharma,Male,43,Jaipur,Jaipur,2026-02-16,Consumer,Paid Search
C009370,Neha Gupta,Male,31,Hyderabad,Hyderabad,2024-07-25,Consumer,Affiliate
C009371,Sanya Bose,Female,53,Guwahati,Guwahati,2025-09-17,Consumer,Organic Search
C009372,Rohan Malhotra,Male,39,Coimbatore,Coimbatore,2026-03-15,Home Office,Marketplace
C009373,Neha Verma,Female,45,Lucknow,Lucknow,2025-06-20,Consumer,Referral
C009374,Vikram Yadav,Female,32,Delhi,Delhi,2026-02-12,Consumer,Social Media
C009375,Ishaan Mehta,Male,25,Coimbatore,Coimbatore,2024-08-27,Consumer,Referral
C009376,Ananya Rao,Male,32,Delhi,Delhi,2024-01-23,Corporate,Organic Search
C009377,Diya Patel,Female,26,Hyderabad,Hyderabad,2023-03-24,Corporate,Email
C009378,Aditi Patel,Female,50,Lucknow,Lucknow,2024-08-18,Corporate,Email
C009379,Varun Nair,Female,33,Hyderabad,Hyderabad,2024-04-01,Consumer,Organic Search
C009380,Sanya Yadav,Female,37,Patna,Patna,2025-12-24,Consumer,Referral
C009381,Ishaan Iyer,Female,20,Coimbatore,Coimbatore,2025-07-08,Corporate,Marketplace
C009382,Aditi Mehta,Male,31,Delhi,Delhi,2022-10-17,Home Office,Organic Search
C009383,Reyansh Kapoor,Female,35,Mumbai,Mumbai,2022-03-12,Corporate,Email
C009384,Nisha Malhotra,Male,18,Coimbatore,Coimbatore,2025-11-17,Consumer,Organic Search
C009385,Nikhil Mehta,Female,39,Patna,Patna,2026-01-18,Home Office,Social Media
C009386,Tanya Bose,Female,34,Mysuru,Mysuru,2024-01-13,Consumer,Paid Search
C009387,Arjun Yadav,Female,27,Mumbai,Mumbai,2024-06-27,Consumer,Social Media
C009388,Vikram Kapoor,Male,23,Coimbatore,Coimbatore,2026-01-01,Home Office,Email
C009389,Arjun Yadav,Male,26,Mysuru,Mysuru,2026-01-04,Consumer,Affiliate
C009390,Diya Iyer,Male,47,Coimbatore,Coimbatore,2022-01-20,Corporate,Marketplace
C009391,Reyansh Patel,Non-Binary,36,Indore,Indore,2023-11-28,Consumer,Social Media
C009392,Sanya Yadav,Female,55,Patna,Patna,2022-10-21,Consumer,Organic Search
C009393,Diya Mishra,Female,42,Pune,Pune,2026-02-25,Corporate,Email
C009394,Isha Malhotra,Female,31,Kolkata,Kolkata,2026-03-01,Corporate,Email
C009395,Nikhil Kapoor,Female,42,Lucknow,Lucknow,2022-06-16,Corporate,Organic Search
C009396,Vikram Singh,Male,22,Kolkata,Kolkata,2025-03-10,Home Office,Organic Search
C009397,Sneha Chopra,Female,51,Mumbai,Mumbai,2023-08-02,Consumer,Social Media
C009398,Vivaan Verma,Male,21,Jaipur,Jaipur,2022-07-15,Consumer,Referral
C009399,Vikram Shah,Male,45,Ahmedabad,Ahmedabad,2024-07-27,Consumer,Social Media
C009400,Priya Chopra,Male,39,Gurugram,Gurugram,2022-06-18,Consumer,Social Media
C009401,Diya Mehta,Male,33,Lucknow,Lucknow,2025-11-01,Home Office,Email
C009402,Rahul Verma,Female,51,Visakhapatnam,Visakhapatnam,2024-03-21,Home Office,Paid Search
C009403,Reyansh Verma,Female,18,Nagpur,Nagpur,2025-06-14,Consumer,Organic Search
C009404,Nisha Rao,Female,41,Bhubaneswar,Bhubaneswar,2023-01-20,Consumer,Organic Search
C009405,Meera Rao,Male,34,Bhubaneswar,Bhubaneswar,2026-01-05,Consumer,Paid Search
C009406,Vivaan Bose,Female,37,Gurugram,Gurugram,2023-02-22,Consumer,Marketplace
C009407,Sneha Patel,Male,33,Chandigarh,Chandigarh,2022-04-06,Consumer,Email
C009408,Karan Kumar,Female,38,Bhubaneswar,Bhubaneswar,2023-08-15,Consumer,Organic Search
C009409,Tanya Yadav,Female,35,Noida,Noida,2026-06-22,Small Business,Organic Search
C009410,Ananya Sharma,Female,34,Ahmedabad,Ahmedabad,2022-04-20,Home Office,Email
C009411,Ananya Reddy,Male,33,Surat,Surat,2022-12-08,Consumer,Email
C009412,Riya Reddy,Female,47,Kochi,Kochi,2025-11-13,Consumer,Organic Search
C009413,Rohan Kapoor,Male,29,Nagpur,Nagpur,2026-06-27,Consumer,Marketplace
C009414,Neha Mishra,Female,33,Noida,Noida,2024-06-14,Home Office,Social Media
C009415,Varun Yadav,Male,30,Bengaluru,Bengaluru,2024-07-16,Consumer,Email
C009416,Siddharth Joshi,Male,41,Nagpur,Nagpur,2026-06-06,Home Office,Social Media
C009417,Aditya Kapoor,Female,22,Jaipur,Jaipur,2025-01-07,Corporate,Paid Search
C009418,Karan Reddy,Male,35,Patna,Patna,2024-04-05,Consumer,Paid Search
C009419,Ananya Kapoor,Female,35,Nagpur,Nagpur,2023-11-06,Consumer,Organic Search
C009420,Vikram Iyer,Female,41,Indore,Indore,2022-03-26,Consumer,Email
C009421,Siddharth Sharma,Non-Binary,43,Noida,Noida,2022-04-08,Consumer,Paid Search
C009422,Diya Sharma,Male,49,Surat,Surat,2022-01-23,Consumer,Marketplace
C009423,Kabir Shah,Male,38,Mumbai,Mumbai,2026-05-04,Consumer,Organic Search
C009424,Diya Nair,Female,41,Patna,Patna,2023-11-29,Consumer,Organic Search
C009425,Varun Iyer,Male,20,Visakhapatnam,Visakhapatnam,2023-02-13,Consumer,Organic Search
C009426,Varun Kapoor,Female,18,Hyderabad,Hyderabad,2024-06-16,Consumer,Organic Search
C009427,Priya Gupta,Female,22,Chennai,Chennai,2022-06-03,Small Business,Marketplace
C009428,Meera Kapoor,Female,45,Ahmedabad,Ahmedabad,2022-04-17,Consumer,Organic Search
C009429,Rahul Malhotra,Female,45,Bhopal,Bhopal,2022-06-16,Home Office,Paid Search
C009430,Karan Kumar,Male,29,Surat,Surat,2022-10-20,Consumer,Paid Search
C009431,Manish Gupta,Male,22,Bengaluru,Bengaluru,2024-04-10,Home Office,Social Media
C009432,Sanya Mishra,Female,39,Surat,Surat,2023-09-28,Corporate,Social Media
C009433,Sanya Nair,Female,38,Bhubaneswar,Bhubaneswar,2024-07-02,Consumer,Social Media
C009434,Tanya Bose,Female,23,Bengaluru,Bengaluru,,Consumer,Paid Search
C009435,Manish Kumar,Female,44,Patna,Patna,2024-03-12,Consumer,Paid Search
C009436,Reyansh Yadav,Male,27,Visakhapatnam,Visakhapatnam,2024-03-27,Consumer,Organic Search
C009437,Arjun Sharma,Female,34,Ahmedabad,Ahmedabad,2026-06-28,Consumer,Social Media
C009438,Karan Sharma,Female,34,Indore,Indore,2022-07-05,Consumer,Organic Search
C009439,Kavya Joshi,Male,34,Indore,Indore,2022-01-17,Consumer,Referral
C009440,Vivaan Yadav,Female,37,Kolkata,Kolkata,2024-02-13,Corporate,Organic Search
C009441,Sanya Verma,Male,30,Coimbatore,Coimbatore,2022-02-28,Corporate,Social Media
C009442,Sanya Chopra,Female,39,Bengaluru,Bengaluru,2025-11-15,Small Business,Referral
C009443,Reyansh Sharma,Male,36,Jaipur,Jaipur,,Consumer,Social Media
C009444,Neha Mehta,Female,44,Ahmedabad,Ahmedabad,2022-05-30,Consumer,Organic Search
C009445,Vivaan Rao,Male,33,Pune,Pune,2025-04-25,Consumer,Organic Search
C009446,Kavya Yadav,Male,34,Bhopal,Bhopal,2022-09-04,Home Office,Referral
C009447,Kabir Mishra,Male,26,Chennai,Chennai,2025-10-19,Consumer,Social Media
C009448,Priya Kumar,Female,20,Chennai,Chennai,2022-06-01,Corporate,Organic Search
C009449,Vikram Rao,Male,47,Visakhapatnam,Visakhapatnam,2025-02-21,Consumer,Marketplace
C009450,Ananya Bose,Female,36,Kochi,Kochi,2022-01-28,Corporate,Organic Search
C009451,Arjun Mishra,Male,40,Kochi,Kochi,2026-05-30,Corporate,Social Media
C009452,Riya Yadav,Male,38,Indore,Indore,2024-08-14,Consumer,Social Media
C009453,Vikram Mishra,Female,26,Lucknow,Lucknow,2024-05-26,Consumer,Social Media
C009454,Sanya Singh,Female,28,Patna,Patna,2022-02-26,Consumer,Organic Search
C009455,Priya Kapoor,Male,32,Patna,Patna,2026-01-27,Consumer,Paid Search
C009456,Meera Bose,Female,19,Kolkata,Kolkata,2026-01-28,Small Business,Organic Search
C009457,Sanya Shah,Female,28,Ahmedabad,Ahmedabad,2026-01-22,Consumer,Marketplace
C009458,Vikram Mishra,Female,41,Kolkata,Kolkata,2025-11-03,Corporate,Marketplace
C009459,Ishaan Yadav,Male,18,Jaipur,Jaipur,2024-09-12,Consumer,Social Media
C009460,Tanya Malhotra,Female,38,Surat,Surat,2022-09-30,Small Business,Social Media
C009461,Aditi Mishra,Female,34,Mysuru,Mysuru,2022-05-28,Consumer,Organic Search
C009462,Siddharth Nair,Female,18,Gurugram,Gurugram,2023-07-02,Home Office,Marketplace
C009463,Ishaan Patel,Non-Binary,36,Indore,Indore,2023-05-05,Consumer,Organic Search
C009464,Ishaan Malhotra,Female,35,Patna,Patna,2026-05-20,Corporate,Email
C009465,Nikhil Mishra,Female,21,Bhopal,Bhopal,2023-04-08,Consumer,Referral
C009466,Sneha Gupta,Male,41,Mumbai,Mumbai,2023-08-15,Consumer,Organic Search
C009467,Arjun Mehta,Female,30,Nagpur,Nagpur,2022-09-17,Consumer,Organic Search
C009468,Priya Sharma,Male,26,Bhubaneswar,Bhubaneswar,2023-03-10,Corporate,Referral
C009469,Reyansh Bose,Male,34,Mysuru,Mysuru,2025-08-26,Consumer,Marketplace
C009470,Rohan Bose,Male,33,Bhubaneswar,Bhubaneswar,2023-12-26,Consumer,Organic Search
C009471,Nisha Rao,Male,43,Coimbatore,Coimbatore,2022-08-18,Home Office,Affiliate
C009472,Nikhil Shah,Male,40,Chennai,Chennai,2023-05-16,Consumer,Organic Search
C009473,Nisha Joshi,Male,55,Ahmedabad,Ahmedabad,2022-10-16,Consumer,Referral
C009474,Sneha Rao,Female,43,Mumbai,Mumbai,2026-06-23,Home Office,Paid Search
C009475,Neha Gupta,Female,36,Mumbai,Mumbai,2023-11-30,Consumer,Organic Search
C009476,Ishaan Gupta,Male,38,Noida,Noida,2024-02-20,Consumer,Organic Search
C009477,Manish Yadav,Female,36,Bhubaneswar,Bhubaneswar,2025-08-05,Consumer,Affiliate
C009478,Pooja Nair,Female,33,Kochi,Kochi,2026-03-12,Consumer,Social Media
C009479,Vikram Mishra,Male,36,Lucknow,Lucknow,2022-03-19,Corporate,Paid Search
C009480,Kavya Reddy,Female,38,Nagpur,Nagpur,2026-05-18,Home Office,Social Media
C009481,Ananya Rao,Non-Binary,30,Kolkata,Kolkata,2025-05-05,Consumer,Social Media
C009482,Isha Malhotra,Female,24,Ahmedabad,Ahmedabad,2025-08-30,Consumer,Social Media
C009483,Nikhil Chopra,Female,46,Kolkata,Kolkata,2022-11-20,Corporate,Marketplace
C009484,Varun Das,Female,24,Jaipur,Jaipur,2025-10-07,Consumer,Referral
C009485,Meera Chopra,Unknown,24,Hyderabad,Hyderabad,2023-05-30,Corporate,Organic Search
C009486,Nisha Joshi,Female,46,Nagpur,Nagpur,2023-03-21,Consumer,Organic Search
C009487,Isha Kumar,Female,36,Gurugram,Gurugram,2024-03-16,Consumer,Paid Search
C009488,Ananya Singh,Female,34,Chandigarh,Chandigarh,2022-12-23,Consumer,Organic Search
C009489,Riya Singh,Male,40,Ahmedabad,Ahmedabad,2025-01-20,Consumer,Organic Search
C009490,Ishaan Mishra,Female,49,Kochi,Kochi,2023-07-24,Home Office,Social Media
C009491,Kavya Kapoor,Female,49,Patna,Patna,2022-02-13,Consumer,Social Media
C009492,Nikhil Kumar,Female,24,Indore,Indore,2025-03-02,Small Business,Referral
C009493,Aditya Sharma,Female,38,Mumbai,Mumbai,2025-12-25,Consumer,Social Media
C009494,Neha Mishra,Male,25,Delhi,Delhi,2023-10-29,Consumer,Marketplace
C009495,Rahul Verma,Male,18,Ahmedabad,Ahmedabad,2026-05-05,Small Business,Email
C009496,Sneha Gupta,Male,35,Guwahati,Guwahati,2026-07-05,Corporate,Marketplace
C009497,Siddharth Bose,Male,18,Delhi,Delhi,2022-11-08,Small Business,Marketplace
C009498,Manish Reddy,Male,43,Hyderabad,Hyderabad,2026-02-13,Consumer,Referral
C009499,Sanya Nair,Female,35,Nagpur,Nagpur,2022-09-18,Consumer,Organic Search
C009500,Nisha Joshi,Male,47,Nagpur,Nagpur,2024-11-25,Consumer,Social Media
C009501,Isha Das,Female,20,Ahmedabad,Ahmedabad,2022-11-17,Corporate,Paid Search
C009502,Diya Nair,Female,75,Pune,Pune,2022-08-01,Consumer,Organic Search
C009503,Ishaan Das,Male,20,Nagpur,Nagpur,2025-01-03,Consumer,Paid Search
C009504,Diya Das,Male,18,Kolkata,Kolkata,2024-07-02,Home Office,Paid Search
C009505,Rahul Patel,Female,18,Noida,Noida,2023-08-26,Corporate,Organic Search
C009506,Tanya Mehta,Unknown,25,Pune,Pune,2022-03-02,Consumer,Paid Search
C009507,Siddharth Sharma,Female,18,Lucknow,Lucknow,2026-04-04,Small Business,Affiliate
C009508,Priya Iyer,Female,38,Guwahati,Guwahati,2022-06-23,Small Business,Paid Search
C009509,Reyansh Bose,Female,29,Kochi,Kochi,2022-10-22,Home Office,Paid Search
C009510,Rohan Yadav,Female,38,Jaipur,Jaipur,2022-12-10,Consumer,Marketplace
C009511,Aditi Sharma,Female,28,Pune,Pune,2024-06-03,Home Office,Social Media
C009512,Nikhil Singh,Male,43,Chennai,Chennai,2025-11-23,Small Business,Marketplace
C009513,Sanya Kumar,Male,35,Jaipur,Jaipur,2023-07-31,Corporate,Organic Search
C009514,Isha Verma,Female,45,Mysuru,Mysuru,2023-11-29,Consumer,Paid Search
C009515,Ananya Das,Male,36,Gurugram,Gurugram,2026-07-12,Consumer,Email
C009516,Sanya Nair,Female,22,Indore,Indore,2024-05-01,Consumer,Social Media
C009517,Varun Malhotra,Male,19,Gurugram,Gurugram,2024-10-08,Consumer,Paid Search
C009518,Nikhil Patel,Male,34,Nagpur,Nagpur,2026-06-06,Home Office,Social Media
C009519,Tanya Shah,Male,31,Bhopal,Bhopal,2024-12-03,Consumer,Social Media
C009520,Nikhil Joshi,Male,36,Bhopal,Bhopal,2022-04-06,Consumer,Organic Search
C009521,Kabir Kapoor,Female,41,Nagpur,Nagpur,2026-04-27,Home Office,Marketplace
C009522,Vikram Mishra,Male,31,Mumbai,Mumbai,2022-03-19,Home Office,Paid Search
C009523,Ishaan Verma,Male,60,Kolkata,Kolkata,2022-02-15,Consumer,Paid Search
C009524,Diya Yadav,Female,36,Hyderabad,Hyderabad,2026-02-25,Consumer,Marketplace
C009525,Diya Reddy,Male,37,Bhubaneswar,Bhubaneswar,2023-08-07,Corporate,Paid Search
C009526,Arjun Rao,Male,39,Bengaluru,Bengaluru,2024-11-29,Consumer,Paid Search
C009527,Manish Malhotra,Female,22,Mumbai,Mumbai,2026-01-12,Consumer,Social Media
C009528,Manish Reddy,Male,38,Patna,Patna,2026-05-22,Consumer,Organic Search
C009529,Karan Mishra,Male,35,Delhi,Delhi,2022-06-14,Home Office,Social Media
C009530,Vivaan Das,Non-Binary,43,Chandigarh,Chandigarh,2026-07-16,Home Office,Email
C009531,Rohan Reddy,Female,30,Indore,Indore,2023-01-16,Consumer,Paid Search
C009532,Aditi Das,Non-Binary,19,Visakhapatnam,Visakhapatnam,2024-11-21,Home Office,Social Media
C009533,Pooja Joshi,Non-Binary,33,Indore,Indore,2025-05-02,Consumer,Referral
C009534,Aarav Mishra,Female,47,Lucknow,Lucknow,2025-09-02,Home Office,Organic Search
C009535,Neha Kumar,Female,32,Gurugram,Gurugram,2022-04-30,Home Office,Social Media
C009536,Sanya Bose,Male,58,Bhopal,Bhopal,2024-10-07,Home Office,Affiliate
C009537,Aditi Bose,Male,34,Noida,Noida,,Consumer,Paid Search
C009538,Vikram Chopra,Male,18,Kolkata,Kolkata,2024-09-20,Consumer,Social Media
C009539,Aditya Das,Male,37,Ahmedabad,Ahmedabad,2024-09-05,Corporate,Organic Search
C009540,Nisha Kumar,Male,52,Ahmedabad,Ahmedabad,2024-01-06,Consumer,Referral
C009541,Nisha Reddy,Male,18,Mysuru,Mysuru,2022-03-26,Consumer,Organic Search
C009542,Karan Joshi,Female,22,Mumbai,Mumbai,2024-04-04,Corporate,Paid Search
C009543,Diya Shah,Female,23,Kochi,Kochi,2025-09-01,Corporate,Referral
C009544,Vivaan Das,Male,24,Indore,Indore,2022-09-21,Consumer,Organic Search
C009545,Aarav Singh,Male,33,Lucknow,Lucknow,2025-09-12,Consumer,Social Media
C009546,Aditi Patel,Female,29,Bengaluru,Bengaluru,2023-09-26,Corporate,Paid Search
C009547,Nisha Nair,Male,32,Guwahati,Guwahati,2022-01-06,Consumer,Paid Search
C009548,Aditi Iyer,Female,38,Kolkata,Kolkata,2022-05-02,Consumer,Email
C009549,Nisha Kapoor,Female,36,Bhubaneswar,Bhubaneswar,2026-05-16,Small Business,Paid Search
C009550,Ananya Mehta,Male,31,Patna,Patna,2024-10-25,Consumer,Affiliate
C009551,Arjun Reddy,Female,25,Pune,Pune,2022-07-21,Corporate,Email
C009552,Isha Reddy,Male,20,Bhopal,Bhopal,2025-01-05,Corporate,Social Media
C009553,Nisha Rao,Male,30,Chandigarh,Chandigarh,2024-08-10,Consumer,Marketplace
C009554,Rahul Das,Male,45,Coimbatore,Coimbatore,2024-03-22,Consumer,Social Media
C009555,Vikram Chopra,Female,23,Lucknow,Lucknow,2023-09-30,Consumer,Paid Search
C009556,Aditya Patel,Female,32,Indore,Indore,2023-02-25,Consumer,Paid Search
C009557,Karan Kumar,Female,25,Guwahati,Guwahati,2023-03-21,Home Office,Organic Search
C009558,Rahul Verma,Female,33,Bhubaneswar,Bhubaneswar,2025-06-06,Consumer,Paid Search
C009559,Arjun Kumar,Male,22,Guwahati,Guwahati,2026-01-20,Corporate,Organic Search
C009560,Manish Chopra,Female,18,Jaipur,Jaipur,2024-01-29,Corporate,Social Media
C009561,Pooja Kapoor,Female,43,Ahmedabad,Ahmedabad,2023-08-02,Consumer,Marketplace
C009562,Kabir Patel,Female,35,Chandigarh,Chandigarh,2023-01-20,Consumer,Paid Search
C009563,Sanya Chopra,Female,24,Visakhapatnam,Visakhapatnam,,Corporate,Paid Search
C009564,Rohan Rao,Male,47,Coimbatore,Coimbatore,2025-08-15,Corporate,Referral
C009565,Aditya Rao,Male,40,Kochi,Kochi,2024-01-14,Consumer,Marketplace
C009566,Sanya Das,Female,25,Coimbatore,Coimbatore,2024-03-13,Corporate,Referral
C009567,Arjun Nair,Male,39,Patna,Patna,2022-11-25,Consumer,Social Media
C009568,Sneha Chopra,Female,38,Coimbatore,Coimbatore,2023-07-28,Consumer,Social Media
C009569,Nikhil Yadav,Female,30,Pune,Pune,2025-10-08,Home Office,Paid Search
C009570,Nisha Shah,Male,22,Bengaluru,Bengaluru,2022-01-08,Consumer,Organic Search
C009571,Neha Kapoor,Female,42,Visakhapatnam,Visakhapatnam,2023-01-30,Consumer,Organic Search
C009572,Arjun Mehta,Female,21,Noida,Noida,2026-06-29,Corporate,Paid Search
C009573,Aditya Gupta,Male,34,Chandigarh,Chandigarh,2024-07-17,Small Business,Marketplace
C009574,Aditya Mehta,Female,42,Bhopal,Bhopal,2026-04-02,Consumer,Social Media
C009575,Ishaan Shah,Male,40,Chandigarh,Chandigarh,2022-07-10,Small Business,Referral
C009576,Sanya Patel,Female,41,Kolkata,Kolkata,2025-02-05,Consumer,Organic Search
C009577,Siddharth Gupta,Male,35,Chennai,Chennai,2026-03-21,Consumer,Social Media
C009578,Aarav Yadav,Female,30,Guwahati,Guwahati,2022-01-15,Small Business,Marketplace
C009579,Rohan Verma,Male,26,Bengaluru,Bengaluru,2025-07-09,Corporate,Social Media
C009580,Kabir Iyer,Male,33,Mumbai,Mumbai,2024-07-15,Consumer,Social Media
C009581,Ishaan Malhotra,Male,23,Ahmedabad,Ahmedabad,2023-07-05,Consumer,Paid Search
C009582,Aditi Gupta,Female,30,Indore,Indore,2026-05-13,Consumer,Paid Search
C009583,Kabir Chopra,Female,26,Kolkata,Kolkata,2025-08-04,Small Business,Social Media
C009584,Tanya Reddy,Female,32,Guwahati,Guwahati,2022-09-24,Consumer,Marketplace
C009585,Arjun Joshi,Female,36,Chennai,Chennai,2022-11-11,Consumer,Paid Search
C009586,Vivaan Patel,Male,45,Ahmedabad,Ahmedabad,2022-12-21,Small Business,Paid Search
C009587,Nikhil Kapoor,Female,29,Nagpur,Nagpur,2025-09-17,Consumer,Paid Search
C009588,Rohan Mishra,Female,27,Visakhapatnam,Visakhapatnam,2025-06-06,Consumer,Paid Search
C009589,Ishaan Singh,Female,49,Surat,Surat,2022-11-21,Consumer,Social Media
C009590,Rahul Nair,Female,18,Lucknow,Lucknow,2022-05-28,Home Office,Referral
C009591,Krishna Malhotra,Male,28,Nagpur,Nagpur,2022-01-01,Consumer,Social Media
C009592,Neha Reddy,Male,33,Kochi,Kochi,2023-03-04,Consumer,Unknown
C009593,Vikram Reddy,Non-Binary,23,Mumbai,Mumbai,2023-11-17,Consumer,Email
C009594,Arjun Rao,Male,34,Hyderabad,Hyderabad,2025-01-26,Consumer,Organic Search
C009595,Tanya Reddy,Male,18,Hyderabad,Hyderabad,2026-06-06,Corporate,Organic Search
C009596,Manish Verma,Male,18,Pune,Pune,2025-08-16,Consumer,Paid Search
C009597,Aditi Shah,Female,42,Kochi,Kochi,2024-12-18,Consumer,Referral
C009598,Riya Singh,Female,55,Bengaluru,Bengaluru,2023-02-02,Home Office,Affiliate
C009599,Ananya Reddy,Male,29,Ahmedabad,Ahmedabad,2024-06-10,Consumer,Affiliate
C009600,Arjun Sharma,Non-Binary,18,Chandigarh,Chandigarh,2022-02-13,Consumer,Email
C009601,Neha Joshi,Female,41,Patna,Patna,2022-10-18,Consumer,Paid Search
C009602,Sneha Bose,Female,30,Delhi,Delhi,2026-06-03,Small Business,Social Media
C009603,Aditya Reddy,Female,45,Indore,Indore,2025-10-27,Corporate,Social Media
C009604,Diya Patel,Female,63,Kochi,Kochi,2023-07-02,Consumer,Social Media
C009605,Nisha Kumar,Male,35,Patna,Patna,2023-10-08,Consumer,Paid Search
C009606,Aditya Malhotra,Female,40,Chandigarh,Chandigarh,2022-02-19,Consumer,Referral
C009607,Siddharth Joshi,Male,25,Mumbai,Mumbai,2023-02-28,Consumer,Social Media
C009608,Aditi Gupta,Male,22,Indore,Indore,2022-08-26,Consumer,Social Media
C009609,Sneha Chopra,Male,44,Coimbatore,Coimbatore,2025-01-05,Consumer,Organic Search
C009610,Meera Gupta,Male,24,Lucknow,Lucknow,2024-12-02,Consumer,Social Media
C009611,Sneha Yadav,Male,18,Guwahati,Guwahati,2023-03-01,Corporate,Referral
C009612,Neha Singh,Female,39,Ahmedabad,Ahmedabad,2023-06-01,Home Office,Organic Search
C009613,Reyansh Reddy,Female,23,Bhubaneswar,Bhubaneswar,2024-12-19,Corporate,Email
C009614,Riya Mehta,Male,43,Delhi,Delhi,2022-02-22,Home Office,Social Media
C009615,Meera Chopra,Male,35,Patna,Patna,2024-12-17,Consumer,Referral
C009616,Kabir Das,Female,25,Patna,Patna,2025-11-05,Consumer,Paid Search
C009617,Riya Chopra,Male,31,Visakhapatnam,Visakhapatnam,2022-10-08,Consumer,Organic Search
C009618,Rohan Joshi,Male,55,Visakhapatnam,Visakhapatnam,2022-06-26,Consumer,Marketplace
C009619,Ishaan Das,Male,42,Kochi,Kochi,2023-03-26,Consumer,Referral
C009620,Diya Joshi,Female,40,Chandigarh,Chandigarh,2022-03-12,Consumer,Social Media
C009621,Sneha Yadav,Female,31,Delhi,Delhi,2024-04-01,Consumer,Marketplace
C009622,Reyansh Rao,Female,35,Bhopal,Bhopal,2026-03-08,Corporate,Referral
C009623,Ishaan Gupta,Female,18,Ahmedabad,Ahmedabad,2023-03-02,Consumer,Social Media
C009624,Tanya Nair,Female,32,Gurugram,Gurugram,2025-07-02,Consumer,Email
C009625,Sneha Rao,Female,26,Bhopal,Bhopal,2026-02-14,Corporate,Email
C009626,Nikhil Verma,Male,42,Jaipur,Jaipur,2024-09-25,Consumer,Referral
C009627,Sneha Verma,Male,32,Patna,Patna,2024-05-08,Consumer,Organic Search
C009628,Arjun Bose,Female,39,Surat,Surat,2025-05-17,Consumer,Marketplace
C009629,Tanya Nair,Male,43,Gurugram,Gurugram,2025-10-12,Consumer,Paid Search
C009630,Varun Patel,Male,33,Gurugram,Gurugram,2023-03-30,Consumer,Unknown
C009631,Aditya Malhotra,Male,27,Indore,Indore,2024-11-15,Consumer,Paid Search
C009632,Aarav Chopra,Male,32,Gurugram,Gurugram,2022-05-28,Small Business,Organic Search
C009633,Kabir Rao,Female,42,Mysuru,Mysuru,2024-10-14,Consumer,Social Media
C009634,Vikram Verma,Male,24,Patna,Patna,2025-06-09,Consumer,Marketplace
C009635,reyansh yadav,Male,32,Guwahati,Guwahati,2022-12-18,Consumer,Social Media
C009636,Vikram Rao,Male,40,Noida,Noida,2025-07-12,Home Office,Marketplace
C009637,Nikhil Mishra,Female,18,Indore,Indore,2022-05-13,Consumer,Organic Search
C009638,Pooja Kapoor,Male,24,Mumbai,Mumbai,2026-07-05,Consumer,Email
C009639,Aditya Iyer,Male,28,Kolkata,Kolkata,2023-02-19,Home Office,Paid Search
C009640,Aditya Nair,Female,51,Noida,Noida,2025-03-16,Consumer,Social Media
C009641,Riya Reddy,Male,49,Bengaluru,Bengaluru,2022-11-15,Corporate,Marketplace
C009642,Sanya Kumar,Male,34,Ahmedabad,Ahmedabad,2025-10-09,Consumer,Social Media
C009643,Nisha Iyer,Male,18,Kochi,Kochi,2024-07-28,Small Business,Social Media
C009644,Manish Kapoor,Female,56,Delhi,Delhi,2023-03-05,Consumer,Social Media
C009645,Meera Sharma,Male,27,Bengaluru,Bengaluru,2022-04-05,Consumer,Paid Search
C009646,Rohan Kumar,Male,43,Guwahati,Guwahati,2024-01-27,Small Business,Organic Search
C009647,Priya Reddy,Female,18,Lucknow,Lucknow,2022-01-07,Consumer,Marketplace
C009648,Kavya Nair,Male,33,Bhubaneswar,Bhubaneswar,2024-10-18,Consumer,Social Media
C009649,Tanya Reddy,Male,20,Mumbai,Mumbai,2024-06-29,Consumer,Organic Search
C009650,Rahul Das,Female,39,Surat,Surat,2025-09-09,Home Office,Organic Search
C009651,Nisha Iyer,Male,29,Coimbatore,Coimbatore,2024-04-18,Consumer,Organic Search
C009652,Aditya Sharma,Female,31,Mysuru,Mysuru,2023-10-21,Consumer,Referral
C009653,Kavya Das,Male,31,Hyderabad,Hyderabad,2022-12-16,Consumer,Unknown
C009654,Aditi Chopra,Female,47,Guwahati,Guwahati,2022-02-21,Consumer,Paid Search
C009655,Priya Mehta,Male,44,Noida,Noida,2023-12-01,Corporate,Social Media
C009656,Varun Nair,Male,51,Lucknow,Lucknow,2023-07-03,Consumer,Organic Search
C009657,Sneha Rao,Male,34,Visakhapatnam,Visakhapatnam,2022-10-02,Home Office,Social Media
C009658,Sanya Malhotra,Male,18,Bhopal,Bhopal,2023-10-24,Consumer,Affiliate
C009659,Isha Reddy,Male,33,Jaipur,Jaipur,2024-12-16,Consumer,Organic Search
C009660,Kabir Kumar,Female,42,Lucknow,Lucknow,2023-07-10,Consumer,Paid Search
C009661,Pooja Bose,Male,42,Pune,Pune,2023-06-20,Consumer,Social Media
C009662,Isha Mehta,Male,37,Mysuru,Mysuru,2022-12-02,Home Office,Organic Search
C009663,Vivaan Iyer,Male,23,Delhi,Delhi,2025-09-08,Consumer,Referral
C009664,Diya Verma,Female,45,Ahmedabad,Ahmedabad,2026-02-16,Corporate,Referral
C009665,Pooja Nair,Female,18,Coimbatore,Coimbatore,2022-09-28,Home Office,Organic Search
C009666,Reyansh Chopra,Female,36,Visakhapatnam,Visakhapatnam,2024-03-19,Consumer,Organic Search
C009667,Sanya Das,Male,33,Kochi,Kochi,2023-12-08,Corporate,Email
C009668,Krishna Reddy,Female,22,Surat,Surat,2023-02-01,Consumer,Social Media
C009669,Krishna Kapoor,Male,29,Indore,Indore,2023-11-27,Home Office,Organic Search
C009670,Reyansh Singh,Female,35,Lucknow,Lucknow,2022-03-23,Corporate,Organic Search
C009671,Rohan Verma,Male,26,Pune,Pune,2023-11-10,Consumer,Organic Search
C009672,Ishaan Nair,Male,38,Pune,Pune,2024-01-10,Small Business,Email
C009673,Riya Shah,Male,28,Kolkata,Kolkata,2024-10-06,Consumer,Marketplace
C009674,Meera Mehta,Male,23,Bhopal,Bhopal,2024-07-22,Consumer,Social Media
C009675,Tanya Nair,Male,47,Ahmedabad,Ahmedabad,2025-11-12,Home Office,Organic Search
C009676,Tanya Nair,Male,35,Lucknow,Lucknow,2023-03-08,Home Office,Referral
C009677,Kavya Singh,Male,24,Jaipur,Jaipur,2022-07-14,Consumer,Affiliate
C009678,Sneha Reddy,Male,38,Guwahati,Guwahati,2023-12-01,Corporate,Organic Search
C009679,Sanya Mehta,Female,47,Surat,Surat,2022-07-12,Consumer,Organic Search
C009680,Ananya Reddy,Female,40,Kolkata,Kolkata,2024-01-28,Home Office,Paid Search
C009681,Priya Malhotra,Male,38,Visakhapatnam,Visakhapatnam,2024-08-19,Home Office,Social Media
C009682,Meera Das,Female,34,Bengaluru,Bengaluru,2022-02-04,Consumer,Organic Search
C009683,Sanya Chopra,Male,47,Gurugram,Gurugram,2024-05-09,Consumer,Social Media
C009684,Vivaan Mehta,Female,35,Mysuru,Mysuru,2023-07-02,Home Office,Paid Search
C009685,Aditya Shah,Female,27,Mumbai,Mumbai,2023-10-26,Small Business,Email
C009686,Meera Bose,Female,39,Ahmedabad,Ahmedabad,2025-06-23,Consumer,Referral
C009687,Aditya Sharma,Female,28,Pune,Pune,2022-08-27,Corporate,Paid Search
C009688,Ananya Das,Female,30,Lucknow,Lucknow,2024-09-14,Consumer,Paid Search
C009689,Unknown,Female,18,Hyderabad,Hyderabad,2022-10-16,Consumer,Referral
C009690,Krishna Yadav,Male,23,Indore,Indore,2025-05-21,Corporate,Social Media
C009691,Diya Rao,Male,18,Delhi,Delhi,2023-12-07,Home Office,Social Media
C009692,Sneha Verma,Female,38,Unknown,Unknown,2023-06-24,Consumer,Organic Search
C009693,Reyansh Verma,Male,30,Bhubaneswar,Bhubaneswar,2022-08-11,Consumer,Organic Search
C009694,Aditi Shah,Female,28,Unknown,Unknown,2023-10-02,Corporate,Email
C009695,Aditya Joshi,Female,26,Surat,Surat,2022-10-04,Corporate,Social Media
C009696,Varun Shah,Male,34,Bengaluru,Bengaluru,2025-04-18,Home Office,Social Media
C009697,Rohan Bose,Female,52,Hyderabad,Hyderabad,2023-10-12,Home Office,Email
C009698,Meera Patel,Female,61,Guwahati,Guwahati,2025-02-21,Consumer,Organic Search
C009699,Isha Das,Male,28,Visakhapatnam,Visakhapatnam,2022-04-03,Home Office,Affiliate
C009700,Priya Bose,Female,51,Coimbatore,Coimbatore,2024-08-21,Home Office,Social Media
C009701,Rahul Kapoor,Female,29,Mysuru,Mysuru,2023-01-15,Corporate,Affiliate
C009702,Isha Das,Male,34,Noida,Noida,2022-06-03,Home Office,Organic Search
C009703,Priya Rao,Female,30,Mumbai,Mumbai,2026-07-04,Home Office,Marketplace
C009704,Reyansh Nair,Female,35,Gurugram,Gurugram,2026-07-20,Consumer,Paid Search
C009705,Reyansh Singh,Female,40,Nagpur,Nagpur,2022-07-15,Consumer,Referral
C009706,Varun Patel,Female,22,Chandigarh,Chandigarh,2023-05-23,Home Office,Organic Search
C009707,Aditi Kapoor,Female,37,Guwahati,Guwahati,2023-12-11,Home Office,Email
C009708,Arjun Mishra,Male,26,Mysuru,Mysuru,2024-04-21,Corporate,Referral
C009709,Tanya Das,Female,18,Lucknow,Lucknow,2023-06-14,Consumer,Organic Search
C009710,Meera Yadav,Female,53,Ahmedabad,Ahmedabad,2026-02-08,Consumer,Marketplace
C009711,Nisha Singh,Male,31,Bhubaneswar,Bhubaneswar,2024-10-02,Home Office,Organic Search
C009712,Kavya Malhotra,Female,33,Kolkata,Kolkata,2024-08-05,Corporate,Social Media
C009713,Arjun Bose,Female,18,Pune,Pune,2022-06-01,Small Business,Paid Search
C009714,Nisha Das,Male,37,Indore,Indore,2023-01-12,Consumer,Paid Search
C009715,Ishaan Sharma,Female,18,Chennai,Chennai,2024-07-31,Consumer,Organic Search
C009716,Varun Singh,Male,29,Bhopal,Bhopal,2025-03-18,Consumer,Organic Search
C009717,Ishaan Nair,Female,41,Patna,Patna,2026-04-28,Small Business,Social Media
C009718,Aditya Yadav,Male,33,Pune,Pune,2022-10-01,Consumer,Referral
C009719,Diya Joshi,Female,34,Patna,Patna,2024-07-26,Consumer,Organic Search
C009720,Meera Verma,Male,29,Indore,Indore,2025-11-29,Consumer,Paid Search
C009721,Rahul Das,Female,47,Hyderabad,Hyderabad,2022-04-15,Consumer,Paid Search
C009722,Manish Rao,Male,26,Delhi,Delhi,2023-05-12,Consumer,Referral
C009723,Isha Singh,Male,31,Lucknow,Lucknow,2025-06-01,Consumer,Organic Search
C009724,Vivaan Kumar,Female,24,Ahmedabad,Ahmedabad,2024-02-15,Consumer,Organic Search
C009725,Siddharth Singh,Male,36,Mysuru,Mysuru,2025-07-19,Consumer,Paid Search
C009726,Sanya Gupta,Female,38,Bhopal,Bhopal,2022-03-09,Consumer,Paid Search
C009727,Krishna Joshi,Female,26,Visakhapatnam,Visakhapatnam,2022-01-16,Consumer,Paid Search
C009728,Varun Sharma,Female,42,Hyderabad,Hyderabad,2022-08-12,Consumer,Marketplace
C009729,Meera Shah,Female,24,Coimbatore,Coimbatore,2022-02-04,Home Office,Marketplace
C009730,Kabir Mehta,Male,37,Ahmedabad,Ahmedabad,2024-06-25,Consumer,Social Media
C009731,Pooja Joshi,Female,31,Bhopal,Bhopal,2026-04-30,Home Office,Paid Search
C009732,Isha Chopra,Male,23,Kolkata,Kolkata,2023-01-14,Consumer,Paid Search
C009733,Aditi Rao,Female,50,Kolkata,Kolkata,2024-03-07,Corporate,Social Media
C009734,Karan Rao,Female,31,Lucknow,Lucknow,2022-05-24,Consumer,Paid Search
C009735,Rahul Das,Female,41,Guwahati,Guwahati,2024-04-04,Corporate,Paid Search
C009736,Karan Joshi,Female,34,Bhopal,Bhopal,2022-07-16,Corporate,Paid Search
C009737,Vivaan Rao,Female,23,Bengaluru,Bengaluru,2025-09-11,Consumer,Marketplace
C009738,Priya Kumar,Male,34,Kolkata,Kolkata,,Consumer,Marketplace
C009739,Karan Kapoor,Female,35,Visakhapatnam,Visakhapatnam,2023-04-22,Consumer,Paid Search
C009740,Vivaan Mehta,Male,28,Pune,Pune,2023-08-02,Consumer,Paid Search
C009741,Aditi Joshi,Male,36,Patna,Patna,2023-02-18,Home Office,Email
C009742,Vikram Chopra,Male,24,Mysuru,Mysuru,2026-06-24,Consumer,Affiliate
C009743,Tanya Gupta,Male,28,Jaipur,Jaipur,2025-04-09,Corporate,Social Media
C009744,Ananya Singh,Female,43,Bhubaneswar,Bhubaneswar,2022-12-05,Consumer,Email
C009745,Tanya Bose,Male,53,Noida,Noida,2026-07-29,Consumer,Email
C009746,Vikram Yadav,Female,40,Mysuru,Mysuru,2025-03-08,Corporate,Marketplace
C009747,SIDDHARTH DAS,Female,26,Chennai,Chennai,2022-03-01,Consumer,Referral
C009748,Aditya Malhotra,Female,43,Indore,Indore,2025-01-18,Consumer,Organic Search
C009749,Riya Yadav,Female,18,Surat,Surat,2024-11-04,Consumer,Referral
C009750,Pooja Kumar,Male,28,Ahmedabad,Ahmedabad,2024-03-10,Corporate,Paid Search
C009751,Neha Iyer,Male,34,Nagpur,Nagpur,2025-09-30,Consumer,Social Media
C009752,Meera Kapoor,Male,31,Mumbai,Mumbai,2024-12-27,Corporate,Organic Search
C009753,Nikhil Shah,Female,42,Jaipur,Jaipur,2026-04-05,Consumer,Organic Search
C009754,Meera Verma,Male,36,Noida,Noida,2025-04-04,Corporate,Referral
C009755,Nisha Chopra,Female,40,Gurugram,Gurugram,2022-07-30,Home Office,Organic Search
C009756,Arjun Sharma,Male,32,Mumbai,Mumbai,2024-02-26,Consumer,Paid Search
C009757,Ishaan Joshi,Female,22,Noida,Noida,2025-12-07,Home Office,Social Media
C009758,Arjun Rao,Female,33,Surat,Surat,2025-09-19,Consumer,Referral
C009759,Manish Bose,Male,22,Nagpur,Nagpur,2023-08-08,Corporate,Email
C009760,Aditi Bose,Female,21,Patna,Patna,2025-06-23,Consumer,Social Media
C009761,Vikram Kumar,Male,27,Indore,Indore,2024-01-03,Consumer,Referral
C009762,Meera Joshi,Male,22,Kolkata,Kolkata,2022-12-09,Corporate,Email
C009763,Siddharth Reddy,Male,27,Coimbatore,Coimbatore,2024-12-22,Consumer,Social Media
C009764,Ananya Kapoor,Female,24,Nagpur,Nagpur,2023-04-11,Home Office,Affiliate
C009765,Kabir Das,Female,41,Surat,Surat,2022-11-21,Consumer,Referral
C009766,Vivaan Singh,Female,22,Delhi,Delhi,2024-11-26,Consumer,Organic Search
C009767,Reyansh Mehta,Female,30,Surat,Surat,2022-12-18,Consumer,Organic Search
C009768,Ishaan Kumar,Male,44,Indore,Indore,2022-06-16,Consumer,Social Media
C009769,Nisha Kapoor,Female,48,Noida,Noida,2026-07-25,Consumer,Organic Search
C009770,Arjun Gupta,Female,44,Pune,Pune,2023-03-01,Consumer,Paid Search
C009771,Neha Reddy,Female,18,Delhi,Delhi,2023-12-26,Consumer,Organic Search
C009772,VIVAAN YADAV,Male,23,Bhubaneswar,Bhubaneswar,2024-08-10,Consumer,Marketplace
C009773,Aditi Mishra,Female,23,Mysuru,Mysuru,2023-12-09,Corporate,Organic Search
C009774,Arjun Nair,Male,50,Kochi,Kochi,2025-04-11,Small Business,Organic Search
C009775,Arjun Reddy,Female,53,Pune,Pune,2022-02-14,Home Office,Email
C009776,Sneha Kapoor,Male,42,Visakhapatnam,Visakhapatnam,2026-01-25,Corporate,Marketplace
C009777,Tanya Kapoor,Male,22,Chennai,Chennai,2023-05-17,Consumer,Social Media
C009778,Pooja Shah,Female,28,Noida,Noida,2022-09-21,Small Business,Marketplace
C009779,Isha Sharma,Male,24,Bhubaneswar,Bhubaneswar,2023-05-03,Corporate,Email
C009780,Aditi Kapoor,Male,19,Jaipur,Jaipur,2024-02-12,Consumer,Marketplace
C009781,Kabir Verma,Male,22,Bengaluru,Bengaluru,2022-06-17,Consumer,Paid Search
C009782,Kavya Rao,Unknown,34,Bhubaneswar,Bhubaneswar,2025-11-25,Home Office,Organic Search
C009783,Sneha Bose,Female,37,Jaipur,Jaipur,2024-04-29,Consumer,Affiliate
C009784,Aarav Kumar,Male,28,Delhi,Delhi,2023-02-25,Corporate,Social Media
C009785,Karan Nair,Male,37,Hyderabad,Hyderabad,2023-12-03,Corporate,Paid Search
C009786,Vikram Mishra,Male,47,Chennai,Chennai,2024-07-04,Consumer,Affiliate
C009787,Manish Verma,Male,33,Pune,Pune,2026-06-17,Consumer,Email
C009788,Sanya Mishra,Female,41,Bhopal,Bhopal,2026-06-22,Consumer,Referral
C009789,Isha Malhotra,Male,27,Hyderabad,Hyderabad,2026-06-04,Consumer,Organic Search
C009790,Sneha Yadav,Male,37,Delhi,Delhi,2024-08-08,Consumer,Email
C009791,Meera Mehta,Male,31,Surat,Surat,2024-03-12,Consumer,Affiliate
C009792,Reyansh Verma,Female,34,Delhi,Delhi,2024-05-24,Small Business,Referral
C009793,Rohan Shah,Female,40,Delhi,Delhi,2022-04-24,Consumer,Paid Search
C009794,Tanya Mehta,Male,32,Hyderabad,Hyderabad,2025-04-25,Consumer,Affiliate
C009795,Meera Mishra,Female,29,Jaipur,Jaipur,2022-12-23,Consumer,Email
C009796,Reyansh Sharma,Female,28,Patna,Patna,2024-12-18,Consumer,Marketplace
C009797,Arjun Reddy,Male,41,Mysuru,Mysuru,2022-08-03,Consumer,Marketplace
C009798,Kabir Nair,Female,18,Patna,Patna,2023-01-22,Consumer,Organic Search
C009799,Riya Joshi,Female,30,Bhopal,Bhopal,2022-10-13,Corporate,Organic Search
C009800,Nisha Gupta,Female,45,Noida,Noida,2022-08-07,Consumer,Organic Search
C009801,Rohan Sharma,Male,44,Pune,Pune,2025-03-11,Consumer,Paid Search
C009802,Aditi Reddy,Male,21,Mumbai,Mumbai,2025-10-09,Corporate,Paid Search
C009803,Diya Yadav,Male,35,Bengaluru,Bengaluru,2025-06-02,Consumer,Referral
C009804,Meera Joshi,Male,38,Mumbai,Mumbai,2025-08-12,Home Office,Social Media
C009805,Aditya Joshi,Male,46,Delhi,Delhi,2024-01-08,Corporate,Organic Search
C009806,Sanya Das,Male,24,Ahmedabad,Ahmedabad,2022-09-16,Consumer,Referral
C009807,Aditi Das,Male,18,Hyderabad,Hyderabad,2024-09-19,Consumer,Paid Search
C009808,Nisha Kumar,Male,42,Lucknow,Lucknow,2024-04-15,Consumer,Referral
C009809,Riya Joshi,Male,25,Hyderabad,Hyderabad,2025-02-18,Consumer,Email
C009810,Kabir Chopra,Male,33,Nagpur,Nagpur,2023-07-26,Small Business,Paid Search
C009811,Karan Kapoor,Male,52,Mysuru,Mysuru,2025-02-03,Consumer,Email
C009812,Nikhil Kumar,Male,29,Indore,Indore,2022-05-09,Consumer,Organic Search
C009813,Neha Kumar,Male,38,Surat,Surat,2026-01-12,Consumer,Email
C009814,Siddharth Reddy,Male,43,Nagpur,Nagpur,2025-04-27,Consumer,Paid Search
C009815,Aarav Kapoor,Female,37,Kochi,Kochi,2022-08-17,Home Office,Affiliate
C009816,Neha Mehta,Male,32,Hyderabad,Hyderabad,2024-05-25,Consumer,Organic Search
C009817,Rahul Mehta,Female,39,Ahmedabad,Ahmedabad,2022-06-17,Consumer,Marketplace
C009818,Sanya Singh,Male,30,Visakhapatnam,Visakhapatnam,2025-02-01,Consumer,Affiliate
C009819,Vikram Kumar,Female,37,Ahmedabad,Ahmedabad,2025-07-02,Small Business,Marketplace
C009820,Aditya Mishra,Female,34,Nagpur,Nagpur,2026-07-24,Home Office,Email
C009821,Aditya Kumar,Male,45,Surat,Surat,2023-04-18,Home Office,Referral
C009822,Kavya Malhotra,Male,38,Bhubaneswar,Bhubaneswar,2025-09-24,Corporate,Social Media
C009823,Reyansh Nair,Male,38,Gurugram,Gurugram,2022-11-02,Consumer,Marketplace
C009824,Varun Yadav,Female,38,Pune,Pune,2024-02-21,Consumer,Referral
C009825,nisha chopra,Female,38,Guwahati,Guwahati,2025-02-11,Consumer,Referral
C009826,Siddharth Malhotra,Female,40,Chennai,Chennai,2023-10-29,Consumer,Social Media
C009827,Rahul Chopra,Female,25,Chandigarh,Chandigarh,2022-02-12,Corporate,Referral
C009828,Ananya Bose,Female,34,Chennai,Chennai,2025-01-04,Consumer,Affiliate
C009829,Arjun Das,Male,34,Bengaluru,Bengaluru,2024-03-11,Corporate,Referral
C009830,Ananya Malhotra,Male,18,Mysuru,Mysuru,,Consumer,Paid Search
C009831,Rahul Gupta,Female,20,Bhopal,Bhopal,2025-06-18,Consumer,Social Media
C009832,Karan Gupta,Male,50,Bengaluru,Bengaluru,2025-10-10,Consumer,Referral
C009833,Karan Chopra,Female,40,Surat,Surat,2025-07-31,Consumer,Organic Search
C009834,Tanya Das,Female,38,Lucknow,Lucknow,2022-06-21,Consumer,Paid Search
C009835,Varun Malhotra,Male,41,Hyderabad,Hyderabad,2026-04-12,Consumer,Email
C009836,Aditi Joshi,Male,33,Patna,Patna,2025-04-23,Consumer,Affiliate
C009837,Aditya Joshi,Female,30,Coimbatore,Coimbatore,2025-06-28,Consumer,Organic Search
C009838,Isha Rao,Male,53,Nagpur,Nagpur,2025-07-09,Consumer,Affiliate
C009839,Siddharth Kumar,Female,31,Delhi,Delhi,2023-12-21,Consumer,Referral
C009840,Pooja Malhotra,Male,18,Visakhapatnam,Visakhapatnam,2024-01-17,Consumer,Marketplace
C009841,Isha Mishra,Male,32,Bhubaneswar,Bhubaneswar,2023-09-10,Home Office,Email
C009842,Ananya Reddy,Female,34,Mumbai,Mumbai,2025-03-07,Corporate,Unknown
C009843,Siddharth Singh,Male,18,Patna,Patna,2026-05-15,Consumer,Marketplace
C009844,Aditi Kumar,Female,51,Pune,Pune,2026-05-22,Consumer,Marketplace
C009845,Nikhil Joshi,Male,49,Coimbatore,Coimbatore,2022-10-31,Consumer,Social Media
C009846,Vikram Shah,Male,18,Nagpur,Nagpur,2025-04-12,Home Office,Email
C009847,Sneha Joshi,Female,31,Bengaluru,Bengaluru,2023-07-07,Corporate,Paid Search
C009848,Rohan Kapoor,Female,33,Bhopal,Bhopal,2026-05-30,Consumer,Paid Search
C009849,Aditi Das,Female,35,Pune,Pune,2023-08-31,Consumer,Social Media
C009850,Nikhil Bose,Female,18,Surat,Surat,2022-09-26,Home Office,Organic Search
C009851,Nikhil Yadav,Female,24,Mumbai,Mumbai,2023-03-30,Home Office,Organic Search
C009852,Aditi Rao,Male,42,Pune,Pune,2025-03-26,Corporate,Referral
C009853,Sanya Sharma,Male,23,Guwahati,Guwahati,2025-04-09,Consumer,Paid Search
C009854,Rohan Kapoor,Female,23,Gurugram,Gurugram,2022-09-09,Consumer,Organic Search
C009855,Tanya Shah,Female,42,Indore,Indore,2024-06-04,Corporate,Social Media
C009856,Kavya Reddy,Female,46,Mumbai,Mumbai,2024-05-01,Corporate,Social Media
C009857,Isha Nair,Male,35,Chennai,Chennai,2022-12-19,Consumer,Paid Search
C009858,Reyansh Singh,Female,20,Ahmedabad,Ahmedabad,2025-02-01,Consumer,Social Media
C009859,Diya Iyer,Male,63,Chandigarh,Chandigarh,2023-08-08,Small Business,Social Media
C009860,Manish Malhotra,Male,40,Hyderabad,Hyderabad,2024-09-18,Consumer,Marketplace
C009861,Tanya Yadav,Male,32,Bhopal,Bhopal,2023-03-02,Consumer,Social Media
C009862,Arjun Nair,Female,23,Ahmedabad,Ahmedabad,2025-09-02,Consumer,Organic Search
C009863,Pooja Reddy,Male,45,Kochi,Kochi,2022-07-07,Consumer,Referral
C009864,Riya Patel,Female,32,Guwahati,Guwahati,2025-10-29,Consumer,Organic Search
C009865,Kabir Gupta,Female,55,Ahmedabad,Ahmedabad,2024-05-10,Consumer,Organic Search
C009866,Aditi Kumar,Male,34,Lucknow,Lucknow,2023-11-22,Consumer,Social Media
C009867,Karan Kumar,Female,41,Mysuru,Mysuru,2023-10-31,Consumer,Social Media
C009868,Aditya Reddy,Male,36,Kolkata,Kolkata,2022-04-23,Consumer,Email
C009869,Siddharth Das,Female,32,Mysuru,Mysuru,2024-08-28,Small Business,Social Media
C009870,Ananya Yadav,Male,46,Chandigarh,Chandigarh,2023-12-25,Consumer,Affiliate
C009871,Vivaan Chopra,Female,18,Pune,Pune,2026-07-16,Consumer,Social Media
C009872,Arjun Joshi,Male,41,Bhopal,Bhopal,2022-11-04,Consumer,Referral
C009873,Priya Singh,Male,18,Ahmedabad,Ahmedabad,2024-02-27,Consumer,Organic Search
C009874,Rohan Nair,Female,55,Mumbai,Mumbai,2026-03-12,Consumer,Organic Search
C009875,SNEHA DAS,Female,38,Bhopal,Bhopal,2024-04-03,Consumer,Paid Search
C009876,Arjun Verma,Male,33,Jaipur,Jaipur,2022-06-28,Corporate,Paid Search
C009877,Varun Sharma,Male,45,Bhopal,Bhopal,2024-02-04,Home Office,Organic Search
C009878,Pooja Malhotra,Female,25,Chennai,Chennai,2024-08-07,Small Business,Referral
C009879,Reyansh Joshi,Male,37,Coimbatore,Coimbatore,2022-05-29,Home Office,Marketplace
C009880,Manish Gupta,Female,31,Lucknow,Lucknow,2026-02-03,Consumer,Paid Search
C009881,Neha Bose,Male,35,Kochi,Kochi,2025-02-04,Consumer,Referral
C009882,Aditi Mehta,Male,24,Surat,Surat,2024-02-25,Home Office,Organic Search
C009883,Isha Mehta,Male,29,Chandigarh,Chandigarh,2022-12-14,Consumer,Affiliate
C009884,Ananya Iyer,Male,27,Bhopal,Bhopal,2024-06-21,Consumer,Paid Search
C009885,Isha Iyer,Male,45,Nagpur,Nagpur,2023-06-29,Home Office,Social Media
C009886,Aarav Rao,Male,48,Jaipur,Jaipur,2024-12-29,Consumer,Paid Search
C009887,Meera Kumar,Male,34,Lucknow,Lucknow,2024-07-19,Corporate,Organic Search
C009888,Tanya Reddy,Male,39,Bhopal,Bhopal,2025-11-14,Corporate,Organic Search
C009889,Riya Patel,Female,33,Mysuru,Mysuru,2023-07-24,Consumer,Paid Search
C009890,Krishna Sharma,Female,22,Delhi,Delhi,2022-03-28,Consumer,Marketplace
C009891,Krishna Nair,Female,47,Lucknow,Lucknow,2022-10-09,Home Office,Paid Search
C009892,Priya Shah,Male,43,Guwahati,Guwahati,2023-10-11,Small Business,Social Media
C009893,Nisha Shah,Male,36,Gurugram,Gurugram,2022-08-10,Consumer,Organic Search
C009894,Reyansh Patel,Female,38,Indore,Indore,2025-10-15,Consumer,Marketplace
C009895,Rahul Rao,Female,29,Nagpur,Nagpur,2024-01-17,Consumer,Organic Search
C009896,Sneha Rao,Male,46,Chandigarh,Chandigarh,2022-07-04,Consumer,Marketplace
C009897,Priya Kumar,Non-Binary,34,Ahmedabad,Ahmedabad,2025-05-01,Consumer,Social Media
C009898,Reyansh Patel,Male,39,Kochi,Kochi,2024-01-18,Corporate,Email
C009899,Karan Mehta,Female,32,Chennai,Chennai,2023-01-18,Corporate,Organic Search
C009900,Vivaan Kumar,Male,38,Patna,Patna,2022-05-09,Home Office,Social Media
C009901,Kavya Malhotra,Male,35,Patna,Patna,2023-05-19,Small Business,Social Media
C009902,Tanya Iyer,Female,18,Surat,Surat,2025-02-02,Consumer,Marketplace
C009903,Varun Chopra,Male,37,Coimbatore,Coimbatore,2023-10-31,Consumer,Marketplace
C009904,Aditi Iyer,Male,56,Lucknow,Lucknow,2024-02-21,Consumer,Organic Search
C009905,Arjun Verma,Male,43,Bhubaneswar,Bhubaneswar,2026-04-25,Home Office,Organic Search
C009906,Vivaan Mishra,Female,28,Lucknow,Lucknow,2023-02-08,Consumer,Organic Search
C009907,sneha malhotra,Male,56,Gurugram,Gurugram,2024-07-20,Consumer,Paid Search
C009908,Siddharth Das,Female,33,Bhopal,Bhopal,2024-06-27,Consumer,Marketplace
C009909,Neha Yadav,Male,20,Chandigarh,Chandigarh,2022-01-23,Consumer,Organic Search
C009910,Vikram Joshi,Female,22,Gurugram,Gurugram,2026-02-03,Corporate,Affiliate
C009911,Ananya Malhotra,Female,21,Mumbai,Mumbai,2025-03-10,Consumer,Marketplace
C009912,Ananya Iyer,Male,30,Bhopal,Bhopal,2023-12-04,Consumer,Email
C009913,Meera Sharma,Female,27,Delhi,Delhi,2025-04-10,Corporate,Organic Search
C009914,Sanya Kapoor,Male,36,Bengaluru,Bengaluru,2026-03-16,Consumer,Email
C009915,Neha Yadav,Female,24,Lucknow,Lucknow,2025-12-30,Consumer,Paid Search
C009916,Karan Chopra,Female,33,Indore,Indore,2024-10-20,Home Office,Email
C009917,Karan Gupta,Female,32,Delhi,Delhi,2025-07-01,Corporate,Paid Search
C009918,Aditi Kapoor,Female,26,Patna,Patna,2025-12-15,Consumer,Email
C009919,Diya Mishra,Female,58,Hyderabad,Hyderabad,2025-03-18,Consumer,Social Media
C009920,Nisha Mehta,Female,18,Pune,Pune,2025-05-05,Consumer,Paid Search
C009921,Kavya Kapoor,Male,51,Kolkata,Kolkata,2025-11-21,Unknown,Social Media
C009922,Kavya Mishra,Female,43,Bhubaneswar,Bhubaneswar,2023-04-07,Corporate,Organic Search
C009923,Nisha Malhotra,Male,35,Coimbatore,Coimbatore,2024-02-08,Home Office,Organic Search
C009924,Varun Nair,Female,32,Indore,Indore,2025-06-09,Consumer,Social Media
C009925,Kavya Yadav,Female,33,Coimbatore,Coimbatore,2022-03-07,Corporate,Organic Search
C009926,Riya Shah,Female,26,Chandigarh,Chandigarh,2025-08-14,Consumer,Paid Search
C009927,Isha Iyer,Female,48,Kolkata,Kolkata,2023-03-21,Corporate,Social Media
C009928,Sneha Rao,Female,24,Surat,Surat,2023-12-11,Corporate,Organic Search
C009929,Krishna Reddy,Male,37,Surat,Surat,2022-06-19,Consumer,Email
C009930,Priya Mishra,Male,43,Kochi,Kochi,2024-01-28,Corporate,Organic Search
C009931,Vikram Iyer,Non-Binary,38,Gurugram,Gurugram,2024-04-25,Home Office,Social Media
C009932,Arjun Verma,Male,29,Bhubaneswar,Bhubaneswar,2023-11-02,Corporate,Organic Search
C009933,Krishna Mishra,Female,34,Coimbatore,Coimbatore,2025-05-27,Home Office,Email
C009934,Krishna Rao,Male,42,Ahmedabad,Ahmedabad,2025-01-27,Consumer,Referral
C009935,Siddharth Mehta,Female,39,Bengaluru,Bengaluru,2022-07-14,Small Business,Social Media
C009936,Diya Malhotra,Female,29,Guwahati,Guwahati,2026-06-10,Consumer,Email
C009937,Reyansh Nair,Male,18,Jaipur,Jaipur,2022-11-12,Corporate,Email
C009938,Krishna Reddy,Male,32,Kochi,Kochi,2025-06-04,Home Office,Social Media
C009939,Sneha Reddy,Female,43,Delhi,Delhi,2023-08-01,Corporate,Organic Search
C009940,Aditya Mehta,Male,34,Mysuru,Mysuru,2023-03-27,Consumer,Referral
C009941,Ananya Chopra,Female,49,Pune,Pune,2022-12-27,Consumer,Marketplace
C009942,Kavya Malhotra,Male,41,Mysuru,Mysuru,2026-05-06,Consumer,Affiliate
C009943,Meera Verma,Female,26,Patna,Patna,2025-02-26,Consumer,Paid Search
C009944,Ishaan Yadav,Male,18,Guwahati,Guwahati,2022-05-16,Corporate,Social Media
C009945,Sneha Chopra,Female,26,Jaipur,Jaipur,2024-05-12,Consumer,Organic Search
C009946,Kavya Rao,Male,32,Chennai,Chennai,2022-11-27,Consumer,Social Media
C009947,Aditya Chopra,Female,34,Indore,Indore,,Consumer,Organic Search
C009948,Vikram Malhotra,Male,18,Guwahati,Guwahati,2022-06-15,Consumer,Social Media
C009949,Manish Kumar,Female,34,Noida,Noida,,Consumer,Marketplace
C009950,Nisha Kumar,Female,44,Mysuru,Mysuru,2023-05-29,Home Office,Organic Search
C009951,Krishna Kapoor,Male,34,Hyderabad,Hyderabad,2022-02-08,Small Business,Organic Search
C009952,Neha Das,Non-Binary,26,Chandigarh,Chandigarh,2025-12-06,Home Office,Organic Search
C009953,Diya Singh,Male,35,Guwahati,Guwahati,2026-07-30,Home Office,Email
C009954,Rahul Patel,Female,42,Lucknow,Lucknow,2025-03-28,Consumer,Referral
C009955,Priya Nair,Male,42,Ahmedabad,Ahmedabad,2023-10-05,Consumer,Social Media
C009956,Krishna Bose,Male,21,Kolkata,Kolkata,2026-06-07,Consumer,Organic Search
C009957,Vikram Verma,Female,32,Indore,Indore,2025-06-05,Consumer,Organic Search
C009958,Sneha Chopra,Male,36,Pune,Pune,2022-07-10,Home Office,Affiliate
C009959,Reyansh Bose,Female,38,Lucknow,Lucknow,2024-08-06,Corporate,Paid Search
C009960,Nikhil Verma,Non-Binary,26,Bhopal,Bhopal,2026-03-07,Consumer,Organic Search
C009961,Nikhil Mishra,Male,25,Lucknow,Lucknow,2026-06-30,Small Business,Social Media
C009962,Nisha Rao,Male,56,Noida,Noida,2022-12-04,Home Office,Marketplace
C009963,Ishaan Singh,Male,31,Mumbai,Mumbai,2022-03-06,Home Office,Marketplace
C009964,Nikhil Nair,Female,21,Nagpur,Nagpur,2026-04-27,Small Business,Social Media
C009965,Reyansh Shah,Female,21,Kolkata,Kolkata,2023-05-21,Consumer,Affiliate
C009966,Kavya Yadav,Female,41,Mumbai,Mumbai,2024-02-22,Consumer,Paid Search
C009967,Krishna Kumar,Male,47,Kolkata,Kolkata,2025-09-21,Corporate,Social Media
C009968,Aditi Malhotra,Female,30,Mysuru,Mysuru,2023-08-14,Corporate,Organic Search
C009969,Rahul Mehta,Non-Binary,53,Delhi,Delhi,2022-10-16,Consumer,Social Media
C009970,Unknown,Male,27,Kochi,Kochi,2023-05-15,Small Business,Organic Search
C009971,Isha Nair,Male,38,Mysuru,Mysuru,2025-06-30,Corporate,Organic Search
C009972,Meera Gupta,Female,33,Guwahati,Guwahati,2025-09-24,Consumer,Social Media
C009973,Isha Kapoor,Female,38,Bhubaneswar,Bhubaneswar,2025-01-25,Corporate,Social Media
C009974,Kavya Gupta,Male,36,Chandigarh,Chandigarh,2024-09-28,Home Office,Paid Search
C009975,Isha Verma,Male,40,Kolkata,Kolkata,2022-11-09,Small Business,Referral
C009976,Vikram Das,Male,39,Gurugram,Gurugram,2025-01-14,Small Business,Paid Search
C009977,Kavya Sharma,Female,34,Bhopal,Bhopal,2025-12-11,Corporate,Email
C009978,Reyansh Mehta,Female,49,Jaipur,Jaipur,2023-08-13,Home Office,Email
C009979,Sanya Shah,Male,21,Bhopal,Bhopal,2022-01-30,Consumer,Organic Search
C009980,Karan Bose,Female,27,Gurugram,Gurugram,2026-04-03,Consumer,Email
C009981,Nikhil Mehta,Male,33,Nagpur,Nagpur,2025-04-15,Consumer,Organic Search
C009982,Kabir Rao,Male,49,Jaipur,Jaipur,2026-06-14,Consumer,Social Media
C009983,Karan Mehta,Male,49,Mysuru,Mysuru,2023-01-24,Consumer,Marketplace
C009984,Rahul Gupta,Male,34,Bhubaneswar,Bhubaneswar,2025-09-04,Consumer,Organic Search
C009985,Rohan Gupta,Male,47,Visakhapatnam,Visakhapatnam,2023-01-23,Consumer,Email
C009986,Nikhil Malhotra,Non-Binary,48,Indore,Indore,2024-07-01,Consumer,Organic Search
C009987,Diya Malhotra,Male,43,Mumbai,Mumbai,2023-03-07,Consumer,Email
C009988,Sneha Malhotra,Female,34,Surat,Surat,2025-05-18,Home Office,Social Media
C009989,Pooja Rao,Male,51,Mysuru,Mysuru,2022-01-18,Home Office,Paid Search
C009990,Sneha Reddy,Female,18,Chandigarh,Chandigarh,2022-09-09,Consumer,Email
C009991,Sneha Chopra,Female,42,Chandigarh,Chandigarh,2022-01-23,Consumer,Social Media
C009992,Neha Malhotra,Female,34,Gurugram,Gurugram,2024-12-16,Consumer,Organic Search
C009993,Vikram Bose,Female,38,Lucknow,Lucknow,2022-06-24,Corporate,Email
C009994,Isha Singh,Female,54,Guwahati,Guwahati,2023-03-09,Consumer,Email
C009995,Rahul Iyer,Female,18,Kochi,Kochi,2024-01-29,Consumer,Organic Search
C009996,Siddharth Joshi,Female,47,Hyderabad,Hyderabad,2023-08-21,Consumer,Email
C009997,Manish Patel,Male,35,Visakhapatnam,Visakhapatnam,2024-09-18,Corporate,Organic Search
C009998,Meera Mehta,Male,37,Indore,Indore,2023-06-21,Consumer,Organic Search
C009999,Aditi Malhotra,Female,50,Nagpur,Nagpur,2024-01-27,Consumer,Affiliate
C010000,Vivaan Joshi,Male,39,Nagpur,Nagpur,2024-09-18,Consumer,Organic Search
C010001,Rahul Shah,Male,32,Nagpur,Nagpur,2023-10-24,Corporate,Organic Search
C010002,Manish Reddy,Female,44,Indore,Indore,2024-07-07,Consumer,Organic Search
C010003,Neha Mehta,Non-Binary,50,Hyderabad,Hyderabad,2026-05-24,Corporate,Organic Search
C010004,Neha Kumar,Male,23,Chandigarh,Chandigarh,2024-11-25,Consumer,Organic Search
C010005,Aditi Sharma,Female,31,Bhopal,Bhopal,2022-07-14,Corporate,Paid Search
C010006,Rahul Reddy,Male,18,Bhopal,Bhopal,2022-04-09,Corporate,Referral
C010007,Aditya Iyer,Female,45,Nagpur,Nagpur,2023-05-16,Consumer,Organic Search
C010008,Karan Kapoor,Female,45,Chennai,Chennai,2024-10-23,Consumer,Marketplace
C010009,Aditya Joshi,Male,40,Hyderabad,Hyderabad,2022-11-05,Corporate,Paid Search
C010010,Varun Sharma,Female,25,Pune,Pune,2023-07-29,Consumer,Paid Search
C010011,Meera Malhotra,Male,39,Indore,Indore,2022-10-06,Consumer,Paid Search
C010012,Aarav Malhotra,Female,29,Patna,Patna,2024-09-11,Consumer,Social Media
C010013,Manish Chopra,Female,61,Ahmedabad,Ahmedabad,2025-04-11,Home Office,Organic Search
C010014,Ishaan Kumar,Male,18,Pune,Pune,2023-04-07,Corporate,Social Media
C010015,Rahul Sharma,Male,41,Noida,Noida,2026-01-07,Home Office,Email
C010016,Krishna Sharma,Female,30,Mysuru,Mysuru,2026-03-13,Corporate,Organic Search
C010017,Meera Yadav,Female,31,Chandigarh,Chandigarh,2023-08-10,Home Office,Organic Search
C010018,Karan Shah,Male,58,Bhubaneswar,Bhubaneswar,2024-01-28,Small Business,Affiliate
C010019,Aditya Singh,Female,32,Bhubaneswar,Bhubaneswar,2022-08-19,Consumer,Organic Search
C010020,Priya Das,Male,23,Hyderabad,Hyderabad,2025-04-03,Consumer,Referral
C010021,Aarav Mehta,Female,39,Surat,Surat,2025-05-12,Consumer,Paid Search
C010022,Priya Mishra,Female,29,Ahmedabad,Ahmedabad,2023-11-04,Consumer,Social Media
C010023,Nikhil Iyer,Female,51,Hyderabad,Hyderabad,2026-06-01,Home Office,Social Media
C010024,Isha Joshi,Male,42,Visakhapatnam,Visakhapatnam,2026-05-10,Corporate,Organic Search
C010025,Neha Yadav,Non-Binary,30,Jaipur,Jaipur,2023-11-06,Consumer,Email
C010026,Pooja Mehta,Female,35,Noida,Noida,2026-05-17,Consumer,Paid Search
C010027,Krishna Gupta,Male,32,Guwahati,Guwahati,2023-04-25,Consumer,Referral
C010028,Karan Patel,Female,54,Patna,Patna,2024-02-07,Consumer,Organic Search
C010029,Reyansh Das,Female,51,Bhubaneswar,Bhubaneswar,2022-08-22,Corporate,Email
C010030,Tanya Rao,Female,42,Coimbatore,Coimbatore,2022-06-07,Small Business,Referral
C010031,Kavya Yadav,Female,44,Chandigarh,Chandigarh,2023-04-01,Corporate,Social Media
C010032,Riya Malhotra,Non-Binary,27,Noida,Noida,2025-09-18,Corporate,Email
C010033,Sanya Das,Female,45,Surat,Surat,2023-02-11,Consumer,Social Media
C010034,Kavya Das,Male,24,Delhi,Delhi,2022-08-09,Consumer,Organic Search
C010035,Siddharth Chopra,Male,38,Jaipur,Jaipur,2022-09-26,Home Office,Referral
C010036,Manish Kapoor,Male,19,Patna,Patna,2023-09-07,Consumer,Email
C010037,Krishna Chopra,Female,47,Noida,Noida,2024-02-17,Consumer,Paid Search
C010038,Isha Joshi,Female,30,Gurugram,Gurugram,2022-06-21,Consumer,Organic Search
C010039,Ananya Das,Female,34,Bhopal,Bhopal,2022-12-20,Consumer,Referral
C010040,Kavya Yadav,Male,55,Delhi,Delhi,2025-03-16,Consumer,Paid Search
C010041,Krishna Iyer,Male,25,Patna,Patna,2025-06-06,Consumer,Referral
C010042,Isha Singh,Female,28,Kolkata,Kolkata,2025-07-04,Consumer,Referral
C010043,Sanya Patel,Female,44,Indore,Indore,2025-11-19,Home Office,Paid Search
C010044,Nikhil Mishra,Female,25,Delhi,Delhi,2023-12-23,Consumer,Marketplace
C010045,Varun Singh,Male,31,Patna,Patna,2024-04-08,Consumer,Social Media
C010046,Sanya Joshi,Male,19,Mysuru,Mysuru,2023-06-22,Corporate,Referral
C010047,Karan Yadav,Female,41,Bengaluru,Bengaluru,2025-11-17,Home Office,Email
C010048,Aditi Joshi,Female,34,Guwahati,Guwahati,2024-06-22,Home Office,Unknown
C010049,Kavya Verma,Male,22,Noida,Noida,2025-09-12,Consumer,Organic Search
C010050,Pooja Iyer,Female,27,Gurugram,Gurugram,2024-03-13,Consumer,Referral
C010051,Karan Singh,Male,48,Gurugram,Gurugram,2025-11-25,Consumer,Social Media
C010052,Rahul Das,Female,53,Nagpur,Nagpur,2022-02-12,Corporate,Organic Search
C010053,Reyansh Bose,Male,32,Noida,Noida,2026-01-29,Consumer,Referral
C010054,Tanya Chopra,Male,18,Surat,Surat,2022-02-07,Home Office,Referral
C010055,Vivaan Singh,Male,21,Chandigarh,Chandigarh,2022-01-14,Consumer,Organic Search
C010056,Krishna Bose,Male,38,Chennai,Chennai,2025-06-11,Consumer,Organic Search
C010057,Pooja Yadav,Male,39,Chandigarh,Chandigarh,2022-08-10,Consumer,Social Media
C010058,Aditi Verma,Female,43,Bengaluru,Bengaluru,2022-06-20,Consumer,Affiliate
C010059,Aditi Kapoor,Female,27,Visakhapatnam,Visakhapatnam,2025-11-04,Corporate,Referral
C010060,Ishaan Das,Male,40,Jaipur,Jaipur,2022-11-29,Consumer,Marketplace
C010061,Isha Bose,Female,35,Lucknow,Lucknow,2025-08-06,Small Business,Paid Search
C010062,Krishna Kumar,Male,21,Hyderabad,Hyderabad,2024-09-18,Corporate,Email
C010063,Neha Malhotra,Male,22,Kochi,Kochi,2024-06-10,Home Office,Social Media
C010064,Tanya Mishra,Female,45,Jaipur,Jaipur,2024-12-12,Consumer,Paid Search
C010065,Meera Gupta,Male,26,Bhubaneswar,Bhubaneswar,2024-10-25,Consumer,Paid Search
C010066,Tanya Nair,Female,18,Noida,Noida,2024-06-20,Consumer,Social Media
C010067,Meera Kumar,Female,36,Bhubaneswar,Bhubaneswar,2024-04-03,Home Office,Referral
C010068,Pooja Kumar,Female,40,Surat,Surat,2022-02-24,Corporate,Social Media
C010069,Diya Shah,Male,20,Chennai,Chennai,2024-12-27,Consumer,Paid Search
C010070,Ananya Mehta,Female,33,Coimbatore,Coimbatore,2023-01-28,Home Office,Marketplace
C010071,Priya Nair,Male,34,Jaipur,Jaipur,2025-08-19,Consumer,Paid Search
C010072,Diya Verma,Female,52,Kolkata,Kolkata,2022-11-15,Consumer,Paid Search
C010073,Karan Patel,Male,36,Indore,Indore,2026-06-17,Home Office,Paid Search
C010074,Siddharth Joshi,Male,23,Jaipur,Jaipur,2024-09-01,Small Business,Organic Search
C010075,Ananya Rao,Male,20,Chandigarh,Chandigarh,2022-01-15,Consumer,Referral
C010076,Vikram Verma,Female,27,Pune,Pune,2024-07-13,Consumer,Referral
C010077,Rahul Yadav,Male,52,Mysuru,Mysuru,2024-12-14,Consumer,Organic Search
C010078,Diya Iyer,Male,18,Lucknow,Lucknow,2024-04-01,Consumer,Social Media
C010079,Rahul Reddy,Female,28,Noida,Noida,2025-10-11,Consumer,Paid Search
C010080,Sneha Malhotra,Male,31,Coimbatore,Coimbatore,2025-09-20,Small Business,Paid Search
C010081,Reyansh Singh,Male,45,Kochi,Kochi,2022-08-25,Consumer,Organic Search
C010082,Sneha Nair,Male,47,Coimbatore,Coimbatore,2026-04-12,Corporate,Email
C010083,Varun Verma,Female,22,Mumbai,Mumbai,2025-02-06,Consumer,Social Media
C010084,Aditi Sharma,Male,18,Bengaluru,Bengaluru,2022-02-22,Consumer,Referral
C010085,Siddharth Malhotra,Female,47,Kochi,Kochi,2024-03-07,Home Office,Organic Search
C010086,Diya Mehta,Male,18,Bhopal,Bhopal,2025-05-08,Small Business,Organic Search
C010087,Aditi Patel,Male,49,Bhubaneswar,Bhubaneswar,2022-02-24,Home Office,Marketplace
C010088,Kavya Joshi,Male,21,Indore,Indore,2024-04-11,Corporate,Email
C010089,Kabir Mehta,Female,34,Bengaluru,Bengaluru,2025-07-14,Consumer,Organic Search
C010090,Reyansh Shah,Female,33,Indore,Indore,2023-08-18,Corporate,Organic Search
C010091,Ananya Gupta,Male,37,Nagpur,Nagpur,2026-05-25,Consumer,Affiliate
C010092,Karan Malhotra,Female,37,Lucknow,Lucknow,2022-06-26,Consumer,Organic Search
C010093,Meera Singh,Male,21,Bhubaneswar,Bhubaneswar,2026-07-26,Consumer,Email
C010094,Ishaan Iyer,Male,50,Indore,Indore,2025-12-15,Consumer,Paid Search
C010095,Sneha Kumar,Female,18,Jaipur,Jaipur,2022-04-23,Consumer,Organic Search
C010096,Aditi Das,Female,43,Guwahati,Guwahati,2024-09-10,Consumer,Social Media
C010097,Priya Sharma,Male,18,Pune,Pune,2022-02-19,Home Office,Paid Search
C010098,Vikram Das,Male,23,Ahmedabad,Ahmedabad,2022-01-20,Consumer,Social Media
C010099,Reyansh Kapoor,Male,51,Bengaluru,Bengaluru,2025-09-05,Consumer,Organic Search
C010100,Varun Iyer,Female,57,Delhi,Delhi,2026-04-08,Home Office,Organic Search
C010101,Priya Mehta,Female,39,Nagpur,Nagpur,2025-11-26,Consumer,Email
C010102,Rohan Singh,Female,29,Mumbai,Mumbai,2025-12-07,Home Office,Organic Search
C010103,Ishaan Shah,Unknown,23,Bengaluru,Bengaluru,2023-11-05,Corporate,Paid Search
C010104,Nisha Mishra,Male,28,Chandigarh,Chandigarh,2022-07-12,Consumer,Social Media
C010105,Isha Kapoor,Male,35,Visakhapatnam,Visakhapatnam,2024-05-10,Consumer,Organic Search
C010106,Tanya Yadav,Male,18,Bhubaneswar,Bhubaneswar,2022-05-15,Consumer,Marketplace
C010107,Vivaan Yadav,Female,40,Bengaluru,Bengaluru,2025-04-03,Home Office,Social Media
C010108,Priya Chopra,Male,45,Guwahati,Guwahati,2025-03-27,Corporate,Paid Search
C010109,Varun Shah,Female,39,Noida,Noida,2026-05-09,Corporate,Referral
C010110,Arjun Verma,Male,45,Unknown,Unknown,2022-03-18,Consumer,Unknown
C010111,Nikhil Patel,Male,33,Delhi,Delhi,2023-05-18,Consumer,Paid Search
C010112,Ananya Joshi,Male,58,Surat,Surat,2025-10-14,Consumer,Social Media
C010113,Sneha Sharma,Male,31,Mysuru,Mysuru,2022-11-12,Small Business,Organic Search
C010114,Diya Kapoor,Male,35,Chennai,Chennai,2025-06-28,Consumer,Organic Search
C010115,Reyansh Rao,Female,44,Mumbai,Mumbai,2026-03-01,Consumer,Paid Search
C010116,Pooja Rao,Female,32,Bengaluru,Bengaluru,2026-02-15,Home Office,Paid Search
C010117,Varun Malhotra,Male,23,Indore,Indore,2022-04-22,Consumer,Organic Search
C010118,Varun Joshi,Female,42,Nagpur,Nagpur,2023-09-04,Home Office,Organic Search
C010119,Arjun Mehta,Male,52,Delhi,Delhi,2024-04-06,Home Office,Unknown
C010120,Vivaan Chopra,Female,37,Jaipur,Jaipur,2025-04-08,Consumer,Referral
C010121,Neha Malhotra,Male,34,Mysuru,Mysuru,2024-12-11,Corporate,Referral
C010122,Nikhil Bose,Male,28,Delhi,Delhi,2024-12-06,Consumer,Referral
C010123,Nikhil Mishra,Male,21,Kochi,Kochi,2023-11-14,Consumer,Social Media
C010124,Sneha Kapoor,Female,26,Surat,Surat,2022-07-26,Consumer,Paid Search
C010125,Aditya Nair,Male,54,Delhi,Delhi,2024-02-16,Home Office,Paid Search
C010126,Kabir Joshi,Male,37,Lucknow,Lucknow,2025-09-29,Consumer,Paid Search
C010127,Reyansh Patel,Female,29,Nagpur,Nagpur,2026-04-25,Consumer,Organic Search
C010128,Pooja Shah,Female,28,Indore,Indore,2024-03-16,Consumer,Social Media
C010129,Aditya Kapoor,Female,37,Chandigarh,Chandigarh,2025-02-15,Home Office,Social Media
C010130,Aditi Yadav,Male,35,Hyderabad,Hyderabad,2023-12-07,Consumer,Referral
C010131,Reyansh Chopra,Female,26,Bhopal,Bhopal,2023-07-10,Small Business,Paid Search
C010132,Ananya Malhotra,Female,36,Delhi,Delhi,2026-05-01,Consumer,Affiliate
C010133,Manish Kapoor,Female,42,Pune,Pune,2025-12-28,Corporate,Referral
C010134,Varun Rao,Female,41,Bhubaneswar,Bhubaneswar,2024-03-03,Consumer,Social Media
C010135,Vivaan Patel,Male,20,Bhopal,Bhopal,2022-05-31,Consumer,Paid Search
C010136,Pooja Yadav,Female,25,Delhi,Delhi,2026-04-29,Corporate,Email
C010137,Rohan Mehta,Female,50,Visakhapatnam,Visakhapatnam,2024-11-11,Consumer,Email
C010138,Meera Verma,Male,36,Pune,Pune,2025-09-29,Small Business,Organic Search
C010139,Rahul Nair,Male,26,Surat,Surat,2025-10-27,Home Office,Marketplace
C010140,Tanya Kumar,Male,20,Visakhapatnam,Visakhapatnam,2022-01-19,Consumer,Social Media
C010141,Priya Chopra,Female,52,Chennai,Chennai,2023-07-14,Corporate,Marketplace
C010142,Kabir Mishra,Male,38,Patna,Patna,2023-02-27,Consumer,Email
C010143,Kabir Shah,Non-Binary,36,Patna,Patna,2022-08-06,Corporate,Paid Search
C010144,Kavya Yadav,Male,32,Chennai,Chennai,2023-02-11,Consumer,Email
C010145,Sneha Iyer,Male,35,Jaipur,Jaipur,2026-01-01,Consumer,Organic Search
C010146,VIVAAN MALHOTRA,Male,36,Jaipur,Jaipur,2023-04-11,Consumer,Email
C010147,Ishaan Kumar,Male,24,Coimbatore,Coimbatore,2023-03-17,Consumer,Marketplace
C010148,Rohan Shah,Female,25,Hyderabad,Hyderabad,2024-07-01,Consumer,Paid Search
C010149,Vikram Mishra,Female,33,Gurugram,Gurugram,2025-07-27,Small Business,Email
C010150,Ananya Patel,Female,42,Nagpur,Nagpur,2024-10-27,Home Office,Social Media
C010151,Aditya Yadav,Male,26,Bhubaneswar,Bhubaneswar,2023-08-23,Home Office,Marketplace
C010152,Varun Shah,Male,34,Kolkata,Kolkata,2024-09-27,Corporate,Social Media
C010153,Diya Verma,Female,24,Lucknow,Lucknow,2024-05-07,Consumer,Organic Search
C010154,Varun Verma,Female,40,Guwahati,Guwahati,2023-04-25,Consumer,Email
C010155,Sanya Singh,Male,45,Nagpur,Nagpur,2026-07-21,Consumer,Paid Search
C010156,Rohan Kapoor,Male,27,Patna,Patna,2024-11-16,Corporate,Referral
C010157,Nikhil Joshi,Female,29,Bengaluru,Bengaluru,2024-05-05,Home Office,Paid Search
C010158,Siddharth Singh,Female,42,Gurugram,Gurugram,2024-03-14,Consumer,Affiliate
C010159,Siddharth Mishra,Male,34,Indore,Indore,2026-03-25,Consumer,Paid Search
C010160,Ishaan Chopra,Male,43,Nagpur,Nagpur,2024-10-09,Consumer,Organic Search
C010161,Aditya Malhotra,Male,18,Noida,Noida,2025-10-19,Home Office,Social Media
C010162,Manish Mehta,Male,46,Bhubaneswar,Bhubaneswar,2023-06-08,Consumer,Social Media
C010163,Rahul Joshi,Male,34,Delhi,Delhi,2025-07-24,Home Office,Social Media
C010164,Tanya Reddy,Male,33,Bhopal,Bhopal,2025-12-23,Consumer,Email
C010165,Aditya Kumar,Female,35,Chandigarh,Chandigarh,2023-03-12,Consumer,Social Media
C010166,Kavya Iyer,Male,35,Bhopal,Bhopal,2026-05-28,Consumer,Marketplace
C010167,Krishna Malhotra,Non-Binary,31,Guwahati,Guwahati,2025-05-05,Consumer,Organic Search
C010168,Nisha Gupta,Male,34,Chennai,Chennai,2025-12-08,Consumer,Paid Search
C010169,Kavya Malhotra,Male,18,Indore,Indore,2025-03-15,Consumer,Referral
C010170,Priya Malhotra,Female,34,Kolkata,Kolkata,2025-06-03,Consumer,Marketplace
C010171,Ananya Chopra,Male,35,Kochi,Kochi,2022-06-23,Home Office,Referral
C010172,Ananya Das,Female,55,Kolkata,Kolkata,2025-09-20,Corporate,Email
C010173,Tanya Bose,Male,41,Kochi,Kochi,2026-06-22,Consumer,Referral
C010174,Ishaan Chopra,Male,33,Mysuru,Mysuru,2024-07-03,Consumer,Social Media
C010175,Manish Kumar,Male,38,Lucknow,Lucknow,2023-10-13,Consumer,Social Media
C010176,Reyansh Kumar,Non-Binary,38,Guwahati,Guwahati,2024-03-27,Consumer,Organic Search
C010177,Pooja Reddy,Male,33,Jaipur,Jaipur,2024-11-05,Consumer,Social Media
C010178,Diya Mehta,Male,25,Delhi,Delhi,2025-08-25,Consumer,Social Media
C010179,Vikram Rao,Female,42,Bhubaneswar,Bhubaneswar,2024-07-27,Consumer,Marketplace
C010180,Riya Nair,Male,30,Chandigarh,Chandigarh,2025-04-26,Consumer,Paid Search
C010181,Ishaan Verma,Male,41,Lucknow,Lucknow,2023-11-24,Consumer,Organic Search
C010182,Krishna Chopra,Male,18,Kochi,Kochi,2022-06-23,Consumer,Email
C010183,Krishna Bose,Male,32,Kolkata,Kolkata,2025-03-21,Consumer,Marketplace
C010184,Sanya Verma,Female,18,Kolkata,Kolkata,2025-11-15,Consumer,Social Media
C010185,Krishna Mishra,Female,31,Delhi,Delhi,2022-05-16,Consumer,Email
C010186,Kabir Rao,Male,32,Indore,Indore,2025-12-16,Consumer,Referral
C010187,Isha Singh,Male,34,Visakhapatnam,Visakhapatnam,2022-12-25,Corporate,Organic Search
C010188,Manish Nair,Male,18,Mysuru,Mysuru,2023-10-18,Consumer,Paid Search
C010189,Rohan Shah,Female,25,Guwahati,Guwahati,2022-04-13,Home Office,Marketplace
C010190,Diya Nair,Male,28,Bengaluru,Bengaluru,2023-04-02,Consumer,Organic Search
C010191,Ishaan Malhotra,Female,30,Gurugram,Gurugram,2023-02-02,Consumer,Paid Search
C010192,Siddharth Patel,Male,39,Visakhapatnam,Visakhapatnam,2023-05-20,Consumer,Referral
C010193,Diya Yadav,Male,18,Lucknow,Lucknow,2025-04-01,Corporate,Paid Search
C010194,Krishna Bose,Male,30,Kolkata,Kolkata,2026-02-05,Consumer,Email
C010195,Aditi Kapoor,Unknown,21,Jaipur,Jaipur,2022-03-15,Consumer,Referral
C010196,Ishaan Kapoor,Female,41,Jaipur,Jaipur,2026-04-25,Consumer,Organic Search
C010197,Nisha Mehta,Female,49,Chandigarh,Chandigarh,2023-03-17,Consumer,Email
C010198,Ishaan Verma,Female,28,Visakhapatnam,Visakhapatnam,2023-07-20,Consumer,Referral
C010199,Krishna Joshi,Male,51,Chandigarh,Chandigarh,2024-01-30,Consumer,Email
C010200,Ananya Joshi,Male,18,Bengaluru,Bengaluru,2026-01-14,Consumer,Paid Search
C010201,Kabir Das,Female,36,Bhubaneswar,Bhubaneswar,2024-03-17,Corporate,Organic Search
C010202,Ishaan Mishra,Male,18,Indore,Indore,2025-03-19,Consumer,Social Media
C010203,Ananya Gupta,Female,24,Bengaluru,Bengaluru,2025-04-06,Home Office,Paid Search
C010204,Nisha Rao,Male,52,Gurugram,Gurugram,2024-07-31,Home Office,Affiliate
C010205,Rahul Joshi,Male,42,Pune,Pune,2024-08-07,Consumer,Referral
C010206,Priya Kumar,Female,41,Patna,Patna,2025-12-21,Corporate,Organic Search
C010207,Meera Nair,Male,32,Bhubaneswar,Bhubaneswar,2025-05-08,Home Office,Organic Search
C010208,Aditya Mishra,Female,44,Kochi,Kochi,2023-09-14,Consumer,Referral
C010209,Rohan Mehta,Female,38,Ahmedabad,Ahmedabad,2023-10-17,Consumer,Social Media
C010210,Diya Kapoor,Female,45,Jaipur,Jaipur,2024-10-12,Consumer,Paid Search
C010211,Nikhil Shah,Male,45,Nagpur,Nagpur,2023-10-18,Home Office,Paid Search
C010212,Rahul Kumar,Female,41,Visakhapatnam,Visakhapatnam,2026-02-11,Home Office,Social Media
C010213,Varun Kumar,Male,43,Delhi,Delhi,2022-11-15,Consumer,Organic Search
C010214,Krishna Patel,Female,25,Delhi,Delhi,2024-06-08,Consumer,Organic Search
C010215,Tanya Malhotra,Female,47,Mumbai,Mumbai,2024-06-08,Home Office,Referral
C010216,Manish Shah,Female,31,Jaipur,Jaipur,2026-07-28,Consumer,Organic Search
C010217,Sneha Chopra,Female,51,Chandigarh,Chandigarh,2024-11-12,Small Business,Referral
C010218,Vikram Kapoor,Female,46,Kochi,Kochi,2025-05-02,Consumer,Paid Search
C010219,Aarav Yadav,Male,38,Coimbatore,Coimbatore,2023-03-01,Small Business,Organic Search
C010220,Aarav Singh,Female,29,Indore,Indore,2023-03-03,Home Office,Paid Search
C010221,Sanya Malhotra,Male,35,Patna,Patna,2025-12-09,Consumer,Paid Search
C010222,Aditya Mishra,Male,33,Lucknow,Lucknow,2024-09-30,Corporate,Paid Search
C010223,Siddharth Chopra,Female,28,Mysuru,Mysuru,2022-11-06,Consumer,Email
C010224,Sneha Kapoor,Male,45,Patna,Patna,2025-06-05,Consumer,Organic Search
C010225,Sneha Mishra,Female,30,Gurugram,Gurugram,2022-05-10,Small Business,Paid Search
C010226,Aditya Shah,Female,24,Kochi,Kochi,2023-04-20,Consumer,Referral
C010227,Kabir Nair,Male,44,Kolkata,Kolkata,2025-05-04,Consumer,Social Media
C010228,Varun Yadav,Female,37,Gurugram,Gurugram,2025-06-11,Small Business,Social Media
C010229,Kabir Kumar,Female,37,Surat,Surat,2022-11-02,Consumer,Marketplace
C010230,Manish Yadav,Female,36,Delhi,Delhi,2022-03-14,Home Office,Email
C010231,Varun Kumar,Female,19,Mumbai,Mumbai,2025-02-14,Consumer,Email
C010232,Karan Rao,Female,27,Noida,Noida,2022-08-29,Consumer,Paid Search
C010233,Priya Verma,Male,34,Surat,Surat,2024-08-07,Small Business,Referral
C010234,Rohan Mishra,Male,42,Indore,Indore,2023-06-26,Consumer,Paid Search
C010235,Reyansh Patel,Male,42,Nagpur,Nagpur,2024-03-27,Corporate,Organic Search
C010236,Varun Gupta,Female,39,Surat,Surat,2024-01-03,Consumer,Organic Search
C010237,Varun Patel,Female,39,Gurugram,Gurugram,2025-01-23,Consumer,Marketplace
C010238,Varun Kumar,Female,18,Visakhapatnam,Visakhapatnam,2026-05-04,Corporate,Organic Search
C010239,Nisha Kumar,Female,40,Guwahati,Guwahati,2022-02-13,Consumer,Organic Search
C010240,Rohan Das,Male,38,Coimbatore,Coimbatore,2023-12-04,Home Office,Social Media
C010241,Nisha Rao,Female,30,Kochi,Kochi,,Consumer,Marketplace
C010242,Kavya Reddy,Female,30,Mysuru,Mysuru,2023-07-19,Consumer,Paid Search
C010243,Vikram Mehta,Male,18,Lucknow,Lucknow,2022-11-24,Corporate,Email
C010244,Isha Mehta,Male,40,Indore,Indore,2024-07-03,Home Office,Paid Search
C010245,Varun Iyer,Female,29,Indore,Indore,2024-07-19,Home Office,Social Media
C010246,Riya Joshi,Male,36,Lucknow,Lucknow,2023-02-03,Consumer,Organic Search
C010247,Kavya Gupta,Male,25,Bengaluru,Bengaluru,2024-10-31,Home Office,Social Media
C010248,Sneha Iyer,Male,48,Chennai,Chennai,2026-06-19,Consumer,Email
C010249,Isha Singh,Female,27,Bhopal,Bhopal,2025-05-29,Consumer,Referral
C010250,Priya Gupta,Male,29,Nagpur,Nagpur,2022-03-30,Consumer,Email
C010251,Neha Patel,Female,26,Kochi,Kochi,2025-04-26,Consumer,Organic Search
C010252,Sanya Bose,Male,53,Noida,Noida,2024-11-11,Small Business,Organic Search
C010253,Karan Gupta,Female,31,Chennai,Chennai,2023-04-16,Corporate,Social Media
C010254,Rohan Gupta,Female,45,Guwahati,Guwahati,2023-10-30,Home Office,Marketplace
C010255,Arjun Mehta,Female,38,Visakhapatnam,Visakhapatnam,2022-05-24,Corporate,Paid Search
C010256,Riya Gupta,Male,31,Indore,Indore,2022-03-04,Small Business,Paid Search
C010257,Isha Shah,Male,45,Surat,Surat,2026-04-17,Consumer,Affiliate
C010258,Vivaan Verma,Male,47,Patna,Patna,2024-12-07,Consumer,Paid Search
C010259,Rahul Iyer,Female,23,Hyderabad,Hyderabad,2026-06-07,Corporate,Organic Search
C010260,Rahul Shah,Female,30,Coimbatore,Coimbatore,2024-11-28,Consumer,Affiliate
C010261,Aditya Yadav,Female,33,Visakhapatnam,Visakhapatnam,2024-07-09,Consumer,Organic Search
C010262,Meera Iyer,Female,34,Bengaluru,Bengaluru,2025-09-30,Home Office,Marketplace
C010263,Neha Sharma,Male,43,Surat,Surat,2023-03-21,Consumer,Social Media
C010264,Siddharth Verma,Female,37,Bhopal,Bhopal,2026-03-04,Small Business,Email
C010265,Vivaan Nair,Female,22,Bhubaneswar,Bhubaneswar,2025-10-10,Consumer,Affiliate
C010266,Sanya Kumar,Female,38,Chennai,Chennai,2024-04-08,Consumer,Social Media
C010267,Tanya Kapoor,Male,39,Bhubaneswar,Bhubaneswar,2024-12-03,Consumer,Organic Search
C010268,Sanya Rao,Male,28,Ahmedabad,Ahmedabad,2024-08-07,Corporate,Social Media
C010269,Aditya Sharma,Female,42,Kolkata,Kolkata,2025-03-17,Consumer,Referral
C010270,Nisha Kapoor,Male,35,Coimbatore,Coimbatore,2026-04-19,Consumer,Paid Search
C010271,Vikram Sharma,Female,45,Noida,Noida,2026-06-02,Consumer,Paid Search
C010272,Vikram Kapoor,Female,24,Delhi,Delhi,2024-06-16,Consumer,Social Media
C010273,Aditya Nair,Female,36,Bengaluru,Bengaluru,2024-07-20,Consumer,Email
C010274,Neha Rao,Female,18,Jaipur,Jaipur,2023-10-19,Consumer,Paid Search
C010275,Krishna Shah,Female,40,Chennai,Chennai,2024-10-09,Consumer,Paid Search
C010276,Ishaan Malhotra,Male,32,Bengaluru,Bengaluru,2023-10-14,Consumer,Email
C010277,Kavya Reddy,Male,24,Noida,Noida,2023-03-14,Home Office,Organic Search
C010278,Krishna Kumar,Female,39,Bhubaneswar,Bhubaneswar,2025-07-27,Consumer,Social Media
C010279,Varun Patel,Female,56,Jaipur,Jaipur,2026-02-21,Corporate,Organic Search
C010280,Krishna Patel,Female,41,Bengaluru,Bengaluru,2022-06-14,Consumer,Marketplace
C010281,Riya Patel,Female,45,Chennai,Chennai,2026-01-18,Consumer,Paid Search
C010282,Vivaan Verma,Male,30,Surat,Surat,2026-05-02,Small Business,Paid Search
C010283,Kabir Chopra,Male,42,Chennai,Chennai,2026-07-27,Consumer,Organic Search
C010284,Sanya Sharma,Female,24,Kochi,Kochi,2022-05-23,Small Business,Marketplace
C010285,Karan Kapoor,Female,46,Gurugram,Gurugram,2025-05-14,Consumer,Email
C010286,Vivaan Yadav,Male,26,Mysuru,Mysuru,2024-01-11,Consumer,Organic Search
C010287,Priya Bose,Male,47,Mumbai,Mumbai,2022-07-16,Consumer,Referral
C010288,Aditya Chopra,Female,20,Noida,Noida,2023-07-28,Corporate,Organic Search
C010289,Aditya Yadav,Female,54,Bhopal,Bhopal,2022-11-27,Corporate,Organic Search
C010290,Riya Mishra,Male,18,Kochi,Kochi,2025-05-03,Corporate,Paid Search
C010291,Aditya Verma,Female,30,Indore,Indore,2025-08-23,Corporate,Paid Search
C010292,Siddharth Joshi,Female,40,Lucknow,Lucknow,2023-12-02,Consumer,Paid Search
C010293,Siddharth Bose,Male,34,Indore,Indore,2025-04-30,Consumer,Organic Search
C010294,Manish Patel,Female,25,Kochi,Kochi,2023-08-25,Home Office,Organic Search
C010295,Tanya Rao,Male,34,Pune,Pune,2024-01-03,Small Business,Marketplace
C010296,Rahul Verma,Female,18,Patna,Patna,2022-10-02,Consumer,Social Media
C010297,Siddharth Patel,Male,43,Ahmedabad,Ahmedabad,2026-05-19,Home Office,Referral
C010298,Aditi Kumar,Male,35,Noida,Noida,2025-06-06,Corporate,Paid Search
C010299,Arjun Yadav,Female,40,Coimbatore,Coimbatore,2023-10-19,Consumer,Referral
C010300,Nisha Nair,Male,44,Coimbatore,Coimbatore,2026-06-27,Consumer,Social Media
C010301,Nikhil Bose,Female,37,Jaipur,Jaipur,2023-04-01,Consumer,Email
C010302,Siddharth Joshi,Male,18,Nagpur,Nagpur,2023-02-26,Home Office,Organic Search
C010303,Rahul Das,Non-Binary,25,Gurugram,Gurugram,2023-03-09,Home Office,Organic Search
C010304,Rohan Bose,Female,18,Hyderabad,Hyderabad,2024-05-22,Consumer,Paid Search
C010305,Manish Shah,Female,40,Indore,Indore,2023-10-16,Consumer,Email
C010306,Aditi Verma,Male,42,Noida,Noida,2023-10-31,Corporate,Referral
C010307,Tanya Reddy,Female,26,Mysuru,Mysuru,2022-09-15,Corporate,Social Media
C010308,Manish Malhotra,Female,36,Kochi,Kochi,2025-09-07,Consumer,Referral
C010309,Pooja Patel,Female,35,Kolkata,Kolkata,2025-09-28,Consumer,Email
C010310,Siddharth Sharma,Female,38,Nagpur,Nagpur,,Home Office,Organic Search
C010311,Ishaan Chopra,Female,25,Guwahati,Guwahati,2024-05-15,Consumer,Referral
C010312,Tanya Sharma,Male,38,Jaipur,Jaipur,2025-10-28,Consumer,Paid Search
C010313,Karan Kumar,Female,34,Bengaluru,Bengaluru,2023-07-08,Consumer,Social Media
C010314,Riya Reddy,Female,40,Mysuru,Mysuru,2025-10-20,Corporate,Affiliate
C010315,Kavya Joshi,Female,18,Unknown,Unknown,2025-02-20,Consumer,Referral
C010316,Kabir Joshi,Female,39,Guwahati,Guwahati,2022-08-31,Corporate,Email
C010317,Varun Nair,Female,18,Patna,Patna,2023-05-01,Corporate,Affiliate
C010318,Aditya Malhotra,Male,26,Mumbai,Mumbai,2023-10-19,Consumer,Organic Search
C010319,Tanya Gupta,Female,34,Pune,Pune,2022-03-31,Consumer,Social Media
C010320,Varun Mishra,Male,20,Hyderabad,Hyderabad,2025-10-20,Consumer,Paid Search
C010321,Aditya Verma,Female,28,Chandigarh,Chandigarh,2025-09-27,Consumer,Marketplace
C010322,Diya Reddy,Female,20,Indore,Indore,2024-12-10,Consumer,Marketplace
C010323,Siddharth Yadav,Female,32,Chandigarh,Chandigarh,2023-05-28,Consumer,Paid Search
C010324,Neha Reddy,Female,46,Gurugram,Gurugram,2025-06-16,Consumer,Social Media
C010325,Aditi Bose,Female,47,Bhopal,Bhopal,2024-08-08,Consumer,Paid Search
C010326,Meera Verma,Male,33,Coimbatore,Coimbatore,2023-03-16,Consumer,Paid Search
C010327,Varun Das,Female,35,Surat,Surat,2023-01-06,Consumer,Paid Search
C010328,Reyansh Patel,Male,40,Surat,Surat,2025-06-07,Home Office,Email
C010329,Pooja Kapoor,Female,20,Jaipur,Jaipur,2023-05-28,Corporate,Marketplace
C010330,Rahul Patel,Female,29,Coimbatore,Coimbatore,2023-08-01,Corporate,Paid Search
C010331,Nikhil Iyer,Female,30,Kochi,Kochi,2024-06-20,Corporate,Email
C010332,Aditya Chopra,Male,39,Patna,Patna,2023-10-27,Consumer,Email
C010333,Priya Reddy,Female,44,Jaipur,Jaipur,2026-01-12,Consumer,Social Media
C010334,Diya Singh,Female,37,Pune,Pune,2024-07-09,Home Office,Organic Search
C010335,Kavya Gupta,Female,27,Mumbai,Mumbai,2024-03-31,Consumer,Email
C010336,Neha Patel,Female,18,Hyderabad,Hyderabad,2022-03-02,Consumer,Organic Search
C010337,Aarav Bose,Male,28,Bhubaneswar,Bhubaneswar,2025-08-09,Consumer,Marketplace
C010338,Meera Joshi,Female,31,Patna,Patna,2024-09-06,Corporate,Referral
C010339,Aditi Nair,Female,33,Mysuru,Mysuru,2026-01-07,Consumer,Referral
C010340,Tanya Sharma,Female,18,Pune,Pune,2022-12-11,Small Business,Social Media
C010341,Aditya Gupta,Male,21,Mumbai,Mumbai,2024-03-02,Consumer,Organic Search
C010342,Aditi Joshi,Female,40,Patna,Patna,2025-02-06,Small Business,Marketplace
C010343,Rohan Bose,Female,44,Patna,Patna,2024-01-16,Home Office,Marketplace
C010344,Diya Mishra,Female,18,Guwahati,Guwahati,2022-11-09,Consumer,Organic Search
C010345,Reyansh Yadav,Male,50,Ahmedabad,Ahmedabad,2022-06-08,Consumer,Organic Search
C010346,Isha Gupta,Female,31,Chandigarh,Chandigarh,2022-07-18,Corporate,Social Media
C010347,Varun Kumar,Male,45,Nagpur,Nagpur,2026-04-03,Consumer,Social Media
C010348,Vivaan Kapoor,Female,37,Chennai,Chennai,2025-12-11,Home Office,Social Media
C010349,Riya Joshi,Female,40,Hyderabad,Hyderabad,2023-11-27,Home Office,Marketplace
C010350,Manish Shah,Male,43,Bhopal,Bhopal,2022-01-29,Corporate,Organic Search
C010351,Neha Kumar,Unknown,48,Chennai,Chennai,2024-09-12,Corporate,Social Media
C010352,Siddharth Patel,Male,34,Indore,Indore,2022-08-02,Corporate,Paid Search
C010353,Krishna Malhotra,Non-Binary,49,Chandigarh,Chandigarh,2026-03-26,Consumer,Marketplace
C010354,Priya Verma,Male,34,Gurugram,Gurugram,2022-10-10,Consumer,Email
C010355,Siddharth Kapoor,Male,37,Delhi,Delhi,2025-05-01,Consumer,Social Media
C010356,Diya Chopra,Male,28,Bhopal,Bhopal,2026-01-03,Consumer,Email
C010357,Neha Iyer,Female,33,Kolkata,Kolkata,2024-02-03,Consumer,Organic Search
C010358,Nikhil Malhotra,Female,41,Mysuru,Mysuru,2024-11-14,Home Office,Marketplace
C010359,Diya Das,Male,30,Ahmedabad,Ahmedabad,2025-05-22,Corporate,Organic Search
C010360,Manish Joshi,Female,31,Noida,Noida,2025-08-03,Consumer,Social Media
C010361,Ishaan Kumar,Female,34,Patna,Patna,2026-04-24,Consumer,Organic Search
C010362,Riya Rao,Male,39,Chennai,Chennai,2023-04-18,Consumer,Organic Search
C010363,Aarav Chopra,Male,18,Gurugram,Gurugram,2022-04-30,Consumer,Social Media
C010364,Rohan Chopra,Female,26,Kolkata,Kolkata,2023-06-07,Home Office,Social Media
C010365,Arjun Nair,Female,41,Noida,Noida,2022-01-06,Home Office,Paid Search
C010366,Arjun Sharma,Female,44,Bengaluru,Bengaluru,2022-01-02,Consumer,Organic Search
C010367,Siddharth Das,Male,26,Mysuru,Mysuru,2025-09-16,Corporate,Referral
C010368,Karan Mehta,Male,30,Jaipur,Jaipur,2026-02-06,Corporate,Social Media
C010369,Manish Mishra,Male,40,Mumbai,Mumbai,2022-02-07,Consumer,Email
C010370,Ananya Mishra,Male,29,Kochi,Kochi,2023-06-18,Corporate,Organic Search
C010371,Diya Gupta,Male,18,Kochi,Kochi,2026-06-24,Consumer,Organic Search
C010372,Priya Kapoor,Male,28,Jaipur,Jaipur,2023-08-24,Home Office,Social Media
C010373,Manish Patel,Male,53,Pune,Pune,2024-01-05,Consumer,Paid Search
C010374,Sanya Yadav,Male,34,Lucknow,Lucknow,2023-08-14,Corporate,Social Media
C010375,Tanya Bose,Female,28,Mumbai,Mumbai,2026-01-10,Consumer,Marketplace
C010376,Krishna Rao,Non-Binary,42,Bengaluru,Bengaluru,2023-02-08,Corporate,Affiliate
C010377,Rohan Bose,Female,18,Ahmedabad,Ahmedabad,2024-06-04,Consumer,Social Media
C010378,Vikram Verma,Male,42,Bengaluru,Bengaluru,2023-07-11,Consumer,Paid Search
C010379,Sanya Mehta,Male,43,Chennai,Chennai,2024-09-07,Consumer,Referral
C010380,Ananya Sharma,Male,44,Lucknow,Lucknow,2023-06-04,Consumer,Organic Search
C010381,Pooja Rao,Female,21,Lucknow,Lucknow,2025-09-10,Consumer,Social Media
C010382,Diya Sharma,Female,27,Coimbatore,Coimbatore,2025-04-13,Consumer,Affiliate
C010383,Kabir Das,Male,24,Bhubaneswar,Bhubaneswar,2024-03-05,Consumer,Paid Search
C010384,Sneha Reddy,Female,26,Pune,Pune,2022-09-12,Home Office,Paid Search
C010385,Pooja Gupta,Female,28,Mysuru,Mysuru,2025-09-16,Consumer,Paid Search
C010386,Ishaan Sharma,Male,30,Bengaluru,Bengaluru,2022-07-14,Small Business,Social Media
C010387,Reyansh Bose,Male,43,Pune,Pune,2024-12-03,Small Business,Organic Search
C010388,Nikhil Patel,Male,22,Jaipur,Jaipur,2026-04-02,Consumer,Paid Search
C010389,Vivaan Kumar,Unknown,38,Visakhapatnam,Visakhapatnam,2025-01-23,Consumer,Social Media
C010390,Karan Mishra,Female,29,Bhubaneswar,Bhubaneswar,2022-03-25,Consumer,Organic Search
C010391,Karan Mehta,Male,32,Ahmedabad,Ahmedabad,2026-06-29,Consumer,Organic Search
C010392,Varun Rao,Female,30,Hyderabad,Hyderabad,2026-05-11,Consumer,Affiliate
C010393,Riya Das,Female,18,Noida,Noida,2022-02-07,Consumer,Organic Search
C010394,Karan Chopra,Male,40,Mumbai,Mumbai,2026-01-15,Consumer,Organic Search
C010395,Siddharth Singh,Male,18,Nagpur,Nagpur,2023-05-16,Consumer,Social Media
C010396,Meera Mishra,Female,38,Bengaluru,Bengaluru,2022-06-21,Corporate,Paid Search
C010397,Aarav Yadav,Female,18,Gurugram,Gurugram,2022-12-07,Consumer,Organic Search
C010398,Manish Malhotra,Male,18,Gurugram,Gurugram,2023-04-04,Corporate,Social Media
C010399,Isha Shah,Female,34,Noida,Noida,2022-04-30,Corporate,Email
C010400,Isha Shah,Female,30,Hyderabad,Hyderabad,2023-05-28,Consumer,Social Media
C010401,ARJUN SHAH,Female,46,Chennai,Chennai,2025-07-30,Consumer,Social Media
C010402,Neha Singh,Male,22,Gurugram,Gurugram,2026-01-10,Consumer,Organic Search
C010403,Priya Verma,Female,28,Kochi,Kochi,2023-05-30,Consumer,Referral
C010404,Aarav Shah,Male,43,Gurugram,Gurugram,2023-09-09,Consumer,Organic Search
C010405,Sneha Verma,Female,29,Mumbai,Mumbai,2022-07-28,Consumer,Organic Search
C010406,Ishaan Joshi,Female,41,Kolkata,Kolkata,2022-10-21,Consumer,Email
C010407,Neha Malhotra,Female,35,Jaipur,Jaipur,2022-02-06,Consumer,Referral
C010408,Nikhil Kumar,Male,34,Coimbatore,Coimbatore,2022-09-22,Consumer,Paid Search
C010409,Nisha Iyer,Female,30,Lucknow,Lucknow,2024-06-25,Small Business,Marketplace
C010410,Manish Chopra,Male,23,Patna,Patna,2024-11-19,Consumer,Affiliate
C010411,Ananya Nair,Female,25,Mysuru,Mysuru,2024-02-10,Consumer,Organic Search
C010412,Reyansh Singh,Female,21,Jaipur,Jaipur,2024-06-19,Corporate,Organic Search
C010413,Riya Chopra,Female,29,Mumbai,Mumbai,2025-02-19,Small Business,Organic Search
C010414,Sanya Kumar,Male,30,Mumbai,Mumbai,2025-06-07,Corporate,Email
C010415,Rahul Chopra,Male,18,Coimbatore,Coimbatore,2024-11-15,Home Office,Marketplace
C010416,Kavya Mishra,Male,31,Surat,Surat,2022-09-04,Consumer,Paid Search
C010417,Neha Kumar,Male,30,Pune,Pune,2023-12-30,Small Business,Organic Search
C010418,Vikram Malhotra,Male,33,Bengaluru,Bengaluru,2026-07-12,Consumer,Social Media
C010419,Rohan Iyer,Female,40,Kolkata,Kolkata,2022-04-22,Corporate,Organic Search
C010420,Ananya Gupta,Male,41,Jaipur,Jaipur,2022-04-25,Consumer,Email
C010421,Sneha Iyer,Female,20,Coimbatore,Coimbatore,2026-04-27,Consumer,Paid Search
C010422,Aditi Sharma,Female,35,Lucknow,Lucknow,2023-03-28,Consumer,Social Media
C010423,Tanya Nair,Male,26,Guwahati,Guwahati,2022-04-01,Consumer,Organic Search
C010424,Kabir Joshi,Female,28,Mysuru,Mysuru,2024-08-05,Consumer,Paid Search
C010425,NEHA KUMAR,Male,33,Nagpur,Nagpur,2022-05-08,Consumer,Organic Search
C010426,Ishaan Mehta,Female,26,Kochi,Kochi,2022-01-27,Corporate,Paid Search
C010427,Arjun Kumar,Female,42,Jaipur,Jaipur,2024-11-04,Consumer,Paid Search
C010428,Vivaan Chopra,Male,19,Pune,Pune,2024-12-15,Corporate,Organic Search
C010429,Riya Verma,Male,39,Chandigarh,Chandigarh,2025-12-19,Home Office,Social Media
C010430,Rahul Iyer,Male,44,Delhi,Delhi,2023-04-28,Corporate,Paid Search
C010431,Ishaan Bose,Non-Binary,33,Kochi,Kochi,2023-04-23,Consumer,Marketplace
C010432,Rohan Iyer,Male,25,Patna,Patna,2022-06-15,Home Office,Organic Search
C010433,Diya Nair,Male,42,Guwahati,Guwahati,2025-04-02,Home Office,Marketplace
C010434,Karan Mehta,Male,24,Kolkata,Kolkata,2022-11-11,Corporate,Marketplace
C010435,Pooja Joshi,Female,34,Delhi,Delhi,2023-02-02,Consumer,Paid Search
C010436,Arjun Gupta,Male,55,Nagpur,Nagpur,2022-06-15,Consumer,Paid Search
C010437,Isha Nair,Male,52,Lucknow,Lucknow,2022-02-16,Consumer,Referral
C010438,Ananya Verma,Male,38,Mumbai,Mumbai,2023-04-28,Consumer,Affiliate
C010439,Rohan Rao,Female,28,Pune,Pune,2026-06-15,Corporate,Organic Search
C010440,Ishaan Das,Male,19,Mumbai,Mumbai,2023-08-20,Consumer,Paid Search
C010441,Meera Kumar,Male,59,Patna,Patna,2024-10-13,Consumer,Organic Search
C010442,Aarav Chopra,Female,41,Lucknow,Lucknow,2024-06-04,Consumer,Referral
C010443,Sneha Nair,Male,47,Mysuru,Mysuru,2022-06-12,Consumer,Affiliate
C010444,Karan Reddy,Female,23,Jaipur,Jaipur,2022-04-04,Consumer,Social Media
C010445,Karan Yadav,Non-Binary,54,Mumbai,Mumbai,2022-07-02,Consumer,Organic Search
C010446,Meera Kapoor,Male,33,Lucknow,Lucknow,2023-07-14,Consumer,Marketplace
C010447,Rohan Sharma,Male,36,Chandigarh,Chandigarh,2023-02-12,Consumer,Email
C010448,Aarav Malhotra,Female,18,Gurugram,Gurugram,2025-11-07,Home Office,Organic Search
C010449,Aditya Joshi,Male,23,Hyderabad,Hyderabad,2026-04-14,Small Business,Paid Search
C010450,Kabir Iyer,Male,39,Indore,Indore,2024-04-28,Consumer,Organic Search
C010451,Manish Shah,Male,20,Noida,Noida,2025-12-03,Consumer,Social Media
C010452,Rahul Das,Female,52,Chandigarh,Chandigarh,2024-05-07,Corporate,Social Media
C010453,Siddharth Iyer,Female,18,Kolkata,Kolkata,2022-02-25,Consumer,Organic Search
C010454,Neha Reddy,Male,20,Coimbatore,Coimbatore,2023-10-29,Home Office,Paid Search
C010455,Vikram Singh,Male,19,Chennai,Chennai,2026-07-19,Consumer,Organic Search
C010456,Riya Malhotra,Unknown,44,Coimbatore,Coimbatore,2025-09-11,Consumer,Email
C010457,Neha Shah,Female,46,Lucknow,Lucknow,2022-05-15,Consumer,Organic Search
C010458,Sanya Sharma,Female,44,Indore,Indore,2024-12-27,Consumer,Email
C010459,Reyansh Iyer,Female,57,Jaipur,Jaipur,2022-02-03,Consumer,Organic Search
C010460,Aarav Shah,Female,61,Mumbai,Mumbai,2023-10-16,Consumer,Email
C010461,Meera Patel,Female,35,Delhi,Delhi,2024-10-19,Consumer,Marketplace
C010462,Vikram Kumar,Non-Binary,37,Nagpur,Nagpur,2025-12-27,Consumer,Email
C010463,Siddharth Kapoor,Male,45,Nagpur,Nagpur,2023-06-04,Consumer,Organic Search
C010464,Riya Chopra,Male,40,Guwahati,Guwahati,2023-09-08,Consumer,Organic Search
C010465,Reyansh Sharma,Female,39,Chennai,Chennai,2023-03-31,Consumer,Paid Search
C010466,Ishaan Singh,Female,45,Kochi,Kochi,2025-01-10,Consumer,Organic Search
C010467,Krishna Kumar,Male,32,Mysuru,Mysuru,2025-10-10,Consumer,Email
C010468,Sneha Patel,Male,54,Ahmedabad,Ahmedabad,2025-06-14,Corporate,Marketplace
C010469,Aditya Mehta,Male,38,Mysuru,Mysuru,2024-12-09,Consumer,Referral
C010470,Vivaan Bose,Male,31,Coimbatore,Coimbatore,2025-05-25,Small Business,Referral
C010471,Krishna Verma,Female,36,Kochi,Kochi,2024-09-03,Consumer,Organic Search
C010472,Neha Shah,Female,42,Visakhapatnam,Visakhapatnam,2023-06-01,Corporate,Organic Search
C010473,Pooja Yadav,Female,21,Kolkata,Kolkata,2024-06-29,Consumer,Social Media
C010474,Aditi Bose,Female,39,Bhopal,Bhopal,2026-01-06,Consumer,Social Media
C010475,Tanya Gupta,Female,47,Bhopal,Bhopal,2023-07-21,Corporate,Paid Search
C010476,Ishaan Verma,Female,32,Guwahati,Guwahati,2022-09-02,Consumer,Marketplace
C010477,Sanya Kapoor,Female,42,Patna,Patna,2025-04-22,Corporate,Paid Search
C010478,Meera Mehta,Female,22,Indore,Indore,2023-10-22,Consumer,Social Media
C010479,Rohan Sharma,Male,37,Surat,Surat,2022-08-27,Consumer,Email
C010480,Aarav Rao,Female,54,Kochi,Kochi,2024-11-30,Corporate,Social Media
C010481,Vivaan Joshi,Female,34,Bhubaneswar,Bhubaneswar,2022-02-13,Home Office,Referral
C010482,Aarav Kumar,Male,41,Chennai,Chennai,2022-08-25,Consumer,Paid Search
C010483,Vikram Malhotra,Female,41,Jaipur,Jaipur,2025-05-04,Corporate,Social Media
C010484,Nisha Gupta,Male,20,Lucknow,Lucknow,2025-07-18,Corporate,Paid Search
C010485,Sanya Bose,Male,56,Mumbai,Mumbai,2022-10-21,Corporate,Email
C010486,Rohan Iyer,Female,44,Guwahati,Guwahati,2024-07-01,Home Office,Organic Search
C010487,Arjun Joshi,Male,36,Unknown,Unknown,2023-10-06,Consumer,Paid Search
C010488,Aarav Yadav,Male,31,Chandigarh,Chandigarh,2023-12-22,Consumer,Organic Search
C010489,Diya Gupta,Male,41,Coimbatore,Coimbatore,2023-09-21,Corporate,Paid Search
C010490,Kabir Joshi,Female,24,Gurugram,Gurugram,2022-12-13,Consumer,Organic Search
C010491,Neha Reddy,Male,53,Hyderabad,Hyderabad,2024-05-20,Consumer,Organic Search
C010492,KRISHNA KAPOOR,Female,35,Pune,Pune,2025-10-19,Consumer,Paid Search
C010493,Sneha Nair,Female,51,Pune,Pune,2024-07-18,Corporate,Marketplace
C010494,Diya Sharma,Male,36,Delhi,Delhi,2024-11-27,Consumer,Social Media
C010495,Rohan Patel,Female,24,Pune,Pune,2025-02-27,Consumer,Referral
C010496,Tanya Reddy,Female,42,Kolkata,Kolkata,2023-06-16,Corporate,Email
C010497,Varun Sharma,Non-Binary,33,Noida,Noida,2022-06-16,Consumer,Social Media
C010498,Varun Singh,Male,36,Ahmedabad,Ahmedabad,2022-10-08,Home Office,Organic Search
C010499,Manish Joshi,Male,18,Nagpur,Nagpur,2022-03-04,Consumer,Paid Search
C010500,Manish Gupta,Female,18,Hyderabad,Hyderabad,2024-02-23,Consumer,Affiliate
C010501,Aarav Das,Female,21,Delhi,Delhi,2025-07-23,Consumer,Social Media
C010502,Aditi Malhotra,Male,41,Bhopal,Bhopal,2024-08-29,Consumer,Affiliate
C010503,Aditi Malhotra,Female,28,Bengaluru,Bengaluru,2023-04-20,Consumer,Marketplace
C010504,Tanya Mehta,Male,24,Hyderabad,Hyderabad,2025-01-16,Consumer,Organic Search
C010505,Aarav Verma,Male,41,Gurugram,Gurugram,2023-10-26,Consumer,Organic Search
C010506,Tanya Sharma,Male,33,Nagpur,Nagpur,2026-06-05,Consumer,Marketplace
C010507,Karan Chopra,Male,49,Kolkata,Kolkata,2026-01-31,Home Office,Affiliate
C010508,Karan Kapoor,Male,31,Jaipur,Jaipur,2023-12-04,Consumer,Paid Search
C010509,Tanya Kumar,Female,32,Bengaluru,Bengaluru,2023-01-22,Corporate,Organic Search
C010510,Aditya Singh,Male,20,Pune,Pune,2024-02-23,Corporate,Social Media
C010511,Kabir Bose,Female,25,Bhopal,Bhopal,2023-08-19,Consumer,Social Media
C010512,Kavya Joshi,Female,29,Patna,Patna,2023-06-10,Consumer,Email
C010513,Riya Mehta,Female,21,Delhi,Delhi,2024-11-24,Home Office,Email
C010514,Aditi Verma,Male,66,Bhopal,Bhopal,2024-04-17,Consumer,Paid Search
C010515,Krishna Joshi,Male,39,Bengaluru,Bengaluru,2022-07-29,Home Office,Paid Search
C010516,Ishaan Shah,Female,38,Mumbai,Mumbai,2023-10-07,Small Business,Social Media
C010517,Aditya Gupta,Female,65,Indore,Indore,2025-10-19,Consumer,Email
C010518,Ananya Shah,Male,34,Kolkata,Kolkata,2022-10-31,Home Office,Organic Search
C010519,Meera Iyer,Female,37,Bhopal,Bhopal,2026-04-14,Consumer,Referral
C010520,Rohan Patel,Male,21,Jaipur,Jaipur,2024-12-12,Corporate,Referral
C010521,Varun Verma,Female,29,Mumbai,Mumbai,2024-06-29,Consumer,Referral
C010522,Isha Joshi,Female,29,Bhopal,Bhopal,2022-07-01,Consumer,Marketplace
C010523,Kabir Das,Female,45,Kochi,Kochi,2022-03-20,Consumer,Affiliate
C010524,Ishaan Kapoor,Male,43,Coimbatore,Coimbatore,2022-12-04,Corporate,Social Media
C010525,Diya Rao,Male,18,Pune,Pune,2025-08-28,Home Office,Paid Search
C010526,Meera Mishra,Female,25,Mumbai,Mumbai,2026-01-13,Consumer,Social Media
C010527,Rohan Bose,Male,34,Kochi,Kochi,2025-06-24,Consumer,Social Media
C010528,Kavya Patel,Male,34,Delhi,Delhi,2026-04-12,Consumer,Affiliate
C010529,Reyansh Mishra,Male,43,Gurugram,Gurugram,2024-08-16,Corporate,Marketplace
C010530,Meera Joshi,Female,25,Delhi,Delhi,2025-05-27,Consumer,Organic Search
C010531,Sneha Mehta,Female,37,Chennai,Chennai,2025-04-25,Consumer,Social Media
C010532,Rohan Singh,Male,25,Indore,Indore,2023-10-26,Corporate,Paid Search
C010533,Kabir Mishra,Female,38,Guwahati,Guwahati,2025-03-16,Consumer,Marketplace
C010534,Pooja Bose,Male,18,Noida,Noida,2026-01-17,Unknown,Marketplace
C010535,Sneha Shah,Male,35,Mumbai,Mumbai,2025-03-23,Corporate,Referral
C010536,Meera Rao,Female,31,Ahmedabad,Ahmedabad,2025-05-04,Consumer,Referral
C010537,Meera Mishra,Male,18,Surat,Surat,2023-12-11,Consumer,Organic Search
C010538,Krishna Singh,Male,18,Ahmedabad,Ahmedabad,2025-07-08,Home Office,Email
C010539,Vivaan Sharma,Male,18,Nagpur,Nagpur,2022-10-19,Home Office,Referral
C010540,Riya Mishra,Female,34,Hyderabad,Hyderabad,2025-12-20,Consumer,Social Media
C010541,Meera Nair,Male,34,Indore,Indore,2022-02-16,Consumer,Organic Search
C010542,Nikhil Malhotra,Male,47,Kolkata,Kolkata,2026-01-17,Consumer,Referral
C010543,Krishna Mehta,Female,41,Patna,Patna,2024-12-30,Consumer,Paid Search
C010544,Kabir Rao,Male,22,Bhopal,Bhopal,2024-09-05,Corporate,Social Media
C010545,Diya Gupta,Male,27,Chandigarh,Chandigarh,2023-08-06,Corporate,Email
C010546,Arjun Patel,Male,21,Noida,Noida,2024-03-07,Corporate,Social Media
C010547,Neha Mehta,Male,46,Mysuru,Mysuru,2025-02-15,Small Business,Affiliate
C010548,Kabir Shah,Male,37,Indore,Indore,2023-07-21,Corporate,Social Media
C010549,Aarav Chopra,Female,35,Chandigarh,Chandigarh,2023-03-08,Consumer,Organic Search
C010550,Krishna Reddy,Female,38,Kochi,Kochi,2022-01-24,Consumer,Social Media
C010551,Varun Mishra,Male,36,Bhubaneswar,Bhubaneswar,2024-02-28,Small Business,Paid Search
C010552,Arjun Malhotra,Male,57,Gurugram,Gurugram,2024-05-19,Consumer,Paid Search
C010553,Vivaan Nair,Male,37,Jaipur,Jaipur,2025-11-07,Consumer,Referral
C010554,Aditi Chopra,Male,39,Patna,Patna,2022-01-06,Corporate,Marketplace
C010555,Ananya Mishra,Female,22,Ahmedabad,Ahmedabad,2023-02-17,Consumer,Paid Search
C010556,Ishaan Kapoor,Male,57,Ahmedabad,Ahmedabad,2026-06-24,Consumer,Social Media
C010557,Arjun Bose,Male,19,Ahmedabad,Ahmedabad,2024-02-21,Consumer,Social Media
C010558,Ishaan Gupta,Female,18,Mysuru,Mysuru,2026-05-16,Consumer,Email
C010559,Aditi Shah,Male,42,Surat,Surat,2024-02-06,Home Office,Social Media
C010560,Rahul Iyer,Female,40,Lucknow,Lucknow,2026-01-26,Consumer,Referral
C010561,Ishaan Malhotra,Female,28,Nagpur,Nagpur,2026-05-08,Corporate,Paid Search
C010562,Meera Sharma,Male,19,Gurugram,Gurugram,2026-07-26,Corporate,Organic Search
C010563,Vivaan Patel,Male,29,Pune,Pune,2025-12-20,Small Business,Organic Search
C010564,Nisha Kapoor,Female,42,Bengaluru,Bengaluru,2025-05-14,Home Office,Affiliate
C010565,Isha Kapoor,Male,38,Ahmedabad,Ahmedabad,2025-07-01,Home Office,Referral
C010566,Aditya Mishra,Female,27,Bengaluru,Bengaluru,2024-09-01,Consumer,Social Media
C010567,Riya Mehta,Male,18,Bhopal,Bhopal,2022-12-12,Consumer,Organic Search
C010568,Aditi Singh,Female,29,Visakhapatnam,Visakhapatnam,2022-10-31,Consumer,Social Media
C010569,Vivaan Verma,Female,37,Guwahati,Guwahati,2022-04-24,Consumer,Organic Search
C010570,Ananya Kapoor,Male,36,Bengaluru,Bengaluru,2023-02-20,Consumer,Affiliate
C010571,Manish Mehta,Female,39,Kolkata,Kolkata,2025-12-01,Consumer,Affiliate
C010572,Priya Iyer,Male,35,Kochi,Kochi,2023-12-14,Corporate,Social Media
C010573,Reyansh Reddy,Female,29,Chandigarh,Chandigarh,2025-07-10,Home Office,Organic Search
C010574,Ishaan Shah,Female,20,Indore,Indore,2025-11-28,Small Business,Organic Search
C010575,Varun Das,Male,32,Coimbatore,Coimbatore,2024-12-24,Home Office,Email
C010576,Siddharth Chopra,Male,53,Chandigarh,Chandigarh,2025-09-13,Consumer,Marketplace
C010577,Vivaan Singh,Male,48,Kochi,Kochi,2026-05-26,Consumer,Social Media
C010578,Isha Das,Female,25,Kolkata,Kolkata,2026-07-05,Consumer,Social Media
C010579,Diya Rao,Male,51,Lucknow,Lucknow,2025-05-11,Consumer,Organic Search
C010580,Manish Reddy,Female,23,Mysuru,Mysuru,2023-05-17,Consumer,Referral
C010581,Neha Malhotra,Female,30,Coimbatore,Coimbatore,2022-04-10,Consumer,Organic Search
C010582,Pooja Gupta,Female,39,Lucknow,Lucknow,2022-10-20,Consumer,Organic Search
C010583,Neha Joshi,Male,26,Visakhapatnam,Visakhapatnam,2023-04-21,Consumer,Referral
C010584,Arjun Iyer,Female,48,Indore,Indore,2024-08-15,Corporate,Referral
C010585,Meera Chopra,Male,41,Bhubaneswar,Bhubaneswar,2023-06-05,Consumer,Paid Search
C010586,Aditya Joshi,Male,48,Coimbatore,Coimbatore,2023-03-25,Consumer,Social Media
C010587,Neha Gupta,Female,45,Jaipur,Jaipur,2024-03-15,Small Business,Organic Search
C010588,Tanya Gupta,Male,35,Pune,Pune,2023-07-29,Consumer,Referral
C010589,Rohan Mehta,Female,46,Chennai,Chennai,2025-02-22,Corporate,Social Media
C010590,Unknown,Female,18,Nagpur,Nagpur,2025-03-19,Small Business,Organic Search
C010591,Sneha Gupta,Non-Binary,44,Kochi,Kochi,2022-06-13,Home Office,Organic Search
C010592,Nikhil Nair,Male,18,Coimbatore,Coimbatore,2026-03-23,Consumer,Paid Search
C010593,Rohan Sharma,Male,21,Kochi,Kochi,2023-05-18,Corporate,Paid Search
C010594,Krishna Singh,Male,48,Hyderabad,Hyderabad,2026-01-06,Consumer,Organic Search
C010595,Neha Singh,Female,18,Lucknow,Lucknow,2025-01-03,Consumer,Paid Search
C010596,Isha Gupta,Male,41,Bhopal,Bhopal,2022-10-28,Consumer,Organic Search
C010597,Isha Malhotra,Female,33,Chandigarh,Chandigarh,2022-04-17,Consumer,Paid Search
C010598,Ishaan Verma,Male,34,Guwahati,Guwahati,2022-02-16,Corporate,Organic Search
C010599,Karan Das,Male,24,Ahmedabad,Ahmedabad,2023-08-05,Home Office,Organic Search
C010600,Rohan Iyer,Male,27,Gurugram,Gurugram,2022-04-05,Consumer,Social Media
C010601,Arjun Joshi,Male,18,Pune,Pune,2023-10-15,Home Office,Paid Search
C010602,Isha Bose,Female,41,Chandigarh,Chandigarh,2025-03-13,Consumer,Email
C010603,Rahul Sharma,Male,18,Gurugram,Gurugram,2022-07-06,Consumer,Referral
C010604,Neha Rao,Male,33,Patna,Patna,2024-10-29,Consumer,Organic Search
C010605,Siddharth Kumar,Non-Binary,29,Pune,Pune,2025-02-04,Small Business,Marketplace
C010606,Karan Sharma,Male,35,Guwahati,Guwahati,2025-04-22,Consumer,Paid Search
C010607,Manish Reddy,Male,18,Coimbatore,Coimbatore,2023-11-07,Consumer,Marketplace
C010608,Neha Patel,Female,26,Lucknow,Lucknow,2023-10-28,Home Office,Social Media
C010609,Rahul Mehta,Female,32,Bhopal,Bhopal,2023-04-12,Consumer,Paid Search
C010610,Rohan Malhotra,Female,41,Hyderabad,Hyderabad,2022-04-18,Corporate,Social Media
C010611,Ananya Iyer,Female,25,Visakhapatnam,Visakhapatnam,2023-04-21,Consumer,Email
C010612,Nikhil Patel,Male,38,Chandigarh,Chandigarh,2026-01-26,Home Office,Paid Search
C010613,Kavya Bose,Male,34,Mumbai,Mumbai,2023-08-10,Small Business,Social Media
C010614,Karan Rao,Non-Binary,33,Visakhapatnam,Visakhapatnam,2026-02-21,Home Office,Marketplace
C010615,Aarav Sharma,Female,38,Noida,Noida,2023-06-12,Small Business,Paid Search
C010616,Ananya Singh,Male,50,Bhubaneswar,Bhubaneswar,2024-12-31,Consumer,Social Media
C010617,Vikram Malhotra,Female,44,Visakhapatnam,Visakhapatnam,2025-09-25,Consumer,Paid Search
C010618,Priya Yadav,Non-Binary,27,Guwahati,Guwahati,2026-06-13,Corporate,Marketplace
C010619,Rahul Patel,Male,18,Visakhapatnam,Visakhapatnam,2023-04-14,Consumer,Organic Search
C010620,Kabir Iyer,Female,47,Chandigarh,Chandigarh,2026-02-04,Consumer,Marketplace
C010621,Sanya Joshi,Female,38,Ahmedabad,Ahmedabad,2023-01-01,Consumer,Social Media
C010622,Krishna Kumar,Male,31,Noida,Noida,2024-02-15,Consumer,Social Media
C010623,Neha Malhotra,Female,36,Kochi,Kochi,2022-09-11,Consumer,Email
C010624,Vikram Nair,Female,43,Coimbatore,Coimbatore,2022-05-26,Consumer,Organic Search
C010625,Krishna Malhotra,Male,18,Surat,Surat,2023-01-02,Consumer,Organic Search
C010626,Nikhil Iyer,Female,35,Visakhapatnam,Visakhapatnam,2024-12-23,Corporate,Paid Search
C010627,Arjun Rao,Male,36,Pune,Pune,2023-06-01,Corporate,Social Media
C010628,Isha Mehta,Male,18,Nagpur,Nagpur,2024-04-28,Home Office,Social Media
C010629,Rahul Das,Female,42,Guwahati,Guwahati,2026-03-23,Consumer,Marketplace
C010630,Pooja Chopra,Female,33,Indore,Indore,2022-10-24,Home Office,Organic Search
C010631,aditi rao,Male,35,Chandigarh,Chandigarh,2022-10-01,Consumer,Social Media
C010632,Pooja Mishra,Female,18,Noida,Noida,2025-09-16,Home Office,Referral
C010633,Vikram Shah,Female,47,Kolkata,Kolkata,2024-09-13,Consumer,Paid Search
C010634,Vivaan Malhotra,Male,31,Jaipur,Jaipur,2024-07-17,Consumer,Paid Search
C010635,Kabir Sharma,Male,28,Bengaluru,Bengaluru,2023-04-24,Consumer,Paid Search
C010636,Siddharth Sharma,Male,38,Delhi,Delhi,2022-10-06,Home Office,Organic Search
C010637,Neha Mishra,Male,28,Indore,Indore,2022-11-18,Consumer,Paid Search
C010638,Rohan Singh,Male,34,Chennai,Chennai,2023-02-15,Consumer,Paid Search
C010639,Priya Das,Male,21,Unknown,Unknown,2025-05-22,Consumer,Social Media
C010640,Vivaan Iyer,Female,38,Pune,Pune,2024-01-11,Consumer,Marketplace
C010641,Ananya Das,Male,29,Gurugram,Gurugram,2026-04-04,Consumer,Email
C010642,Manish Mehta,Male,39,Mysuru,Mysuru,2024-01-03,Home Office,Organic Search
C010643,Rahul Gupta,Male,48,Jaipur,Jaipur,2023-07-28,Consumer,Email
C010644,Kabir Kapoor,Male,54,Mumbai,Mumbai,2022-02-17,Consumer,Referral
C010645,Ishaan Malhotra,Female,47,Indore,Indore,2024-12-30,Corporate,Organic Search
C010646,Reyansh Singh,Female,37,Bengaluru,Bengaluru,2024-04-19,Consumer,Organic Search
C010647,Rohan Mishra,Male,42,Mysuru,Mysuru,2025-09-12,Consumer,Social Media
C010648,Vivaan Chopra,Male,43,Visakhapatnam,Visakhapatnam,2023-07-10,Consumer,Organic Search
C010649,Arjun Das,Female,22,Hyderabad,Hyderabad,2023-04-20,Small Business,Social Media
C010650,Krishna Mehta,Male,19,Patna,Patna,2024-01-22,Consumer,Organic Search
C010651,Ananya Nair,Male,44,Bhubaneswar,Bhubaneswar,2024-07-14,Consumer,Referral
C010652,Arjun Sharma,Female,18,Bhubaneswar,Bhubaneswar,2025-05-30,Small Business,Social Media
C010653,Nisha Das,Male,34,Indore,Indore,2024-03-04,Consumer,Paid Search
C010654,Rahul Malhotra,Male,28,Kochi,Kochi,2026-07-05,Consumer,Paid Search
C010655,Aarav Gupta,Female,37,Patna,Patna,2022-08-14,Consumer,Paid Search
C010656,Isha Reddy,Male,34,Indore,Indore,2023-08-07,Consumer,Organic Search
C010657,Aditya Reddy,Male,40,Hyderabad,Hyderabad,2024-03-27,Consumer,Organic Search
C010658,Nikhil Singh,Female,60,Bhopal,Bhopal,2023-06-16,Consumer,Organic Search
C010659,Kabir Mishra,Male,27,Lucknow,Lucknow,2023-06-19,Consumer,Affiliate
C010660,Kabir Gupta,Male,40,Ahmedabad,Ahmedabad,2025-02-27,Corporate,Organic Search
C010661,Rohan Reddy,Female,31,Ahmedabad,Ahmedabad,2023-10-27,Corporate,Organic Search
C010662,Aditi Kapoor,Female,28,Surat,Surat,2025-08-17,Consumer,Social Media
C010663,Kavya Verma,Male,35,Mumbai,Mumbai,2022-01-23,Corporate,Marketplace
C010664,Manish Sharma,Male,44,Kochi,Kochi,2022-09-20,Consumer,Organic Search
C010665,Sanya Mehta,Female,32,Lucknow,Lucknow,2025-10-27,Home Office,Paid Search
C010666,Priya Malhotra,Male,38,Hyderabad,Hyderabad,2026-01-07,Consumer,Referral
C010667,Karan Mehta,Male,26,Chandigarh,Chandigarh,2026-02-04,Corporate,Organic Search
C010668,Isha Reddy,Female,40,Chandigarh,Chandigarh,2022-04-23,Home Office,Affiliate
C010669,Kavya Iyer,Female,21,Bhubaneswar,Bhubaneswar,2025-08-17,Consumer,Referral
C010670,Krishna Chopra,Male,42,Delhi,Delhi,2024-07-29,Consumer,Paid Search
C010671,Tanya Sharma,Female,30,Bhopal,Bhopal,2025-08-02,Home Office,Marketplace
C010672,Krishna Shah,Male,24,Kolkata,Kolkata,2025-01-29,Consumer,Social Media
C010673,Siddharth Kapoor,Male,24,Kolkata,Kolkata,2022-04-18,Consumer,Organic Search
C010674,Aditya Patel,Female,25,Mysuru,Mysuru,2026-03-26,Consumer,Paid Search
C010675,Pooja Das,Female,38,Lucknow,Lucknow,2024-04-02,Consumer,Marketplace
C010676,Unknown,Male,35,Gurugram,Gurugram,2022-02-24,Consumer,Organic Search
C010677,Aditi Shah,Male,20,Chennai,Chennai,2023-05-25,Consumer,Social Media
C010678,Vikram Kapoor,Male,43,Pune,Pune,2026-03-10,Consumer,Marketplace
C010679,Isha Mehta,Female,27,Nagpur,Nagpur,2026-03-18,Consumer,Social Media
C010680,Ishaan Das,Male,33,Hyderabad,Hyderabad,2025-01-09,Corporate,Social Media
C010681,Pooja Iyer,Female,32,Ahmedabad,Ahmedabad,2022-10-20,Corporate,Organic Search
C010682,Isha Chopra,Male,39,Patna,Patna,2022-09-25,Consumer,Organic Search
C010683,Meera Singh,Male,39,Chennai,Chennai,2023-05-07,Corporate,Social Media
C010684,Ishaan Patel,Female,25,Ahmedabad,Ahmedabad,2022-10-13,Home Office,Organic Search
C010685,Ishaan Patel,Male,30,Kochi,Kochi,2023-09-10,Consumer,Organic Search
C010686,Varun Shah,Male,27,Mysuru,Mysuru,2025-05-11,Home Office,Organic Search
C010687,Neha Yadav,Male,43,Surat,Surat,2023-09-09,Consumer,Organic Search
C010688,Neha Singh,Male,18,Chandigarh,Chandigarh,2022-03-23,Consumer,Organic Search
C010689,Priya Nair,Male,41,Mysuru,Mysuru,2022-11-07,Consumer,Email
C010690,Neha Shah,Male,44,Kochi,Kochi,2023-01-14,Consumer,Social Media
C010691,Riya Verma,Male,36,Coimbatore,Coimbatore,2023-08-06,Consumer,Paid Search
C010692,Varun Das,Female,36,Mysuru,Mysuru,2024-10-11,Consumer,Organic Search
C010693,Ishaan Singh,Male,54,Mysuru,Mysuru,2025-05-21,Consumer,Organic Search
C010694,Rohan Nair,Male,30,Visakhapatnam,Visakhapatnam,2026-03-17,Consumer,Social Media
C010695,Diya Mehta,Female,31,Bhopal,Bhopal,2022-07-21,Corporate,Social Media
C010696,Isha Singh,Male,29,Chennai,Chennai,2023-02-21,Consumer,Referral
C010697,Ananya Mehta,Male,24,Jaipur,Jaipur,2024-02-14,Small Business,Paid Search
C010698,Kavya Rao,Female,18,Kochi,Kochi,2023-09-08,Corporate,Social Media
C010699,Manish Mishra,Male,37,Coimbatore,Coimbatore,2026-06-02,Consumer,Marketplace
C010700,Sneha Bose,Female,56,Lucknow,Lucknow,2026-02-01,Small Business,Organic Search
C010701,Arjun Iyer,Female,47,Ahmedabad,Ahmedabad,2024-07-17,Consumer,Marketplace
C010702,Neha Singh,Female,45,Bhubaneswar,Bhubaneswar,2023-08-28,Consumer,Social Media
C010703,Diya Bose,Male,22,Chandigarh,Chandigarh,2024-08-16,Consumer,Paid Search
C010704,Vivaan Sharma,Male,34,Bhubaneswar,Bhubaneswar,2026-07-20,Consumer,Organic Search
C010705,Rahul Bose,Female,38,Lucknow,Lucknow,2022-01-01,Consumer,Social Media
C010706,Riya Reddy,Female,32,Mysuru,Mysuru,2023-11-29,Corporate,Referral
C010707,Vivaan Mishra,Male,37,Pune,Pune,2025-03-10,Corporate,Social Media
C010708,Karan Mehta,Female,29,Chennai,Chennai,2023-08-18,Consumer,Referral
C010709,Tanya Yadav,Female,28,Gurugram,Gurugram,2025-08-24,Consumer,Organic Search
C010710,Nisha Verma,Male,18,Pune,Pune,2022-08-10,Consumer,Referral
C010711,Pooja Kapoor,Female,18,Chennai,Chennai,2024-01-17,Consumer,Social Media
C010712,Arjun Rao,Female,29,Hyderabad,Hyderabad,2022-02-10,Small Business,Marketplace
C010713,Reyansh Bose,Female,44,Indore,Indore,2023-01-13,Consumer,Marketplace
C010714,Diya Rao,Male,57,Hyderabad,Hyderabad,2025-03-07,Corporate,Paid Search
C010715,Varun Gupta,Male,35,Kochi,Kochi,2024-05-03,Consumer,Referral
C010716,Nikhil Kapoor,Male,23,Bhopal,Bhopal,2022-09-05,Consumer,Organic Search
C010717,Riya Bose,Female,40,Lucknow,Lucknow,2023-11-26,Small Business,Organic Search
C010718,Ananya Shah,Male,18,Chandigarh,Chandigarh,2026-05-18,Small Business,Affiliate
C010719,Tanya Shah,Female,49,Chandigarh,Chandigarh,2022-12-21,Consumer,Social Media
C010720,Kabir Shah,Male,25,Jaipur,Jaipur,2023-10-01,Consumer,Organic Search
C010721,Sneha Yadav,Male,18,Chandigarh,Chandigarh,2025-09-19,Corporate,Organic Search
C010722,Tanya Joshi,Male,39,Guwahati,Guwahati,2024-04-13,Consumer,Organic Search
C010723,Priya Reddy,Female,39,Hyderabad,Hyderabad,2026-05-29,Consumer,Social Media
C010724,Aditi Mishra,Male,33,Hyderabad,Hyderabad,2023-04-06,Consumer,Email
C010725,Sneha Das,Male,25,Bengaluru,Bengaluru,2022-10-24,Small Business,Social Media
C010726,Priya Singh,Female,30,Bhubaneswar,Bhubaneswar,2024-09-12,Corporate,Affiliate
C010727,Meera Verma,Male,39,Jaipur,Jaipur,2022-06-30,Corporate,Referral
C010728,Rohan Shah,Male,41,Bhubaneswar,Bhubaneswar,2024-04-05,Consumer,Social Media
C010729,Tanya Mehta,Female,23,Kochi,Kochi,2022-07-15,Consumer,Paid Search
C010730,Reyansh Yadav,Female,35,Guwahati,Guwahati,2024-06-11,Consumer,Paid Search
C010731,Siddharth Joshi,Female,58,Mysuru,Mysuru,2022-09-02,Home Office,Social Media
C010732,Neha Iyer,Male,38,Jaipur,Jaipur,2024-12-20,Consumer,Social Media
C010733,Aditya Chopra,Female,46,Chandigarh,Chandigarh,2022-05-12,Consumer,Paid Search
C010734,Priya Kumar,Male,49,Chennai,Chennai,2022-02-07,Consumer,Organic Search
C010735,Meera Singh,Female,18,Noida,Noida,2023-11-02,Consumer,Email
C010736,Nikhil Patel,Male,29,Gurugram,Gurugram,2025-07-18,Consumer,Paid Search
C010737,Krishna Yadav,Female,19,Indore,Indore,2023-08-03,Corporate,Paid Search
C010738,Vikram Joshi,Female,32,Delhi,Delhi,2026-06-20,Consumer,Email
C010739,Sanya Das,Male,41,Kochi,Kochi,2023-05-26,Home Office,Social Media
C010740,Aditya Chopra,Female,29,Coimbatore,Coimbatore,2026-03-31,Consumer,Social Media
C010741,Meera Das,Female,31,Surat,Surat,2025-06-17,Consumer,Social Media
C010742,Aditi Joshi,Female,42,Bengaluru,Bengaluru,2026-06-12,Consumer,Organic Search
C010743,Pooja Iyer,Male,26,Patna,Patna,2024-08-08,Small Business,Marketplace
C010744,Aditya Shah,Male,33,Hyderabad,Hyderabad,2025-01-24,Consumer,Organic Search
C010745,Nikhil Reddy,Male,35,Mysuru,Mysuru,2023-11-19,Corporate,Organic Search
C010746,POOJA VERMA,Female,43,Lucknow,Lucknow,2025-10-21,Consumer,Paid Search
C010747,Kabir Shah,Male,23,Noida,Noida,2024-01-04,Home Office,Paid Search
C010748,Riya Sharma,Male,45,Surat,Surat,2025-11-12,Consumer,Email
C010749,Priya Kapoor,Female,26,Chandigarh,Chandigarh,2022-12-23,Small Business,Paid Search
C010750,Diya Bose,Male,50,Bengaluru,Bengaluru,2022-01-28,Consumer,Paid Search
C010751,Diya Kapoor,Female,31,Mysuru,Mysuru,2025-12-17,Small Business,Marketplace
C010752,Vikram Rao,Male,19,Mumbai,Mumbai,2022-05-14,Home Office,Affiliate
C010753,Aarav Kumar,Male,18,Bhopal,Bhopal,2022-01-10,Consumer,Social Media
C010754,Ananya Rao,Female,22,Jaipur,Jaipur,2026-05-11,Consumer,Paid Search
C010755,Siddharth Sharma,Female,38,Visakhapatnam,Visakhapatnam,2022-11-30,Consumer,Organic Search
C010756,Aditi Iyer,Male,18,Mysuru,Mysuru,2022-07-25,Consumer,Paid Search
C010757,Pooja Verma,Female,52,Bhubaneswar,Bhubaneswar,2023-07-06,Corporate,Paid Search
C010758,Karan Mishra,Male,26,Bhubaneswar,Bhubaneswar,2023-04-02,Consumer,Organic Search
C010759,Manish Gupta,Female,33,Delhi,Delhi,2023-11-28,Home Office,Organic Search
C010760,Pooja Sharma,Female,27,Pune,Pune,2025-05-01,Consumer,Referral
C010761,Arjun Singh,Female,21,Jaipur,Jaipur,2025-04-30,Corporate,Marketplace
C010762,Manish Yadav,Male,47,Gurugram,Gurugram,2022-02-07,Consumer,Email
C010763,Diya Iyer,Female,31,Delhi,Delhi,2023-07-23,Consumer,Paid Search
C010764,Vivaan Sharma,Female,18,Jaipur,Jaipur,2024-05-02,Consumer,Social Media
C010765,Kabir Shah,Female,24,Mysuru,Mysuru,2024-08-12,Consumer,Social Media
C010766,Neha Rao,Male,30,Jaipur,Jaipur,2023-09-14,Small Business,Social Media
C010767,Priya Joshi,Male,38,Bengaluru,Bengaluru,2022-07-20,Consumer,Paid Search
C010768,Manish Singh,Male,24,Bengaluru,Bengaluru,2026-01-08,Consumer,Referral
C010769,Priya Rao,Female,39,Chennai,Chennai,2023-05-10,Corporate,Organic Search
C010770,Vivaan Mishra,Male,41,Jaipur,Jaipur,2023-05-29,Consumer,Paid Search
C010771,Vivaan Malhotra,Male,50,Ahmedabad,Ahmedabad,2023-08-28,Small Business,Organic Search
C010772,Neha Yadav,Female,41,Mysuru,Mysuru,2025-03-17,Consumer,Social Media
C010773,Sneha Shah,Female,34,Kochi,Kochi,2025-06-23,Consumer,Affiliate
C010774,Riya Gupta,Female,57,Guwahati,Guwahati,2024-04-25,Corporate,Social Media
C010775,Pooja Reddy,Female,18,Mysuru,Mysuru,2025-10-12,Consumer,Paid Search
C010776,Sneha Bose,Female,24,Lucknow,Lucknow,2024-09-23,Consumer,Organic Search
C010777,Tanya Yadav,Female,32,Ahmedabad,Ahmedabad,2022-11-30,Consumer,Social Media
C010778,Siddharth Patel,Male,41,Delhi,Delhi,2023-04-23,Consumer,Referral
C010779,Vikram Reddy,Male,39,Noida,Noida,2024-03-27,Consumer,Referral
C010780,Neha Bose,Female,38,Bengaluru,Bengaluru,2022-09-05,Home Office,Organic Search
C010781,Vivaan Patel,Male,51,Mysuru,Mysuru,2023-10-09,Consumer,Social Media
C010782,Meera Mehta,Female,49,Surat,Surat,2022-07-24,Consumer,Organic Search
C010783,Riya Shah,Female,29,Patna,Patna,2026-01-19,Consumer,Organic Search
C010784,Kabir Verma,Male,20,Bengaluru,Bengaluru,2022-04-16,Corporate,Social Media
C010785,Meera Sharma,Male,49,Mysuru,Mysuru,2024-03-15,Small Business,Organic Search
C010786,Varun Sharma,Non-Binary,30,Chennai,Chennai,2022-10-30,Consumer,Referral
C010787,Aditi Bose,Male,18,Kolkata,Kolkata,2024-01-11,Consumer,Paid Search
C010788,Nikhil Das,Female,20,Bengaluru,Bengaluru,2022-01-02,Consumer,Social Media
C010789,nisha gupta,Male,29,Pune,Pune,2026-02-20,Home Office,Referral
C010790,Priya Mehta,Male,20,Noida,Noida,2024-06-21,Consumer,Organic Search
C010791,Riya Gupta,Female,43,Delhi,Delhi,2023-01-27,Home Office,Affiliate
C010792,Priya Kapoor,Female,41,Mysuru,Mysuru,2024-01-25,Consumer,Social Media
C010793,Sanya Mehta,Female,18,Indore,Indore,2025-03-12,Consumer,Marketplace
C010794,Ishaan Sharma,Female,31,Noida,Noida,2026-06-08,Corporate,Organic Search
C010795,Vivaan Chopra,Male,23,Kolkata,Kolkata,2025-09-18,Corporate,Organic Search
C010796,Riya Shah,Female,30,Delhi,Delhi,2025-07-14,Small Business,Referral
C010797,Aditi Bose,Male,36,Patna,Patna,2025-06-07,Consumer,Organic Search
C010798,Arjun Rao,Female,34,Kolkata,Kolkata,2025-12-20,Consumer,Social Media
C010799,Tanya Bose,Female,41,Patna,Patna,2022-11-01,Consumer,Referral
C010800,Karan Verma,Male,21,Patna,Patna,2022-08-26,Consumer,Social Media
C010801,Nikhil Shah,Male,38,Hyderabad,Hyderabad,2022-06-07,Corporate,Affiliate
C010802,Manish Yadav,Female,44,Noida,Noida,2025-05-01,Consumer,Affiliate
C010803,Siddharth Kapoor,Female,19,Pune,Pune,2024-12-22,Consumer,Social Media
C010804,Krishna Das,Male,26,Surat,Surat,2023-11-11,Consumer,Paid Search
C010805,Tanya Patel,Male,34,Chandigarh,Chandigarh,2023-02-25,Consumer,Organic Search
C010806,Meera Rao,Male,33,Pune,Pune,2024-02-15,Consumer,Paid Search
C010807,Krishna Gupta,Female,25,Noida,Noida,2023-11-09,Home Office,Marketplace
C010808,Kabir Kapoor,Female,27,Indore,Indore,2024-10-11,Home Office,Paid Search
C010809,Reyansh Iyer,Male,22,Ahmedabad,Ahmedabad,2024-05-29,Consumer,Social Media
C010810,Meera Sharma,Male,29,Delhi,Delhi,2024-09-05,Consumer,Paid Search
C010811,Vivaan Kapoor,Female,24,Bengaluru,Bengaluru,2022-09-05,Consumer,Referral
C010812,Aditi Singh,Female,38,Nagpur,Nagpur,2022-08-23,Consumer,Organic Search
C010813,Aditya Iyer,Male,24,Lucknow,Lucknow,2022-07-08,Corporate,Affiliate
C010814,Krishna Kumar,Female,19,Guwahati,Guwahati,2025-08-30,Corporate,Affiliate
C010815,Nikhil Nair,Female,18,Patna,Patna,2024-10-22,Consumer,Paid Search
C010816,Kavya Gupta,Female,35,Mysuru,Mysuru,2025-06-13,Corporate,Organic Search
C010817,Pooja Gupta,Female,47,Mysuru,Mysuru,2025-08-01,Consumer,Affiliate
C010818,Vikram Malhotra,Female,32,Patna,Patna,2025-06-13,Consumer,Organic Search
C010819,Rohan Gupta,Female,28,Kochi,Kochi,2024-01-01,Consumer,Social Media
C010820,Aditi Reddy,Female,26,Chennai,Chennai,2025-10-02,Corporate,Affiliate
C010821,Aditya Iyer,Female,44,Hyderabad,Hyderabad,2025-09-07,Consumer,Social Media
C010822,Arjun Reddy,Male,34,Chennai,Chennai,2025-12-30,Corporate,Referral
C010823,Arjun Iyer,Male,43,Noida,Noida,2025-07-22,Consumer,Referral
C010824,Rahul Reddy,Female,30,Ahmedabad,Ahmedabad,2024-06-09,Consumer,Organic Search
C010825,Ananya Rao,Female,21,Visakhapatnam,Visakhapatnam,2023-05-13,Home Office,Organic Search
C010826,Sanya Chopra,Male,26,Bengaluru,Bengaluru,2022-01-23,Consumer,Social Media
C010827,Nikhil Malhotra,Female,30,Surat,Surat,2022-05-28,Corporate,Social Media
C010828,Nisha Kumar,Female,25,Noida,Noida,2023-04-04,Consumer,Affiliate
C010829,Ishaan Yadav,Male,26,Visakhapatnam,Visakhapatnam,2024-06-29,Consumer,Organic Search
C010830,Riya Joshi,Male,36,Delhi,Delhi,2022-04-12,Consumer,Organic Search
C010831,Kabir Gupta,Male,20,Chandigarh,Chandigarh,2023-09-21,Consumer,Organic Search
C010832,Nikhil Kapoor,Female,34,Lucknow,Lucknow,2022-08-22,Consumer,Social Media
C010833,Nisha Joshi,Female,33,Mumbai,Mumbai,2023-08-03,Consumer,Email
C010834,Reyansh Sharma,Non-Binary,18,Mysuru,Mysuru,2026-04-28,Consumer,Paid Search
C010835,Pooja Kumar,Male,39,Surat,Surat,2024-08-03,Consumer,Marketplace
C010836,Varun Malhotra,Female,32,Pune,Pune,2022-03-26,Consumer,Paid Search
C010837,Pooja Sharma,Female,20,Bhopal,Bhopal,2023-11-16,Consumer,Organic Search
C010838,Kabir Nair,Male,55,Hyderabad,Hyderabad,2022-04-24,Home Office,Organic Search
C010839,Aditi Rao,Non-Binary,18,Guwahati,Guwahati,2022-06-15,Small Business,Marketplace
C010840,Kabir Yadav,Male,40,Bhubaneswar,Bhubaneswar,2025-02-25,Small Business,Referral
C010841,Siddharth Reddy,Female,41,Ahmedabad,Ahmedabad,2025-06-07,Consumer,Social Media
C010842,Sanya Patel,Male,33,Pune,Pune,2026-01-03,Small Business,Paid Search
C010843,Kabir Nair,Male,34,Indore,Indore,2024-02-25,Consumer,Referral
C010844,Vikram Singh,Male,48,Indore,Indore,2023-04-08,Consumer,Paid Search
C010845,Aarav Verma,Male,49,Nagpur,Nagpur,2023-08-05,Home Office,Social Media
C010846,Rahul Mehta,Female,18,Hyderabad,Hyderabad,2026-02-22,Corporate,Paid Search
C010847,Siddharth Nair,Female,25,Bhubaneswar,Bhubaneswar,2024-05-09,Corporate,Organic Search
C010848,Diya Kumar,Male,54,Delhi,Delhi,2026-05-30,Home Office,Paid Search
C010849,Kabir Yadav,Male,37,Hyderabad,Hyderabad,2026-02-13,Consumer,Social Media
C010850,Meera Chopra,Male,41,Surat,Surat,2022-07-30,Corporate,Email
C010851,Priya Kapoor,Female,33,Mysuru,Mysuru,2023-12-03,Corporate,Organic Search
C010852,Vivaan Gupta,Male,37,Ahmedabad,Ahmedabad,2022-07-29,Consumer,Social Media
C010853,Tanya Mishra,Male,44,Gurugram,Gurugram,2024-12-30,Consumer,Organic Search
C010854,Riya Sharma,Male,30,Bhopal,Bhopal,2024-03-07,Consumer,Referral
C010855,Priya Mishra,Male,23,Surat,Surat,2022-06-15,Home Office,Paid Search
C010856,Rahul Verma,Female,18,Indore,Indore,2022-01-05,Consumer,Paid Search
C010857,Rahul Shah,Female,33,Jaipur,Jaipur,2025-04-28,Consumer,Referral
C010858,Sanya Nair,Male,43,Bhopal,Bhopal,2024-03-05,Small Business,Paid Search
C010859,Sneha Rao,Male,23,Mumbai,Mumbai,2023-01-05,Home Office,Paid Search
C010860,Karan Joshi,Female,21,Chennai,Chennai,2025-03-02,Consumer,Affiliate
C010861,Ananya Singh,Female,19,Delhi,Delhi,2025-11-22,Small Business,Paid Search
C010862,Rahul Das,Female,44,Chennai,Chennai,2022-02-03,Consumer,Organic Search
C010863,Nikhil Chopra,Male,58,Kochi,Kochi,2022-01-05,Small Business,Referral
C010864,Krishna Joshi,Female,35,Mumbai,Mumbai,2026-02-18,Consumer,Email
C010865,Rahul Mehta,Male,22,Bengaluru,Bengaluru,2025-11-17,Consumer,Organic Search
C010866,Siddharth Malhotra,Male,18,Indore,Indore,2023-05-20,Consumer,Affiliate
C010867,Vivaan Das,Male,41,Ahmedabad,Ahmedabad,2026-02-08,Consumer,Organic Search
C010868,Meera Reddy,Male,23,Delhi,Delhi,2023-01-31,Corporate,Organic Search
C010869,Kavya Yadav,Female,48,Kochi,Kochi,2022-09-21,Consumer,Social Media
C010870,Kavya Gupta,Male,23,Jaipur,Jaipur,2022-06-06,Consumer,Referral
C010871,Ananya Rao,Female,26,Chandigarh,Chandigarh,2024-07-18,Consumer,Email
C010872,Diya Iyer,Female,36,Coimbatore,Coimbatore,2025-06-05,Corporate,Email
C010873,Nisha Mishra,Female,32,Chandigarh,Chandigarh,2024-12-18,Home Office,Paid Search
C010874,Nikhil Kumar,Male,35,Nagpur,Nagpur,2023-07-04,Consumer,Organic Search
C010875,Riya Das,Male,20,Surat,Surat,2023-06-08,Corporate,Marketplace
C010876,Pooja Gupta,Male,18,Jaipur,Jaipur,2025-09-04,Corporate,Social Media
C010877,Sanya Patel,Female,31,Coimbatore,Coimbatore,2025-11-06,Small Business,Paid Search
C010878,Rahul Gupta,Male,29,Visakhapatnam,Visakhapatnam,2025-12-17,Consumer,Social Media
C010879,Manish Kumar,Female,30,Noida,Noida,2025-10-01,Small Business,Paid Search
C010880,Kabir Reddy,Male,47,Chandigarh,Chandigarh,2026-06-11,Consumer,Organic Search
C010881,Siddharth Mehta,Female,19,Noida,Noida,2026-05-31,Unknown,Email
C010882,Manish Bose,Non-Binary,20,Indore,Indore,2023-05-08,Corporate,Referral
C010883,Aarav Mehta,Male,41,Jaipur,Jaipur,2025-12-01,Consumer,Organic Search
C010884,Siddharth Kumar,Male,34,Nagpur,Nagpur,2024-03-17,Consumer,Marketplace
C010885,Arjun Sharma,Male,23,Coimbatore,Coimbatore,2024-12-06,Consumer,Organic Search
C010886,Meera Joshi,Male,38,Gurugram,Gurugram,2025-05-02,Consumer,Affiliate
C010887,Aarav Shah,Female,26,Gurugram,Gurugram,2023-12-12,Consumer,Paid Search
C010888,Isha Patel,Female,28,Delhi,Delhi,2022-05-14,Home Office,Email
C010889,Vikram Rao,Male,27,Kolkata,Kolkata,2023-04-13,Home Office,Organic Search
C010890,Priya Rao,Female,29,Coimbatore,Coimbatore,2022-11-29,Corporate,Paid Search
C010891,Diya Chopra,Male,44,Bengaluru,Bengaluru,2024-05-17,Consumer,Social Media
C010892,Meera Kapoor,Male,38,Delhi,Delhi,2022-11-01,Corporate,Referral
C010893,Karan Shah,Female,29,Noida,Noida,2024-12-21,Corporate,Paid Search
C010894,Neha Patel,Female,23,Visakhapatnam,Visakhapatnam,2024-08-22,Home Office,Marketplace
C010895,Nisha Gupta,Female,36,Nagpur,Nagpur,2023-04-29,Home Office,Organic Search
C010896,Neha Singh,Female,49,Jaipur,Jaipur,2022-03-01,Consumer,Paid Search
C010897,Diya Bose,Female,26,Delhi,Delhi,2025-01-25,Consumer,Social Media
C010898,Ishaan Malhotra,Female,37,Lucknow,Lucknow,2026-01-16,Consumer,Referral
C010899,Rohan Sharma,Male,39,Bhopal,Bhopal,2025-03-08,Home Office,Referral
C010900,Nisha Reddy,Male,33,Kolkata,Kolkata,2025-07-13,Consumer,Organic Search
C010901,Aditi Chopra,Female,18,Visakhapatnam,Visakhapatnam,2022-02-18,Consumer,Organic Search
C010902,Nisha Yadav,Male,26,Chandigarh,Chandigarh,2026-02-04,Consumer,Paid Search
C010903,Arjun Sharma,Male,36,Kochi,Kochi,2023-12-11,Consumer,Affiliate
C010904,Kavya Kumar,Male,27,Chandigarh,Chandigarh,2024-08-29,Home Office,Paid Search
C010905,Kavya Malhotra,Male,38,Guwahati,Guwahati,2024-11-26,Small Business,Organic Search
C010906,Pooja Nair,Male,33,Chandigarh,Chandigarh,2024-07-12,Consumer,Affiliate
C010907,Aditya Bose,Female,31,Ahmedabad,Ahmedabad,2022-03-12,Corporate,Social Media
C010908,Vivaan Singh,Non-Binary,37,Guwahati,Guwahati,2024-10-15,Consumer,Marketplace
C010909,Aditi Mishra,Female,27,Mysuru,Mysuru,2023-03-31,Consumer,Affiliate
C010910,Vivaan Joshi,Male,33,Hyderabad,Hyderabad,2024-05-06,Consumer,Email
C010911,Rohan Nair,Male,37,Surat,Surat,2023-07-17,Home Office,Social Media
C010912,Kavya Malhotra,Female,38,Mysuru,Mysuru,2024-05-21,Corporate,Social Media
C010913,Reyansh Reddy,Female,37,Kochi,Kochi,2025-04-14,Small Business,Referral
C010914,Riya Malhotra,Male,19,Gurugram,Gurugram,2023-01-08,Consumer,Organic Search
C010915,Nikhil Shah,Male,34,Chandigarh,Chandigarh,2022-09-22,Consumer,Marketplace
C010916,Aarav Mishra,Female,27,Surat,Surat,2025-03-30,Small Business,Marketplace
C010917,Manish Gupta,Female,34,Lucknow,Lucknow,2023-08-07,Home Office,Referral
C010918,Aditya Patel,Male,18,Patna,Patna,2024-06-29,Home Office,Marketplace
C010919,Sneha Joshi,Female,34,Indore,Indore,2024-07-16,Corporate,Marketplace
C010920,Varun Patel,Female,43,Bengaluru,Bengaluru,2023-05-24,Consumer,Organic Search
C010921,Karan Malhotra,Female,23,Bengaluru,Bengaluru,2024-09-26,Corporate,Organic Search
C010922,Sneha Nair,Female,37,Surat,Surat,2026-05-30,Home Office,Paid Search
C010923,Vivaan Bose,Male,23,Mysuru,Mysuru,2023-04-22,Consumer,Social Media
C010924,Meera Nair,Male,40,Jaipur,Jaipur,2022-05-29,Consumer,Social Media
C010925,Meera Rao,Female,30,Bhubaneswar,Bhubaneswar,2026-03-13,Home Office,Social Media
C010926,Rahul Chopra,Female,38,Jaipur,Jaipur,2023-09-18,Home Office,Paid Search
C010927,Siddharth Joshi,Male,42,Nagpur,Nagpur,2023-12-27,Consumer,Social Media
C010928,Diya Patel,Male,37,Mysuru,Mysuru,2026-03-04,Home Office,Organic Search
C010929,Sanya Mehta,Male,18,Chennai,Chennai,2025-06-15,Home Office,Organic Search
C010930,Isha Mishra,Male,48,Bhubaneswar,Bhubaneswar,2023-09-30,Consumer,Marketplace
C010931,Ishaan Bose,Male,34,Patna,Patna,2025-11-06,Consumer,Organic Search
C010932,Sanya Verma,Female,37,Coimbatore,Coimbatore,2022-09-21,Consumer,Organic Search
C010933,Kavya Patel,Female,18,Hyderabad,Hyderabad,2024-08-25,Home Office,Marketplace
C010934,Rohan Kapoor,Male,39,Kolkata,Kolkata,2022-02-17,Consumer,Social Media
C010935,Tanya Joshi,Male,18,Mysuru,Mysuru,2022-07-05,Home Office,Email
C010936,Siddharth Kumar,Male,58,Mysuru,Mysuru,2023-01-30,Consumer,Marketplace
C010937,Isha Singh,Female,25,Bhopal,Bhopal,2022-04-26,Home Office,Organic Search
C010938,Ananya Gupta,Female,21,Hyderabad,Hyderabad,2025-07-01,Consumer,Referral
C010939,Vikram Chopra,Male,23,Lucknow,Lucknow,2023-12-22,Corporate,Organic Search
C010940,Nisha Rao,Male,59,Nagpur,Nagpur,2022-04-13,Consumer,Social Media
C010941,Arjun Shah,Male,29,Surat,Surat,2025-08-08,Consumer,Email
C010942,Nikhil Nair,Male,43,Patna,Patna,2023-01-24,Consumer,Marketplace
C010943,Aarav Malhotra,Male,24,Gurugram,Gurugram,2023-03-08,Consumer,Email
C010944,Ananya Malhotra,Male,24,Gurugram,Gurugram,2022-05-10,Consumer,Social Media
C010945,Arjun Malhotra,Male,21,Gurugram,Gurugram,2023-04-10,Small Business,Email
C010946,Krishna Iyer,Male,32,Chennai,Chennai,2025-04-24,Consumer,Social Media
C010947,Manish Das,Female,38,Pune,Pune,2025-02-25,Consumer,Paid Search
C010948,Reyansh Yadav,Male,27,Gurugram,Gurugram,2023-10-01,Home Office,Paid Search
C010949,Isha Iyer,Male,48,Visakhapatnam,Visakhapatnam,2026-03-11,Small Business,Social Media
C010950,Rahul Kapoor,Unknown,45,Pune,Pune,2025-05-30,Consumer,Organic Search
C010951,Rohan Joshi,Female,26,Mysuru,Mysuru,2026-06-21,Consumer,Social Media
C010952,Aarav Sharma,Male,23,Hyderabad,Hyderabad,2026-03-31,Corporate,Marketplace
C010953,Varun Yadav,Male,41,Noida,Noida,2023-07-08,Consumer,Marketplace
C010954,Rahul Gupta,Female,53,Bhopal,Bhopal,2023-03-12,Consumer,Paid Search
C010955,Rohan Malhotra,Female,32,Surat,Surat,2025-06-04,Home Office,Organic Search
C010956,Krishna Gupta,Female,30,Guwahati,Guwahati,2023-02-05,Home Office,Organic Search
C010957,Riya Sharma,Male,38,Gurugram,Gurugram,2025-04-22,Consumer,Paid Search
C010958,Vivaan Rao,Female,27,Chandigarh,Chandigarh,2023-12-17,Corporate,Social Media
C010959,Sneha Verma,Male,50,Patna,Patna,2024-11-18,Consumer,Organic Search
C010960,Rahul Verma,Female,18,Bhubaneswar,Bhubaneswar,2024-04-12,Corporate,Paid Search
C010961,Krishna Patel,Male,53,Kolkata,Kolkata,2023-05-24,Consumer,Organic Search
C010962,Diya Joshi,Female,27,Chandigarh,Chandigarh,2022-01-16,Corporate,Paid Search
C010963,Vikram Patel,Female,24,Hyderabad,Hyderabad,2024-01-06,Consumer,Email
C010964,Aditya Sharma,Female,25,Coimbatore,Coimbatore,2024-02-15,Consumer,Social Media
C010965,Meera Das,Male,31,Chandigarh,Chandigarh,2023-07-27,Home Office,Paid Search
C010966,Kavya Rao,Male,34,Hyderabad,Hyderabad,2023-03-21,Corporate,Marketplace
C010967,Aditya Bose,Male,40,Gurugram,Gurugram,2024-07-16,Corporate,Social Media
C010968,Tanya Das,Female,29,Gurugram,Gurugram,2022-11-12,Corporate,Marketplace
C010969,Kavya Singh,Female,37,Guwahati,Guwahati,2025-12-15,Consumer,Organic Search
C010970,Aarav Singh,Male,29,Hyderabad,Hyderabad,2023-08-05,Consumer,Paid Search
C010971,Arjun Singh,Male,44,Bhubaneswar,Bhubaneswar,2022-05-21,Consumer,Paid Search
C010972,Rahul Nair,Male,58,Bhubaneswar,Bhubaneswar,2025-07-10,Small Business,Affiliate
C010973,Sneha Singh,Male,25,Lucknow,Lucknow,2025-07-17,Consumer,Organic Search
C010974,Siddharth Mehta,Male,31,Jaipur,Jaipur,2026-03-18,Consumer,Marketplace
C010975,Ishaan Rao,Female,23,Chandigarh,Chandigarh,2025-02-18,Consumer,Social Media
C010976,Priya Patel,Female,44,Indore,Indore,2024-01-01,Consumer,Paid Search
C010977,Diya Reddy,Male,57,Gurugram,Gurugram,2025-07-18,Consumer,Affiliate
C010978,Rahul Mishra,Male,25,Chandigarh,Chandigarh,2024-04-26,Small Business,Paid Search
C010979,Aarav Kumar,Female,29,Lucknow,Lucknow,2024-04-29,Consumer,Referral
C010980,Kavya Verma,Male,24,Nagpur,Nagpur,2026-03-21,Home Office,Paid Search
C010981,Varun Verma,Male,48,Bengaluru,Bengaluru,2022-05-16,Consumer,Organic Search
C010982,Ananya Verma,Male,24,Pune,Pune,2024-07-28,Home Office,Social Media
C010983,Pooja Reddy,Female,44,Surat,Surat,2025-06-24,Consumer,Email
C010984,Varun Kumar,Female,18,Surat,Surat,2025-11-05,Consumer,Referral
C010985,Arjun Rao,Female,38,Chennai,Chennai,2022-11-05,Consumer,Social Media
C010986,Reyansh Gupta,Female,26,Surat,Surat,2024-12-15,Corporate,Organic Search
C010987,Karan Joshi,Male,33,Surat,Surat,2025-08-28,Consumer,Referral
C010988,Rahul Singh,Female,34,Lucknow,Lucknow,2026-01-19,Consumer,Referral
C010989,Manish Shah,Female,30,Surat,Surat,2022-03-14,Consumer,Paid Search
C010990,Manish Bose,Female,32,Surat,Surat,2025-09-25,Home Office,Marketplace
C010991,Manish Mishra,Female,49,Pune,Pune,2023-01-28,Corporate,Marketplace
C010992,Aditya Verma,Male,23,Chandigarh,Chandigarh,2025-09-30,Consumer,Paid Search
C010993,Karan Mishra,Female,18,Surat,Surat,2023-01-05,Corporate,Organic Search
C010994,Meera Iyer,Female,29,Delhi,Delhi,2024-09-07,Consumer,Social Media
C010995,Rohan Yadav,Female,47,Delhi,Delhi,2023-11-15,Consumer,Social Media
C010996,Nisha Gupta,Female,20,Nagpur,Nagpur,2024-09-14,Corporate,Marketplace
C010997,Krishna Iyer,Female,31,Jaipur,Jaipur,2023-12-28,Consumer,Marketplace
C010998,Ananya Sharma,Non-Binary,51,Chennai,Chennai,,Small Business,Organic Search
C010999,Nisha Mishra,Male,18,Pune,Pune,2024-08-29,Consumer,Email
C011000,Varun Joshi,Female,18,Indore,Indore,2022-02-22,Home Office,Referral
C011001,Meera Mishra,Male,38,Delhi,Delhi,2023-03-18,Corporate,Organic Search
C011002,Nisha Chopra,Female,37,Hyderabad,Hyderabad,2023-01-11,Corporate,Marketplace
C011003,Aarav Kapoor,Male,22,Chennai,Chennai,2024-07-09,Small Business,Organic Search
C011004,Isha Shah,Non-Binary,38,Pune,Pune,2025-10-21,Consumer,Organic Search
C011005,Ishaan Joshi,Non-Binary,43,Visakhapatnam,Visakhapatnam,2024-05-29,Consumer,Email
C011006,Aarav Mehta,Male,19,Ahmedabad,Ahmedabad,2024-03-13,Small Business,Social Media
C011007,Tanya Bose,Male,36,Kochi,Kochi,2023-08-04,Corporate,Email
C011008,Varun Malhotra,Male,18,Gurugram,Gurugram,2025-04-01,Home Office,Social Media
C011009,Ishaan Patel,Female,47,Hyderabad,Hyderabad,2024-07-18,Consumer,Social Media
C011010,Riya Chopra,Female,23,Chandigarh,Chandigarh,2023-10-29,Consumer,Email
C011011,Vikram Singh,Male,27,Ahmedabad,Ahmedabad,2022-07-20,Corporate,Social Media
C011012,Diya Rao,Female,24,Surat,Surat,2024-04-03,Home Office,Affiliate
C011013,Aditi Chopra,Female,20,Surat,Surat,2022-06-25,Consumer,Referral
C011014,Aditi Singh,Male,24,Mumbai,Mumbai,2026-03-23,Consumer,Email
C011015,Siddharth Verma,Non-Binary,19,Surat,Surat,2023-02-21,Consumer,Social Media
C011016,Ananya Sharma,Female,27,Kolkata,Kolkata,2025-12-02,Consumer,Email
C011017,Aarav Rao,Non-Binary,65,Hyderabad,Hyderabad,2022-01-17,Home Office,Social Media
C011018,Aditi Patel,Male,22,Hyderabad,Hyderabad,2024-02-26,Consumer,Organic Search
C011019,Isha Nair,Female,27,Jaipur,Jaipur,2022-06-03,Consumer,Marketplace
C011020,Vikram Kumar,Male,30,Bengaluru,Bengaluru,2026-01-03,Consumer,Paid Search
C011021,Siddharth Singh,Female,38,Mumbai,Mumbai,2025-10-03,Consumer,Organic Search
C011022,Meera Kapoor,Female,44,Indore,Indore,2026-01-10,Consumer,Paid Search
C011023,Rahul Rao,Female,34,Ahmedabad,Ahmedabad,2024-05-03,Corporate,Affiliate
C011024,Rahul Malhotra,Female,20,Lucknow,Lucknow,2023-10-20,Home Office,Paid Search
C011025,Siddharth Iyer,Female,31,Surat,Surat,2023-04-13,Corporate,Marketplace
C011026,Rahul Nair,Female,44,Visakhapatnam,Visakhapatnam,2026-07-06,Corporate,Referral
C011027,Aditya Bose,Female,18,Lucknow,Lucknow,2023-09-02,Consumer,Email
C011028,Rohan Shah,Male,37,Noida,Noida,2025-10-12,Consumer,Marketplace
C011029,Vikram Iyer,Male,41,Kochi,Kochi,2023-10-09,Consumer,Social Media
C011030,Manish Reddy,Male,41,Hyderabad,Hyderabad,2023-12-15,Consumer,Social Media
C011031,Kavya Rao,Female,18,Indore,Indore,2022-05-28,Consumer,Email
C011032,Priya Mehta,Male,26,Guwahati,Guwahati,2024-05-31,Home Office,Organic Search
C011033,Diya Verma,Female,22,Chandigarh,Chandigarh,2023-01-06,Consumer,Social Media
C011034,Kavya Kapoor,Female,42,Coimbatore,Coimbatore,2024-11-23,Home Office,Email
C011035,Aditi Das,Female,31,Indore,Indore,2024-09-25,Corporate,Paid Search
C011036,Kavya Yadav,Female,36,Jaipur,Jaipur,2023-11-02,Consumer,Marketplace
C011037,Priya Gupta,Female,38,Bhubaneswar,Bhubaneswar,2023-11-06,Consumer,Paid Search
C011038,Pooja Patel,Female,19,Bhubaneswar,Bhubaneswar,2022-03-08,Home Office,Organic Search
C011039,Manish Malhotra,Female,48,Surat,Surat,2024-09-19,Corporate,Paid Search
C011040,Neha Kumar,Non-Binary,24,Mumbai,Mumbai,2025-12-17,Consumer,Marketplace
C011041,Meera Reddy,Male,18,Mumbai,Mumbai,2023-12-18,Consumer,Paid Search
C011042,Arjun Das,Male,24,Ahmedabad,Ahmedabad,2026-04-25,Consumer,Organic Search
C011043,Kavya Gupta,Male,26,Chandigarh,Chandigarh,2023-07-22,Corporate,Social Media
C011044,Nikhil Reddy,Male,48,Guwahati,Guwahati,2025-06-10,Small Business,Social Media
C011045,Rahul Yadav,Female,18,Surat,Surat,2023-11-10,Home Office,Email
C011046,Nisha Mehta,Male,22,Visakhapatnam,Visakhapatnam,2025-08-08,Consumer,Marketplace
C011047,Riya Mehta,Male,39,Mysuru,Mysuru,2025-09-02,Consumer,Referral
C011048,Karan Rao,Female,23,Surat,Surat,2026-06-09,Consumer,Organic Search
C011049,Manish Rao,Female,36,Guwahati,Guwahati,2023-12-22,Corporate,Affiliate
C011050,Aditi Bose,Female,31,Kolkata,Kolkata,2023-05-03,Corporate,Paid Search
C011051,Vivaan Mishra,Female,42,Chandigarh,Chandigarh,2025-02-02,Consumer,Paid Search
C011052,Meera Mehta,Male,33,Gurugram,Gurugram,2023-04-24,Consumer,Referral
C011053,Ishaan Joshi,Female,39,Nagpur,Nagpur,2025-12-17,Consumer,Paid Search
C011054,Kavya Chopra,Male,20,Patna,Patna,2023-12-08,Corporate,Paid Search
C011055,Vikram Patel,Male,18,Ahmedabad,Ahmedabad,2025-11-15,Corporate,Email
C011056,Rohan Kapoor,Male,25,Visakhapatnam,Visakhapatnam,2022-02-13,Consumer,Social Media
C011057,Priya Nair,Female,39,Coimbatore,Coimbatore,2025-01-24,Corporate,Social Media
C011058,Meera Das,Unknown,24,Hyderabad,Hyderabad,2023-10-01,Consumer,Email
C011059,Rohan Das,Female,18,Chandigarh,Chandigarh,2025-12-03,Small Business,Email
C011060,Varun Kapoor,Male,34,Noida,Noida,2025-08-19,Corporate,Organic Search
C011061,Vivaan Kumar,Female,36,Bengaluru,Bengaluru,2024-01-11,Consumer,Social Media
C011062,Pooja Kapoor,Male,24,Guwahati,Guwahati,2025-11-07,Consumer,Social Media
C011063,Riya Yadav,Non-Binary,18,Pune,Pune,2024-07-11,Corporate,Marketplace
C011064,Reyansh Verma,Female,23,Mysuru,Mysuru,2023-05-22,Corporate,Referral
C011065,Meera Patel,Female,18,Bhubaneswar,Bhubaneswar,2025-05-11,Consumer,Social Media
C011066,Sneha Rao,Non-Binary,31,Jaipur,Jaipur,2023-05-25,Consumer,Social Media
C011067,Kabir Singh,Male,21,Coimbatore,Coimbatore,2025-03-10,Home Office,Affiliate
C011068,Vikram Gupta,Male,43,Bhubaneswar,Bhubaneswar,2025-04-29,Home Office,Marketplace
C011069,Krishna Kumar,Female,45,Kochi,Kochi,2022-02-14,Consumer,Social Media
C011070,Sneha Patel,Female,30,Bhopal,Bhopal,2025-10-20,Consumer,Social Media
C011071,Diya Reddy,Male,25,Pune,Pune,2024-10-16,Home Office,Organic Search
C011072,Manish Kapoor,Male,27,Bhubaneswar,Bhubaneswar,2025-10-13,Consumer,Social Media
C011073,Manish Chopra,Male,35,Bhubaneswar,Bhubaneswar,2026-05-31,Consumer,Organic Search
C011074,Arjun Nair,Male,26,Bhopal,Bhopal,2025-08-23,Consumer,Organic Search
C011075,Manish Shah,Male,30,Delhi,Delhi,2022-08-06,Consumer,Email
C011076,Kavya Kapoor,Female,24,Bhopal,Bhopal,2025-01-11,Corporate,Affiliate
C011077,Meera Malhotra,Male,31,Nagpur,Nagpur,2026-07-12,Consumer,Paid Search
C011078,Varun Yadav,Female,18,Ahmedabad,Ahmedabad,2022-07-22,Consumer,Email
C011079,Diya Singh,Male,27,Chandigarh,Chandigarh,2023-07-22,Consumer,Organic Search
C011080,Karan Shah,Female,34,Unknown,Unknown,2025-06-29,Small Business,Organic Search
C011081,Ananya Nair,Male,57,Indore,Indore,2024-03-02,Consumer,Affiliate
C011082,Rohan Yadav,Male,47,Chandigarh,Chandigarh,2026-05-17,Consumer,Referral
C011083,Vivaan Sharma,Female,33,Delhi,Delhi,2025-10-21,Consumer,Organic Search
C011084,Tanya Kapoor,Female,25,Coimbatore,Coimbatore,2022-03-27,Consumer,Referral
C011085,Vivaan Das,Male,18,Chennai,Chennai,2022-01-18,Small Business,Social Media
C011086,Aditi Shah,Male,18,Gurugram,Gurugram,2025-06-22,Consumer,Paid Search
C011087,Arjun Chopra,Male,33,Ahmedabad,Ahmedabad,2022-01-06,Consumer,Social Media
C011088,Isha Kapoor,Female,63,Noida,Noida,2024-08-18,Home Office,Social Media
C011089,Varun Nair,Female,36,Hyderabad,Hyderabad,2024-04-10,Consumer,Affiliate
C011090,Neha Malhotra,Male,28,Chennai,Chennai,2023-03-23,Consumer,Organic Search
C011091,Diya Shah,Female,33,Coimbatore,Coimbatore,2024-01-28,Consumer,Social Media
C011092,Diya Patel,Female,37,Bhubaneswar,Bhubaneswar,2024-09-19,Consumer,Marketplace
C011093,Arjun Reddy,Female,46,Ahmedabad,Ahmedabad,2024-12-01,Consumer,Social Media
C011094,Varun Kumar,Female,24,Mumbai,Mumbai,2022-11-14,Consumer,Social Media
C011095,Priya Malhotra,Female,30,Ahmedabad,Ahmedabad,2025-03-12,Consumer,Social Media
C011096,Sneha Patel,Female,33,Guwahati,Guwahati,2023-03-14,Consumer,Paid Search
C011097,Krishna Nair,Female,32,Visakhapatnam,Visakhapatnam,2022-02-21,Consumer,Organic Search
C011098,Vivaan Yadav,Male,36,Delhi,Delhi,2026-05-03,Home Office,Email
C011099,Nikhil Verma,Female,32,Mysuru,Mysuru,2024-01-29,Consumer,Social Media
C011100,Karan Malhotra,Non-Binary,34,Pune,Pune,2023-10-26,Consumer,Marketplace
C011101,Karan Reddy,Female,28,Chennai,Chennai,2025-09-08,Consumer,Social Media
C011102,Arjun Das,Female,32,Jaipur,Jaipur,2023-09-05,Consumer,Marketplace
C011103,Ananya Kumar,Male,42,Jaipur,Jaipur,2024-05-10,Consumer,Marketplace
C011104,Siddharth Rao,Female,18,Mysuru,Mysuru,2026-07-04,Consumer,Marketplace
C011105,Meera Mehta,Female,26,Nagpur,Nagpur,2023-01-19,Consumer,Referral
C011106,Varun Chopra,Male,31,Ahmedabad,Ahmedabad,2022-10-29,Consumer,Paid Search
C011107,Pooja Yadav,Male,50,Guwahati,Guwahati,2025-07-09,Consumer,Referral
C011108,Vikram Sharma,Male,38,Nagpur,Nagpur,2025-02-04,Corporate,Marketplace
C011109,Riya Singh,Female,34,Chennai,Chennai,2025-05-01,Home Office,Affiliate
C011110,Pooja Bose,Female,40,Pune,Pune,2026-07-31,Corporate,Paid Search
C011111,Vikram Singh,Female,36,Kolkata,Kolkata,2023-05-04,Consumer,Paid Search
C011112,Sneha Shah,Female,35,Indore,Indore,2024-05-16,Corporate,Paid Search
C011113,Reyansh Kapoor,Male,18,Ahmedabad,Ahmedabad,2026-07-31,Consumer,Social Media
C011114,Arjun Kumar,Male,18,Mysuru,Mysuru,2024-03-10,Consumer,Paid Search
C011115,Kabir Mishra,Female,23,Mumbai,Mumbai,2024-08-31,Home Office,Affiliate
C011116,Kavya Mehta,Female,40,Delhi,Delhi,2026-04-02,Corporate,Paid Search
C011117,Rohan Mehta,Female,39,Delhi,Delhi,2026-02-10,Small Business,Social Media
C011118,Aditya Shah,Male,45,Delhi,Delhi,2025-06-15,Home Office,Marketplace
C011119,Pooja Bose,Male,34,Kochi,Kochi,2023-10-26,Consumer,Referral
C011120,Aditya Patel,Unknown,27,Mysuru,Mysuru,2023-07-17,Home Office,Paid Search
C011121,Rohan Sharma,Male,41,Visakhapatnam,Visakhapatnam,2023-10-07,Consumer,Paid Search
C011122,Meera Rao,Female,27,Gurugram,Gurugram,2023-08-18,Home Office,Organic Search
C011123,Rahul Reddy,Female,29,Patna,Patna,2025-08-23,Small Business,Email
C011124,Kavya Gupta,Female,47,Patna,Patna,2025-07-02,Home Office,Social Media
C011125,Sanya Kapoor,Female,18,Mysuru,Mysuru,2023-11-01,Consumer,Referral
C011126,Sneha Singh,Male,42,Guwahati,Guwahati,2024-08-20,Consumer,Organic Search
C011127,Priya Mishra,Male,47,Bhopal,Bhopal,2023-02-27,Consumer,Email
C011128,Rahul Rao,Female,39,Noida,Noida,2026-03-09,Corporate,Organic Search
C011129,Rohan Sharma,Female,40,Chennai,Chennai,2025-02-16,Corporate,Social Media
C011130,Sanya Mehta,Male,18,Gurugram,Gurugram,2024-01-22,Consumer,Marketplace
C011131,Varun Gupta,Male,35,Pune,Pune,2022-02-12,Small Business,Referral
C011132,Karan Reddy,Female,45,Chandigarh,Chandigarh,2025-08-06,Corporate,Social Media
C011133,Pooja Joshi,Male,19,Lucknow,Lucknow,2025-10-25,Small Business,Organic Search
C011134,Vivaan Joshi,Female,21,Guwahati,Guwahati,2025-10-15,Consumer,Paid Search
C011135,Meera Malhotra,Male,40,Ahmedabad,Ahmedabad,2025-12-31,Consumer,Email
C011136,Isha Singh,Female,35,Bhubaneswar,Bhubaneswar,2024-07-29,Consumer,Social Media
C011137,Sneha Gupta,Female,32,Jaipur,Jaipur,2023-05-26,Consumer,Organic Search
C011138,Krishna Patel,Male,23,Chandigarh,Chandigarh,2023-11-29,Consumer,Paid Search
C011139,Isha Chopra,Male,37,Pune,Pune,2023-12-03,Consumer,Marketplace
C011140,Diya Kapoor,Female,33,Chennai,Chennai,2022-11-12,Consumer,Organic Search
C011141,Aditya Rao,Male,20,Indore,Indore,2023-08-12,Consumer,Email
C011142,Riya Patel,Female,23,Mysuru,Mysuru,2024-08-20,Corporate,Social Media
C011143,Sneha Rao,Male,32,Kolkata,Kolkata,2025-11-03,Corporate,Affiliate
C011144,Riya Shah,Male,33,Patna,Patna,2022-12-03,Consumer,Paid Search
C011145,Neha Kapoor,Male,46,Gurugram,Gurugram,2022-03-01,Consumer,Social Media
C011146,Vivaan Joshi,Female,63,Pune,Pune,2023-09-13,Consumer,Affiliate
C011147,Sneha Yadav,Female,38,Lucknow,Lucknow,2024-03-18,Corporate,Paid Search
C011148,Reyansh Patel,Female,26,Visakhapatnam,Visakhapatnam,2024-01-09,Consumer,Affiliate
C011149,Siddharth Bose,Male,21,Gurugram,Gurugram,2026-06-21,Consumer,Paid Search
C011150,Sneha Patel,Female,18,Hyderabad,Hyderabad,2022-10-30,Consumer,Social Media
C011151,Diya Das,Male,42,Chandigarh,Chandigarh,2022-01-12,Corporate,Organic Search
C011152,Ananya Bose,Female,37,Mumbai,Mumbai,2026-02-01,Consumer,Organic Search
C011153,Nisha Kapoor,Female,27,Nagpur,Nagpur,2023-10-19,Corporate,Organic Search
C011154,Arjun Rao,Female,20,Indore,Indore,2023-07-08,Home Office,Referral
C011155,Varun Shah,Female,38,Hyderabad,Hyderabad,2022-08-22,Consumer,Social Media
C011156,Rahul Nair,Male,36,Delhi,Delhi,2022-05-28,Consumer,Paid Search
C011157,Aarav Patel,Female,24,Surat,Surat,2023-05-13,Home Office,Email
C011158,Siddharth Bose,Male,25,Chennai,Chennai,2024-11-27,Consumer,Social Media
C011159,Kavya Bose,Female,24,Nagpur,Nagpur,2022-08-24,Home Office,Paid Search
C011160,Rohan Das,Male,54,Visakhapatnam,Visakhapatnam,2023-09-29,Home Office,Social Media
C011161,Ananya Singh,Female,30,Bhubaneswar,Bhubaneswar,2024-05-04,Consumer,Email
C011162,Meera Sharma,Male,20,Nagpur,Nagpur,2022-12-15,Consumer,Social Media
C011163,Manish Patel,Female,40,Guwahati,Guwahati,2024-03-06,Consumer,Organic Search
C011164,Rahul Reddy,Non-Binary,40,Bhubaneswar,Bhubaneswar,2025-05-06,Small Business,Organic Search
C011165,Vivaan Gupta,Female,28,Kochi,Kochi,2026-07-31,Consumer,Marketplace
C011166,Reyansh Reddy,Female,32,Gurugram,Gurugram,2022-09-28,Consumer,Social Media
C011167,Sneha Das,Female,26,Bhopal,Bhopal,2022-12-13,Home Office,Organic Search
C011168,Karan Das,Male,42,Mumbai,Mumbai,2023-12-14,Small Business,Email
C011169,Vikram Singh,Male,27,Jaipur,Jaipur,2024-07-01,Consumer,Affiliate
C011170,Rohan Nair,Male,32,Bhubaneswar,Bhubaneswar,2022-06-12,Consumer,Marketplace
C011171,Unknown,Male,35,Lucknow,Lucknow,2024-06-24,Corporate,Paid Search
C011172,Tanya Mishra,Male,39,Surat,Surat,2024-01-18,Consumer,Email
C011173,Nisha Bose,Male,25,Pune,Pune,2022-03-16,Consumer,Organic Search
C011174,Meera Mehta,Female,30,Gurugram,Gurugram,2023-10-24,Small Business,Marketplace
C011175,Meera Rao,Male,34,Delhi,Delhi,2026-06-27,Corporate,Paid Search
C011176,Sneha Sharma,Female,35,Bhopal,Bhopal,2023-07-15,Consumer,Paid Search
C011177,Ananya Mehta,Female,31,Lucknow,Lucknow,2026-02-02,Consumer,Social Media
C011178,Ishaan Shah,Male,18,Bengaluru,Bengaluru,2025-04-16,Consumer,Marketplace
C011179,Ishaan Rao,Male,36,Mysuru,Mysuru,2026-05-02,Home Office,Organic Search
C011180,Ananya Reddy,Female,24,Coimbatore,Coimbatore,2022-03-17,Consumer,Referral
C011181,Kabir Shah,Male,25,Surat,Surat,2023-11-09,Corporate,Organic Search
C011182,Neha Nair,Male,35,Bhopal,Bhopal,2025-12-16,Consumer,Marketplace
C011183,Isha Shah,Male,18,Chennai,Chennai,2026-01-30,Consumer,Referral
C011184,Rohan Patel,Male,30,Chennai,Chennai,2025-07-07,Corporate,Social Media
C011185,Isha Iyer,Female,28,Noida,Noida,2022-12-02,Consumer,Organic Search
C011186,Isha Iyer,Male,20,Patna,Patna,2026-01-12,Consumer,Marketplace
C011187,Kavya Das,Male,35,Noida,Noida,2025-06-24,Consumer,Paid Search
C011188,Priya Sharma,Male,36,Kolkata,Kolkata,2022-04-23,Consumer,Referral
C011189,Ananya Singh,Female,31,Patna,Patna,2025-11-14,Consumer,Organic Search
C011190,Priya Joshi,Male,32,Delhi,Delhi,2023-09-04,Small Business,Marketplace
C011191,Diya Rao,Female,18,Nagpur,Nagpur,2022-06-29,Consumer,Organic Search
C011192,Priya Gupta,Male,37,Mumbai,Mumbai,2024-03-07,Corporate,Email
C011193,Nikhil Joshi,Female,42,Chennai,Chennai,2025-02-08,Consumer,Paid Search
C011194,Nikhil Nair,Male,27,Hyderabad,Hyderabad,2023-01-16,Home Office,Email
C011195,Diya Gupta,Male,32,Surat,Surat,2023-07-14,Home Office,Referral
C011196,Neha Singh,Female,40,Surat,Surat,2026-07-25,Corporate,Email
C011197,Varun Mishra,Male,31,Nagpur,Nagpur,2026-05-15,Consumer,Paid Search
C011198,Aditya Das,Female,48,Mysuru,Mysuru,2024-12-25,Consumer,Email
C011199,Sanya Shah,Female,35,Mumbai,Mumbai,2025-02-02,Consumer,Social Media
C011200,Sneha Bose,Female,35,Guwahati,Guwahati,2026-07-11,Small Business,Paid Search
C011201,Vivaan Yadav,Male,24,Coimbatore,Coimbatore,2023-02-19,Consumer,Paid Search
C011202,Priya Joshi,Female,37,Mysuru,Mysuru,2024-03-21,Corporate,Organic Search
C011203,Tanya Rao,Female,37,Delhi,Delhi,2022-01-09,Consumer,Social Media
C011204,Vikram Verma,Female,53,Mysuru,Mysuru,2025-06-02,Consumer,Email
C011205,Riya Rao,Female,32,Hyderabad,Hyderabad,2022-09-20,Corporate,Marketplace
C011206,Riya Kumar,Male,32,Chandigarh,Chandigarh,2022-07-06,Consumer,Social Media
C011207,Sneha Rao,Male,39,Indore,Indore,2024-08-08,Consumer,Social Media
C011208,Karan Sharma,Female,44,Nagpur,Nagpur,2023-07-20,Consumer,Organic Search
C011209,Rohan Gupta,Male,27,Lucknow,Lucknow,2024-08-12,Consumer,Marketplace
C011210,Manish Nair,Female,35,Surat,Surat,2026-05-07,Home Office,Organic Search
C011211,Kavya Reddy,Female,26,Hyderabad,Hyderabad,2024-11-15,Corporate,Social Media
C011212,Neha Mishra,Male,35,Visakhapatnam,Visakhapatnam,2024-02-27,Consumer,Social Media
C011213,Ananya Joshi,Female,24,Chennai,Chennai,2023-11-20,Consumer,Organic Search
C011214,Priya Gupta,Female,23,Chandigarh,Chandigarh,2025-12-09,Consumer,Paid Search
C011215,Nisha Nair,Non-Binary,27,Hyderabad,Hyderabad,2026-07-06,Home Office,Social Media
C011216,Riya Nair,Female,18,Jaipur,Jaipur,2026-04-18,Small Business,Email
C011217,Reyansh Sharma,Female,37,Mumbai,Mumbai,2024-10-02,Consumer,Organic Search
C011218,Nikhil Chopra,Female,46,Bhopal,Bhopal,2025-04-01,Consumer,Paid Search
C011219,Neha Kumar,Female,48,Patna,Patna,2024-03-07,Corporate,Organic Search
C011220,Ishaan Patel,Female,44,Chandigarh,Chandigarh,2022-08-10,Small Business,Marketplace
C011221,Reyansh Verma,Male,28,Jaipur,Jaipur,2024-10-16,Consumer,Social Media
C011222,Tanya Yadav,Female,41,Mumbai,Mumbai,2025-07-29,Home Office,Organic Search
C011223,Kabir Reddy,Male,34,Mumbai,Mumbai,2025-02-05,Consumer,Social Media
C011224,Neha Rao,Female,39,Surat,Surat,2024-12-16,Small Business,Marketplace
C011225,Kavya Kapoor,Female,33,Hyderabad,Hyderabad,2023-11-26,Consumer,Referral
C011226,Aditya Malhotra,Male,30,Chennai,Chennai,2022-11-08,Consumer,Social Media
C011227,Sneha Yadav,Male,52,Indore,Indore,2025-09-04,Consumer,Social Media
C011228,Arjun Kumar,Female,38,Chandigarh,Chandigarh,2025-06-16,Corporate,Referral
C011229,Sanya Patel,Male,52,Bhubaneswar,Bhubaneswar,2023-12-29,Consumer,Organic Search
C011230,Krishna Shah,Female,30,Bhopal,Bhopal,2022-07-30,Consumer,Email
C011231,Nikhil Kumar,Male,32,Mumbai,Mumbai,2025-06-13,Consumer,Marketplace
C011232,Aarav Bose,Female,36,Ahmedabad,Ahmedabad,2022-06-01,Consumer,Social Media
C011233,Manish Kumar,Male,18,Mumbai,Mumbai,2022-04-17,Consumer,Referral
C011234,Aditya Nair,Male,24,Indore,Indore,2025-09-19,Consumer,Email
C011235,Kabir Reddy,Non-Binary,54,Bhubaneswar,Bhubaneswar,2026-01-20,Small Business,Email
C011236,Manish Patel,Female,44,Mysuru,Mysuru,2024-04-23,Home Office,Marketplace
C011237,Nisha Yadav,Female,48,Chennai,Chennai,2024-02-04,Consumer,Marketplace
C011238,Neha Reddy,Male,21,Mysuru,Mysuru,2024-07-04,Corporate,Referral
C011239,Nisha Kapoor,Male,24,Jaipur,Jaipur,2022-10-23,Consumer,Email
C011240,Meera Bose,Male,33,Kolkata,Kolkata,2023-05-26,Consumer,Email
C011241,Varun Singh,Female,30,Bhubaneswar,Bhubaneswar,2024-10-08,Consumer,Organic Search
C011242,Priya Malhotra,Female,38,Coimbatore,Coimbatore,2022-05-30,Unknown,Social Media
C011243,Tanya Mishra,Male,28,Visakhapatnam,Visakhapatnam,2026-02-21,Small Business,Organic Search
C011244,Riya Sharma,Male,61,Patna,Patna,2023-01-23,Consumer,Social Media
C011245,Karan Sharma,Male,32,Bhopal,Bhopal,2026-02-23,Consumer,Social Media
C011246,Priya Mehta,Male,42,Coimbatore,Coimbatore,2026-04-17,Home Office,Referral
C011247,Arjun Singh,Female,36,Bengaluru,Bengaluru,2025-09-21,Consumer,Paid Search
C011248,Manish Iyer,Male,29,Chandigarh,Chandigarh,2025-12-19,Corporate,Marketplace
C011249,Neha Joshi,Female,40,Kolkata,Kolkata,2025-02-06,Consumer,Organic Search
C011250,Ishaan Rao,Male,34,Gurugram,Gurugram,2022-01-12,Corporate,Email
C011251,Priya Gupta,Female,48,Hyderabad,Hyderabad,2022-02-11,Small Business,Paid Search
C011252,Varun Kapoor,Male,18,Visakhapatnam,Visakhapatnam,2023-01-19,Home Office,Affiliate
C011253,Tanya Sharma,Female,34,Delhi,Delhi,2025-07-25,Consumer,Social Media
C011254,Reyansh Sharma,Male,22,Chennai,Chennai,2023-05-01,Consumer,Referral
C011255,Vikram Mehta,Female,33,Chennai,Chennai,2026-07-16,Consumer,Organic Search
C011256,Aditi Kapoor,Female,30,Bengaluru,Bengaluru,2023-02-08,Consumer,Referral
C011257,Meera Kumar,Male,33,Hyderabad,Hyderabad,2023-07-02,Consumer,Affiliate
C011258,Nikhil Malhotra,Unknown,34,Kolkata,Kolkata,2024-02-15,Small Business,Organic Search
C011259,Isha Yadav,Female,36,Jaipur,Jaipur,2025-04-11,Corporate,Marketplace
C011260,Diya Chopra,Non-Binary,19,Bengaluru,Bengaluru,2026-04-27,Consumer,Organic Search
C011261,Ishaan Mishra,Male,26,Pune,Pune,2025-04-24,Consumer,Email
C011262,Diya Iyer,Male,36,Hyderabad,Hyderabad,2026-06-14,Consumer,Paid Search
C011263,Sneha Das,Male,26,Patna,Patna,2023-08-04,Consumer,Email
C011264,Manish Kumar,Male,34,Indore,Indore,2026-03-05,Consumer,Email
C011265,Krishna Mishra,Female,37,Kochi,Kochi,2026-03-31,Corporate,Affiliate
C011266,Nisha Bose,Female,29,Noida,Noida,2023-06-05,Consumer,Marketplace
C011267,Tanya Shah,Male,18,Surat,Surat,2025-02-12,Corporate,Paid Search
C011268,Nisha Das,Female,54,Surat,Surat,2022-12-29,Consumer,Marketplace
C011269,Siddharth Verma,Female,18,Pune,Pune,2023-06-09,Consumer,Organic Search
C011270,Isha Joshi,Female,18,Kolkata,Kolkata,2023-05-15,Corporate,Organic Search
C011271,Ishaan Singh,Male,46,Patna,Patna,2023-04-15,Corporate,Organic Search
C011272,Priya Joshi,Male,18,Indore,Indore,2022-05-02,Home Office,Social Media
C011273,Rahul Gupta,Male,18,Lucknow,Lucknow,2023-11-28,Consumer,Social Media
C011274,Aditya Shah,Male,29,Hyderabad,Hyderabad,2023-06-24,Consumer,Social Media
C011275,Priya Verma,Male,28,Bengaluru,Bengaluru,2024-05-09,Home Office,Affiliate
C011276,Rohan Rao,Female,20,Patna,Patna,2025-02-21,Small Business,Social Media
C011277,Aditya Patel,Male,46,Chandigarh,Chandigarh,2023-07-08,Consumer,Email
C011278,Reyansh Singh,Female,28,Noida,Noida,2025-10-09,Consumer,Affiliate
C011279,Sanya Joshi,Male,34,Nagpur,Nagpur,2022-12-13,Corporate,Organic Search
C011280,Manish Bose,Male,33,Ahmedabad,Ahmedabad,2025-08-18,Consumer,Paid Search
C011281,Rahul Joshi,Female,27,Bhopal,Bhopal,2023-06-06,Consumer,Social Media
C011282,Kavya Mishra,Male,35,Bengaluru,Bengaluru,2024-12-31,Consumer,Organic Search
C011283,Aditi Joshi,Male,43,Mumbai,Mumbai,2025-02-19,Consumer,Paid Search
C011284,Riya Singh,Female,50,Delhi,Delhi,2022-06-05,Small Business,Paid Search
C011285,Manish Nair,Female,32,Guwahati,Guwahati,2026-06-05,Consumer,Organic Search
C011286,Kavya Gupta,Female,44,Hyderabad,Hyderabad,2022-03-22,Consumer,Paid Search
C011287,Diya Malhotra,Female,47,Kolkata,Kolkata,2025-12-16,Consumer,Paid Search
C011288,Kabir Nair,Male,37,Noida,Noida,2025-12-26,Consumer,Social Media
C011289,Rohan Reddy,Male,32,Delhi,Delhi,2024-12-21,Consumer,Social Media
C011290,Manish Malhotra,Male,29,Chennai,Chennai,2025-06-15,Consumer,Social Media
C011291,Rohan Patel,Female,35,Ahmedabad,Ahmedabad,2025-06-08,Consumer,Social Media
C011292,Riya Shah,Female,35,Lucknow,Lucknow,2024-01-04,Consumer,Email
C011293,Reyansh Kumar,Male,43,Kolkata,Kolkata,2024-12-27,Consumer,Organic Search
C011294,Kavya Patel,Male,49,Lucknow,Lucknow,2025-04-17,Corporate,Organic Search
C011295,Pooja Shah,Female,22,Delhi,Delhi,2026-06-28,Consumer,Paid Search
C011296,Vivaan Nair,Male,40,Bhopal,Bhopal,2023-01-22,Consumer,Referral
C011297,Karan Singh,Male,28,Bengaluru,Bengaluru,2025-05-19,Consumer,Referral
C011298,Diya Reddy,Male,49,Coimbatore,Coimbatore,2024-04-18,Home Office,Email
C011299,Aarav Gupta,Male,43,Mysuru,Mysuru,2024-04-09,Consumer,Email
C011300,Arjun Joshi,Male,23,Bhubaneswar,Bhubaneswar,2023-06-06,Small Business,Marketplace
C011301,Kabir Verma,Female,35,Pune,Pune,2025-10-20,Small Business,Social Media
C011302,Rohan Das,Male,44,Surat,Surat,2025-07-30,Consumer,Organic Search
C011303,Siddharth Shah,Male,46,Hyderabad,Hyderabad,2022-07-24,Consumer,Organic Search
C011304,Aarav Joshi,Female,41,Hyderabad,Hyderabad,2024-06-05,Consumer,Organic Search
C011305,Karan Iyer,Male,38,Chandigarh,Chandigarh,2023-08-11,Consumer,Organic Search
C011306,Vikram Kapoor,Female,45,Chandigarh,Chandigarh,2024-09-01,Consumer,Paid Search
C011307,Isha Kapoor,Male,26,Pune,Pune,2024-08-25,Consumer,Organic Search
C011308,Ishaan Kumar,Female,47,Hyderabad,Hyderabad,2022-06-26,Home Office,Marketplace
C011309,Arjun Gupta,Male,18,Noida,Noida,2025-11-25,Consumer,Social Media
C011310,Arjun Gupta,Female,39,Patna,Patna,2024-02-07,Consumer,Paid Search
C011311,Aditya Gupta,Female,29,Gurugram,Gurugram,2024-03-03,Consumer,Affiliate
C011312,Varun Singh,Male,41,Gurugram,Gurugram,2022-03-05,Consumer,Social Media
C011313,Manish Chopra,Female,47,Bhopal,Bhopal,2025-03-21,Consumer,Organic Search
C011314,Aditi Sharma,Female,47,Noida,Noida,2024-05-17,Consumer,Social Media
C011315,Reyansh Bose,Male,26,Visakhapatnam,Visakhapatnam,2024-06-14,Small Business,Organic Search
C011316,Nisha Kapoor,Male,56,Pune,Pune,2022-10-18,Small Business,Affiliate
C011317,Pooja Verma,Male,24,Mumbai,Mumbai,2024-07-24,Corporate,Email
C011318,Tanya Rao,Female,23,Pune,Pune,2025-09-06,Consumer,Marketplace
C011319,Priya Kumar,Male,37,Lucknow,Lucknow,2023-06-06,Corporate,Marketplace
C011320,Riya Sharma,Female,25,Jaipur,Jaipur,2024-05-30,Consumer,Referral
C011321,Rahul Mehta,Male,38,Visakhapatnam,Visakhapatnam,2023-10-13,Consumer,Paid Search
C011322,Karan Bose,Female,21,Hyderabad,Hyderabad,2025-10-19,Small Business,Affiliate
C011323,Sneha Das,Male,50,Delhi,Delhi,2024-07-03,Consumer,Social Media
C011324,Rohan Mishra,Male,51,Ahmedabad,Ahmedabad,2025-05-11,Consumer,Organic Search
C011325,Pooja Joshi,Female,59,Chandigarh,Chandigarh,2022-09-16,Consumer,Organic Search
C011326,Rohan Iyer,Male,28,Noida,Noida,2023-02-22,Consumer,Paid Search
C011327,Karan Sharma,Male,25,Kolkata,Kolkata,2023-08-25,Consumer,Social Media
C011328,Ananya Kumar,Male,32,Ahmedabad,Ahmedabad,2022-08-03,Home Office,Social Media
C011329,Aditya Chopra,Female,29,Bhopal,Bhopal,2022-08-21,Consumer,Organic Search
C011330,Siddharth Patel,Female,34,Hyderabad,Hyderabad,2025-09-23,Corporate,Paid Search
C011331,Kabir Shah,Female,22,Noida,Noida,2022-11-02,Corporate,Affiliate
C011332,ADITYA YADAV,Male,30,Hyderabad,Hyderabad,2022-12-18,Consumer,Paid Search
C011333,Krishna Chopra,Male,23,Coimbatore,Coimbatore,2026-04-13,Home Office,Organic Search
C011334,Vivaan Reddy,Female,20,Bengaluru,Bengaluru,2024-07-01,Consumer,Organic Search
C011335,Rohan Reddy,Female,39,Jaipur,Jaipur,2023-04-03,Consumer,Paid Search
C011336,Nikhil Malhotra,Female,31,Hyderabad,Hyderabad,2025-05-21,Small Business,Social Media
C011337,Nisha Mehta,Male,31,Surat,Surat,2023-08-26,Consumer,Paid Search
C011338,Reyansh Verma,Male,22,Lucknow,Lucknow,2026-04-03,Consumer,Organic Search
C011339,Tanya Kapoor,Female,36,Coimbatore,Coimbatore,2026-04-06,Consumer,Paid Search
C011340,Priya Singh,Female,42,Ahmedabad,Ahmedabad,2025-11-30,Consumer,Organic Search
C011341,Nisha Reddy,Female,26,Surat,Surat,2023-08-23,Consumer,Social Media
C011342,Karan Bose,Male,34,Visakhapatnam,Visakhapatnam,2022-08-14,Consumer,Social Media
C011343,Arjun Shah,Female,30,Kochi,Kochi,2025-12-29,Consumer,Social Media
C011344,Rahul Shah,Male,38,Mysuru,Mysuru,2023-04-15,Home Office,Email
C011345,Neha Kapoor,Female,27,Lucknow,Lucknow,2024-05-31,Corporate,Organic Search
C011346,Aarav Kapoor,Male,43,Chandigarh,Chandigarh,2023-04-12,Consumer,Affiliate
C011347,Meera Mishra,Female,25,Jaipur,Jaipur,2023-03-05,Small Business,Affiliate
C011348,Riya Reddy,Female,48,Kolkata,Kolkata,2024-01-23,Home Office,Email
C011349,Vivaan Patel,Female,33,Visakhapatnam,Visakhapatnam,2023-08-23,Consumer,Organic Search
C011350,Aarav Sharma,Female,22,Chandigarh,Chandigarh,2025-11-21,Home Office,Paid Search
C011351,Ananya Mehta,Male,50,Noida,Noida,2025-12-21,Small Business,Email
C011352,Siddharth Sharma,Male,26,Bengaluru,Bengaluru,2026-03-11,Small Business,Social Media
C011353,Aarav Sharma,Male,34,Bhubaneswar,Bhubaneswar,2024-03-08,Home Office,Social Media
C011354,Kabir Rao,Female,54,Guwahati,Guwahati,2023-06-12,Consumer,Social Media
C011355,Tanya Patel,Male,35,Unknown,Unknown,2025-11-14,Consumer,Organic Search
C011356,Karan Kapoor,Male,45,Mumbai,Mumbai,2024-09-22,Small Business,Marketplace
C011357,Krishna Joshi,Male,20,Ahmedabad,Ahmedabad,2025-04-08,Consumer,Email
C011358,Varun Rao,Male,46,Indore,Indore,2022-01-02,Consumer,Organic Search
C011359,Kabir Kumar,Male,18,Kolkata,Kolkata,2023-01-10,Consumer,Email
C011360,Isha Bose,Female,39,Bengaluru,Bengaluru,2025-09-14,Consumer,Organic Search
C011361,Priya Mehta,Male,42,Mumbai,Mumbai,2024-05-17,Home Office,Referral
C011362,Isha Malhotra,Female,44,Kochi,Kochi,2022-10-21,Corporate,Referral
C011363,Ananya Das,Male,18,Bengaluru,Bengaluru,2023-02-07,Consumer,Paid Search
C011364,Neha Gupta,Female,58,Guwahati,Guwahati,2022-10-03,Consumer,Organic Search
C011365,Vivaan Kumar,Male,35,Delhi,Delhi,2024-11-18,Corporate,Organic Search
C011366,Pooja Reddy,Male,30,Guwahati,Guwahati,2022-01-04,Home Office,Organic Search
C011367,Meera Gupta,Male,46,Noida,Noida,2025-09-18,Small Business,Referral
C011368,Arjun Bose,Male,33,Lucknow,Lucknow,2022-03-12,Small Business,Paid Search
C011369,Pooja Rao,Male,40,Gurugram,Gurugram,2022-07-31,Consumer,Social Media
C011370,Arjun Sharma,Female,40,Mumbai,Mumbai,2024-10-14,Consumer,Organic Search
C011371,Meera Nair,Male,24,Mysuru,Mysuru,2023-03-31,Consumer,Paid Search
C011372,Karan Chopra,Male,55,Noida,Noida,2025-03-06,Consumer,Organic Search
C011373,Arjun Yadav,Female,33,Jaipur,Jaipur,2024-05-12,Small Business,Social Media
C011374,Varun Nair,Male,37,Ahmedabad,Ahmedabad,2022-03-20,Consumer,Organic Search
C011375,Aditi Joshi,Male,18,Bhubaneswar,Bhubaneswar,2025-05-15,Consumer,Referral
C011376,Sneha Kumar,Female,24,Mysuru,Mysuru,2024-03-13,Consumer,Organic Search
C011377,Varun Mehta,Male,18,Ahmedabad,Ahmedabad,2026-07-28,Consumer,Paid Search
C011378,Krishna Reddy,Male,18,Bhopal,Bhopal,2022-12-16,Consumer,Email
C011379,Karan Shah,Male,26,Chandigarh,Chandigarh,2026-02-26,Corporate,Social Media
C011380,Kavya Shah,Female,18,Coimbatore,Coimbatore,2022-08-23,Consumer,Paid Search
C011381,Riya Kumar,Female,46,Ahmedabad,Ahmedabad,2022-11-24,Small Business,Organic Search
C011382,Vivaan Iyer,Male,29,Jaipur,Jaipur,2023-12-13,Consumer,Paid Search
C011383,Vivaan Verma,Male,29,Chandigarh,Chandigarh,2024-03-14,Consumer,Organic Search
C011384,Kabir Reddy,Female,39,Unknown,Unknown,2022-04-27,Small Business,Affiliate
C011385,Aditya Kapoor,Male,48,Bengaluru,Bengaluru,2026-06-18,Consumer,Organic Search
C011386,Meera Shah,Female,27,Indore,Indore,2024-12-03,Corporate,Social Media
C011387,Neha Kumar,Female,24,Indore,Indore,2022-10-16,Consumer,Email
C011388,Tanya Shah,Non-Binary,39,Surat,Surat,2024-09-11,Consumer,Affiliate
C011389,Kavya Kapoor,Female,36,Bengaluru,Bengaluru,2025-03-07,Consumer,Social Media
C011390,Aditya Das,Female,46,Kochi,Kochi,2026-01-31,Corporate,Marketplace
C011391,Neha Rao,Female,26,Indore,Indore,2024-12-03,Home Office,Organic Search
C011392,Ananya Mehta,Female,26,Surat,Surat,2025-09-21,Consumer,Referral
C011393,Sanya Kumar,Male,29,Jaipur,Jaipur,2022-12-19,Corporate,Referral
C011394,Priya Reddy,Male,61,Indore,Indore,2022-03-26,Consumer,Social Media
C011395,Riya Shah,Female,41,Gurugram,Gurugram,2024-08-06,Consumer,Paid Search
C011396,Kabir Kapoor,Female,26,Bengaluru,Bengaluru,2025-12-15,Consumer,Social Media
C011397,Varun Reddy,Male,40,Bengaluru,Bengaluru,2025-01-18,Consumer,Referral
C011398,Krishna Kumar,Male,26,Visakhapatnam,Visakhapatnam,2023-05-09,Consumer,Organic Search
C011399,nikhil shah,Female,51,Indore,Indore,2024-03-09,Consumer,Marketplace
C011400,Meera Chopra,Male,25,Mumbai,Mumbai,2026-07-10,Home Office,Paid Search
C011401,Tanya Iyer,Male,26,Indore,Indore,2022-05-11,Consumer,Organic Search
C011402,Rahul Joshi,Male,33,Bengaluru,Bengaluru,2024-06-24,Consumer,Referral
C011403,Reyansh Malhotra,Male,34,Mysuru,Mysuru,2023-03-01,Consumer,Social Media
C011404,Nikhil Nair,Non-Binary,26,Ahmedabad,Ahmedabad,2025-09-20,Small Business,Affiliate
C011405,Aditya Kapoor,Female,28,Delhi,Delhi,2022-02-18,Corporate,Affiliate
C011406,Aditya Joshi,Female,18,Chandigarh,Chandigarh,2022-09-12,Consumer,Marketplace
C011407,Arjun Gupta,Male,23,Nagpur,Nagpur,2023-04-13,Consumer,Email
C011408,Aditya Chopra,Female,24,Delhi,Delhi,2025-05-31,Consumer,Email
C011409,Manish Verma,Female,18,Kolkata,Kolkata,2024-06-12,Consumer,Social Media
C011410,Nikhil Sharma,Female,58,Delhi,Delhi,2022-03-21,Consumer,Email
C011411,Nikhil Verma,Male,58,Visakhapatnam,Visakhapatnam,2026-02-12,Home Office,Organic Search
C011412,Sneha Nair,Male,39,Guwahati,Guwahati,2023-12-11,Consumer,Marketplace
C011413,Rohan Rao,Male,38,Surat,Surat,2025-09-05,Small Business,Email
C011414,Sneha Malhotra,Female,21,Lucknow,Lucknow,2024-11-16,Consumer,Email
C011415,Nikhil Reddy,Male,18,Gurugram,Gurugram,2023-01-25,Small Business,Organic Search
C011416,Aditi Patel,Male,23,Delhi,Delhi,2024-03-05,Consumer,Referral
C011417,Kavya Shah,Female,41,Unknown,Unknown,2025-10-22,Corporate,Marketplace
C011418,Isha Kapoor,Female,41,Nagpur,Nagpur,2023-07-20,Consumer,Paid Search
C011419,Riya Joshi,Male,26,Unknown,Unknown,2023-11-04,Home Office,Email
C011420,Priya Reddy,Female,46,Nagpur,Nagpur,2024-07-21,Small Business,Organic Search
C011421,Vivaan Rao,Male,26,Noida,Noida,2022-02-05,Consumer,Email
C011422,Karan Joshi,Male,38,Patna,Patna,2026-06-29,Home Office,Marketplace
C011423,Vivaan Joshi,Female,38,Chandigarh,Chandigarh,2022-08-12,Consumer,Paid Search
C011424,Riya Gupta,Male,24,Nagpur,Nagpur,2022-04-24,Corporate,Paid Search
C011425,Tanya Sharma,Male,18,Mysuru,Mysuru,2026-03-24,Consumer,Organic Search
C011426,Arjun Iyer,Female,37,Bhubaneswar,Bhubaneswar,2024-05-14,Consumer,Referral
C011427,Vivaan Gupta,Female,42,Delhi,Delhi,2024-02-04,Small Business,Organic Search
C011428,Ishaan Malhotra,Female,35,Indore,Indore,2025-08-07,Small Business,Social Media
C011429,Ananya Joshi,Non-Binary,31,Lucknow,Lucknow,2023-02-21,Consumer,Organic Search
C011430,Rohan Mishra,Male,40,Indore,Indore,2025-02-21,Home Office,Paid Search
C011431,Aditi Verma,Male,36,Bhubaneswar,Bhubaneswar,2022-11-01,Home Office,Paid Search
C011432,Nikhil Gupta,Male,37,Nagpur,Nagpur,2022-03-21,Corporate,Referral
C011433,Nisha Singh,Male,39,Surat,Surat,2022-08-30,Consumer,Organic Search
C011434,Krishna Kumar,Female,35,Noida,Noida,2022-03-08,Consumer,Affiliate
C011435,Vikram Reddy,Male,20,Bhopal,Bhopal,2023-08-02,Consumer,Social Media
C011436,Ishaan Kapoor,Female,41,Gurugram,Gurugram,2023-12-25,Corporate,Marketplace
C011437,Riya Bose,Male,37,Mumbai,Mumbai,2026-02-24,Consumer,Marketplace
C011438,Sanya Rao,Male,27,Guwahati,Guwahati,2025-11-26,Consumer,Referral
C011439,Nikhil Yadav,Female,50,Bengaluru,Bengaluru,2025-10-10,Consumer,Organic Search
C011440,Priya Patel,Male,21,Gurugram,Gurugram,2024-11-01,Small Business,Email
C011441,Sneha Malhotra,Female,41,Ahmedabad,Ahmedabad,2023-07-17,Consumer,Social Media
C011442,Krishna Mishra,Female,44,Visakhapatnam,Visakhapatnam,2023-06-07,Small Business,Social Media
C011443,Siddharth Sharma,Female,37,Kochi,Kochi,2024-03-09,Corporate,Organic Search
C011444,Sneha Gupta,Male,44,Kolkata,Kolkata,2022-12-25,Consumer,Email
C011445,Riya Singh,Male,22,Mumbai,Mumbai,2023-10-07,Consumer,Organic Search
C011446,Rohan Joshi,Male,34,Patna,Patna,2023-08-12,Consumer,Social Media
C011447,Karan Verma,Male,23,Hyderabad,Hyderabad,2024-09-14,Consumer,Paid Search
C011448,Rohan Rao,Non-Binary,34,Coimbatore,Coimbatore,2022-08-17,Small Business,Email
C011449,Sneha Mishra,Male,49,Gurugram,Gurugram,2025-12-02,Consumer,Organic Search
C011450,Ananya Mehta,Male,53,Jaipur,Jaipur,2022-12-19,Consumer,Marketplace
C011451,Nisha Joshi,Female,46,Jaipur,Jaipur,2023-12-15,Consumer,Marketplace
C011452,Diya Kapoor,Male,37,Noida,Noida,2022-02-01,Consumer,Social Media
C011453,Vikram Joshi,Male,34,Noida,Noida,2026-02-22,Consumer,Marketplace
C011454,Rahul Sharma,Female,18,Visakhapatnam,Visakhapatnam,2023-02-03,Consumer,Paid Search
C011455,Riya Malhotra,Female,27,Patna,Patna,2024-09-16,Consumer,Email
C011456,Krishna Singh,Male,36,Lucknow,Lucknow,2025-04-29,Consumer,Organic Search
C011457,Riya Shah,Female,51,Mumbai,Mumbai,2025-06-21,Corporate,Organic Search
C011458,Arjun Rao,Female,37,Mysuru,Mysuru,2026-04-28,Consumer,Email
C011459,Diya Patel,Male,31,Mysuru,Mysuru,2022-10-28,Consumer,Referral
C011460,Tanya Nair,Male,19,Bhubaneswar,Bhubaneswar,2022-11-19,Consumer,Social Media
C011461,Priya Rao,Male,53,Mumbai,Mumbai,2022-04-28,Home Office,Organic Search
C011462,Priya Malhotra,Male,54,Bhopal,Bhopal,2023-01-10,Small Business,Email
C011463,Nisha Sharma,Female,24,Delhi,Delhi,2024-11-28,Consumer,Paid Search
C011464,Vivaan Kapoor,Male,33,Bhubaneswar,Bhubaneswar,2023-11-15,Home Office,Email
C011465,Varun Mehta,Male,43,Pune,Pune,2025-06-01,Consumer,Organic Search
C011466,Siddharth Nair,Female,38,Gurugram,Gurugram,2022-11-09,Consumer,Social Media
C011467,Priya Kapoor,Male,34,Gurugram,Gurugram,2023-10-17,Consumer,Paid Search
C011468,Varun Sharma,Male,32,Delhi,Delhi,2023-09-15,Home Office,Marketplace
C011469,Meera Kapoor,Male,36,Patna,Patna,2023-11-04,Consumer,Organic Search
C011470,Ishaan Mishra,Female,28,Kolkata,Kolkata,2025-10-17,Consumer,Social Media
C011471,Nikhil Mishra,Female,26,Bhubaneswar,Bhubaneswar,2022-07-01,Home Office,Social Media
C011472,Sneha Iyer,Male,59,Guwahati,Guwahati,2024-06-06,Consumer,Organic Search
C011473,Diya Joshi,Female,25,Chennai,Chennai,2024-03-11,Corporate,Social Media
C011474,Isha Nair,Female,28,Guwahati,Guwahati,2025-05-26,Home Office,Organic Search
C011475,Vivaan Das,Female,23,Guwahati,Guwahati,2022-01-08,Corporate,Email
C011476,Varun Das,Female,31,Coimbatore,Coimbatore,2025-03-15,Small Business,Organic Search
C011477,Ananya Mishra,Female,26,Ahmedabad,Ahmedabad,2023-07-16,Consumer,Social Media
C011478,Varun Das,Female,28,Chandigarh,Chandigarh,2022-09-23,Consumer,Social Media
C011479,Isha Nair,Female,24,Mumbai,Mumbai,2025-06-19,Home Office,Marketplace
C011480,Rahul Singh,Male,22,Bengaluru,Bengaluru,2025-07-25,Consumer,Paid Search
C011481,Manish Kapoor,Female,18,Noida,Noida,2024-07-11,Consumer,Organic Search
C011482,Aarav Nair,Male,29,Bhopal,Bhopal,2026-04-09,Home Office,Social Media
C011483,Aarav Verma,Female,35,Patna,Patna,2024-05-10,Consumer,Marketplace
C011484,Diya Kumar,Male,18,Surat,Surat,2023-06-23,Consumer,Social Media
C011485,Meera Joshi,Female,26,Chandigarh,Chandigarh,2023-03-06,Consumer,Paid Search
C011486,Isha Iyer,Female,44,Coimbatore,Coimbatore,2025-12-12,Consumer,Affiliate
C011487,Rohan Mishra,Non-Binary,45,Noida,Noida,2025-11-08,Consumer,Organic Search
C011488,Reyansh Das,Female,47,Patna,Patna,2025-05-08,Corporate,Social Media
C011489,Sanya Iyer,Female,22,Patna,Patna,2023-10-02,Consumer,Organic Search
C011490,Ananya Malhotra,Female,57,Ahmedabad,Ahmedabad,2022-03-21,Consumer,Organic Search
C011491,Reyansh Mehta,Female,22,Gurugram,Gurugram,2022-01-11,Corporate,Paid Search
C011492,Sneha Rao,Female,40,Coimbatore,Coimbatore,2024-08-06,Corporate,Organic Search
C011493,Aarav Nair,Non-Binary,37,Noida,Noida,2023-05-30,Corporate,Affiliate
C011494,Reyansh Malhotra,Female,28,Lucknow,Lucknow,2022-06-09,Consumer,Organic Search
C011495,Priya Singh,Male,18,Chandigarh,Chandigarh,2024-06-21,Home Office,Affiliate
C011496,Siddharth Iyer,Male,50,Coimbatore,Coimbatore,2023-05-31,Consumer,Paid Search
C011497,Manish Reddy,Male,22,Gurugram,Gurugram,2022-05-23,Consumer,Social Media
C011498,Ananya Shah,Male,37,Nagpur,Nagpur,2024-01-03,Consumer,Social Media
C011499,Aditya Kapoor,Male,26,Guwahati,Guwahati,2026-04-08,Consumer,Affiliate
C011500,Karan Kapoor,Female,37,Mumbai,Mumbai,2023-04-14,Corporate,Paid Search
C011501,Meera Mishra,Male,18,Gurugram,Gurugram,2026-06-18,Home Office,Referral
C011502,Sneha Yadav,Male,21,Coimbatore,Coimbatore,,Consumer,Social Media
C011503,Sanya Mishra,Female,29,Mumbai,Mumbai,2022-03-27,Consumer,Marketplace
C011504,Kavya Mehta,Male,43,Jaipur,Jaipur,2022-09-15,Consumer,Referral
C011505,Nikhil Verma,Male,55,Chennai,Chennai,2022-08-13,Corporate,Organic Search
C011506,Rohan Mishra,Female,42,Jaipur,Jaipur,2026-05-07,Consumer,Paid Search
C011507,Aarav Singh,Female,38,Hyderabad,Hyderabad,2025-08-28,Home Office,Marketplace
C011508,Karan Joshi,Female,39,Surat,Surat,2023-07-27,Corporate,Referral
C011509,Arjun Bose,Male,34,Pune,Pune,2022-04-18,Corporate,Social Media
C011510,Vivaan Joshi,Male,47,Delhi,Delhi,2025-10-06,Corporate,Organic Search
C011511,Aarav Kapoor,Male,47,Jaipur,Jaipur,2025-10-05,Consumer,Organic Search
C011512,Diya Mehta,Male,39,Kochi,Kochi,2022-02-13,Home Office,Affiliate
C011513,Varun Malhotra,Male,49,Chennai,Chennai,2022-10-28,Consumer,Paid Search
C011514,Ishaan Chopra,Female,36,Jaipur,Jaipur,2025-10-28,Corporate,Paid Search
C011515,Aditi Bose,Male,32,Chennai,Chennai,2022-03-21,Consumer,Social Media
C011516,Karan Iyer,Female,43,Surat,Surat,2025-06-21,Consumer,Paid Search
C011517,Meera Joshi,Male,40,Kolkata,Kolkata,2024-10-26,Corporate,Referral
C011518,Varun Reddy,Male,36,Ahmedabad,Ahmedabad,2024-09-30,Consumer,Referral
C011519,Arjun Kumar,Female,38,Kolkata,Kolkata,2023-07-19,Consumer,Organic Search
C011520,Sneha Nair,Female,22,Pune,Pune,2025-10-05,Consumer,Paid Search
C011521,Rohan Nair,Male,34,Mysuru,Mysuru,2023-04-01,Consumer,Paid Search
C011522,Arjun Kapoor,Female,24,Bengaluru,Bengaluru,2024-11-18,Corporate,Email
C011523,Manish Verma,Male,31,Chandigarh,Chandigarh,2026-07-18,Corporate,Social Media
C011524,Varun Singh,Female,18,Chennai,Chennai,,Corporate,Referral
C011525,Varun Singh,Male,47,Pune,Pune,2026-03-23,Corporate,Social Media
C011526,Priya Kapoor,Male,41,Gurugram,Gurugram,2024-04-12,Consumer,Marketplace
C011527,Manish Nair,Male,28,Delhi,Delhi,2024-02-26,Consumer,Social Media
C011528,Ananya Verma,Male,35,Nagpur,Nagpur,2022-09-21,Consumer,Social Media
C011529,Ananya Verma,Female,48,Bhubaneswar,Bhubaneswar,2024-09-19,Consumer,Paid Search
C011530,Ananya Verma,Female,53,Jaipur,Jaipur,2024-07-12,Consumer,Social Media
C011531,Aditya Bose,Female,53,Mumbai,Mumbai,2024-06-08,Consumer,Marketplace
C011532,Nisha Singh,Male,37,Surat,Surat,2023-11-11,Small Business,Email
C011533,Manish Bose,Female,22,Bhopal,Bhopal,2023-10-30,Consumer,Paid Search
C011534,AARAV REDDY,Female,25,Kolkata,Kolkata,2024-07-20,Home Office,Paid Search
C011535,Vivaan Mehta,Male,41,Ahmedabad,Ahmedabad,2023-04-04,Consumer,Referral
C011536,Vikram Sharma,Male,31,Delhi,Delhi,2024-09-05,Corporate,Organic Search
C011537,Nisha Mehta,Female,46,Pune,Pune,2022-10-23,Corporate,Social Media
C011538,Nikhil Patel,Male,24,Visakhapatnam,Visakhapatnam,2025-08-20,Consumer,Social Media
C011539,Neha Kapoor,Male,18,Chennai,Chennai,2025-11-04,Consumer,Social Media
C011540,Reyansh Shah,Male,34,Mumbai,Mumbai,2023-11-07,Consumer,Organic Search
C011541,Meera Shah,Female,34,Nagpur,Nagpur,2022-10-13,Consumer,Referral
C011542,Tanya Yadav,Male,30,Kolkata,Kolkata,2026-05-02,Home Office,Email
C011543,Diya Rao,Male,53,Ahmedabad,Ahmedabad,2025-08-05,Small Business,Affiliate
C011544,Pooja Rao,Male,48,Chandigarh,Chandigarh,2026-03-20,Home Office,Unknown
C011545,Varun Sharma,Female,33,Indore,Indore,2024-02-10,Consumer,Paid Search
C011546,Neha Shah,Male,22,Bhopal,Bhopal,2024-01-06,Home Office,Paid Search
C011547,Vikram Singh,Male,22,Mumbai,Mumbai,2024-01-27,Consumer,Paid Search
C011548,Rahul Joshi,Female,42,Coimbatore,Coimbatore,2022-05-29,Consumer,Organic Search
C011549,Nikhil Shah,Male,27,Bhopal,Bhopal,2022-10-17,Consumer,Social Media
C011550,Riya Das,Male,33,Kochi,Kochi,2023-09-23,Small Business,Social Media
C011551,Ananya Mishra,Female,24,Jaipur,Jaipur,2025-03-01,Consumer,Paid Search
C011552,Manish Reddy,Female,29,Nagpur,Nagpur,2026-06-20,Consumer,Marketplace
C011553,Varun Chopra,Unknown,33,Bhopal,Bhopal,2024-09-23,Consumer,Marketplace
C011554,Varun Singh,Male,36,Visakhapatnam,Visakhapatnam,2023-10-30,Consumer,Affiliate
C011555,Nikhil Sharma,Male,36,Kochi,Kochi,2023-01-15,Home Office,Organic Search
C011556,Aditi Shah,Female,35,Kochi,Kochi,2023-07-14,Consumer,Affiliate
C011557,Krishna Verma,Female,38,Kochi,Kochi,2022-09-12,Home Office,Referral
C011558,Aditi Das,Female,18,Bengaluru,Bengaluru,2025-09-16,Corporate,Paid Search
C011559,Tanya Bose,Female,24,Kochi,Kochi,2022-08-16,Consumer,Marketplace
C011560,Arjun Kapoor,Male,38,Guwahati,Guwahati,2022-01-24,Home Office,Organic Search
C011561,Diya Bose,Male,31,Mysuru,Mysuru,2022-04-20,Home Office,Paid Search
C011562,Priya Iyer,Non-Binary,47,Mysuru,Mysuru,2025-09-13,Consumer,Unknown
C011563,Arjun Kumar,Female,26,Guwahati,Guwahati,2026-06-01,Consumer,Paid Search
C011564,Neha Mehta,Male,26,Chandigarh,Chandigarh,2023-07-31,Consumer,Paid Search
C011565,Ishaan Singh,Male,24,Bengaluru,Bengaluru,2024-11-30,Home Office,Email
C011566,Arjun Kumar,Female,31,Hyderabad,Hyderabad,2024-07-30,Consumer,Referral
C011567,Aditya Mehta,Male,20,Patna,Patna,2025-11-20,Consumer,Social Media
C011568,Ananya Bose,Female,22,Mysuru,Mysuru,2025-09-25,Consumer,Social Media
C011569,Siddharth Kumar,Female,45,Coimbatore,Coimbatore,2023-09-07,Consumer,Email
C011570,Nikhil Chopra,Female,34,Mumbai,Mumbai,2025-10-11,Consumer,Organic Search
C011571,Sneha Kapoor,Female,18,Noida,Noida,2024-09-30,Consumer,Social Media
C011572,Pooja Joshi,Female,30,Jaipur,Jaipur,2023-10-12,Consumer,Organic Search
C011573,Nisha Kumar,Male,32,Mysuru,Mysuru,2024-10-25,Corporate,Organic Search
C011574,Siddharth Malhotra,Male,29,Chandigarh,Chandigarh,2024-03-05,Consumer,Email
C011575,Aarav Patel,Male,38,Surat,Surat,2025-01-06,Home Office,Unknown
C011576,Sneha Mehta,Male,51,Hyderabad,Hyderabad,2025-02-13,Unknown,Social Media
C011577,Rahul Yadav,Female,25,Lucknow,Lucknow,2024-10-16,Consumer,Affiliate
C011578,Nisha Gupta,Female,39,Hyderabad,Hyderabad,2025-02-27,Small Business,Marketplace
C011579,Kabir Chopra,Male,23,Chennai,Chennai,2025-04-30,Consumer,Organic Search
C011580,Sanya Joshi,Female,37,Delhi,Delhi,2025-07-15,Consumer,Social Media
C011581,Siddharth Das,Male,24,Chennai,Chennai,2026-05-16,Consumer,Affiliate
C011582,Reyansh Bose,Female,26,Surat,Surat,2025-11-05,Consumer,Paid Search
C011583,Sanya Kumar,Male,44,Surat,Surat,2025-12-14,Corporate,Email
C011584,Siddharth Chopra,Male,28,Visakhapatnam,Visakhapatnam,2025-07-16,Corporate,Social Media
C011585,Meera Iyer,Male,42,Bhubaneswar,Bhubaneswar,2025-09-03,Small Business,Referral
C011586,Manish Sharma,Female,41,Visakhapatnam,Visakhapatnam,2026-05-04,Consumer,Organic Search
C011587,Sneha Malhotra,Female,57,Pune,Pune,2022-07-02,Corporate,Paid Search
C011588,Isha Joshi,Male,48,Ahmedabad,Ahmedabad,2024-05-20,Consumer,Paid Search
C011589,Sanya Rao,Female,47,Gurugram,Gurugram,2023-03-03,Consumer,Organic Search
C011590,Sneha Bose,Female,34,Jaipur,Jaipur,2024-02-19,Small Business,Organic Search
C011591,Karan Das,Male,38,Chennai,Chennai,2022-09-11,Home Office,Affiliate
C011592,Kabir Patel,Male,31,Pune,Pune,2024-05-26,Corporate,Paid Search
C011593,Ananya Bose,Male,26,Bhopal,Bhopal,2023-11-01,Consumer,Referral
C011594,Sanya Shah,Female,22,Kochi,Kochi,2025-10-18,Consumer,Paid Search
C011595,Vikram Kumar,Female,34,Mumbai,Mumbai,2023-09-22,Small Business,Paid Search
C011596,Krishna Mishra,Male,33,Indore,Indore,2023-12-20,Consumer,Social Media
C011597,Riya Das,Female,39,Surat,Surat,2022-02-16,Consumer,Paid Search
C011598,Aditi Gupta,Male,18,Jaipur,Jaipur,2025-05-29,Corporate,Organic Search
C011599,Rohan Reddy,Female,29,Surat,Surat,2026-03-23,Consumer,Social Media
C011600,Meera Chopra,Male,37,Coimbatore,Coimbatore,2024-05-20,Corporate,Social Media
C011601,Vivaan Shah,Female,18,Pune,Pune,2022-08-26,Consumer,Social Media
C011602,Tanya Shah,Female,36,Delhi,Delhi,2023-08-20,Consumer,Organic Search
C011603,Vivaan Das,Female,32,Kochi,Kochi,2025-08-16,Home Office,Referral
C011604,Varun Malhotra,Female,24,Bhubaneswar,Bhubaneswar,2022-02-10,Consumer,Organic Search
C011605,Kabir Malhotra,Female,32,Patna,Patna,2022-06-14,Home Office,Organic Search
C011606,Sanya Bose,Female,23,Bengaluru,Bengaluru,2022-10-27,Consumer,Marketplace
C011607,Nisha Gupta,Female,28,Jaipur,Jaipur,2025-10-06,Home Office,Social Media
C011608,Krishna Patel,Female,57,Bhubaneswar,Bhubaneswar,2024-05-05,Consumer,Email
C011609,Aditi Gupta,Female,18,Indore,Indore,2026-05-27,Consumer,Organic Search
C011610,Rahul Kapoor,Male,44,Visakhapatnam,Visakhapatnam,2023-03-16,Consumer,Affiliate
C011611,Karan Sharma,Male,50,Pune,Pune,2025-02-19,Corporate,Social Media
C011612,Diya Joshi,Female,51,Noida,Noida,2026-04-08,Home Office,Email
C011613,Kavya Nair,Male,57,Ahmedabad,Ahmedabad,2025-11-02,Corporate,Social Media
C011614,Tanya Das,Male,18,Surat,Surat,2025-03-14,Consumer,Email
C011615,Nikhil Gupta,Female,28,Kochi,Kochi,2025-07-26,Corporate,Paid Search
C011616,Vikram Nair,Female,34,Lucknow,Lucknow,2023-02-14,Consumer,Organic Search
C011617,Neha Shah,Male,38,Surat,Surat,2024-01-28,Home Office,Social Media
C011618,Vikram Reddy,Male,31,Mumbai,Mumbai,2025-03-21,Consumer,Organic Search
C011619,Aditya Rao,Female,37,Bengaluru,Bengaluru,2022-11-06,Corporate,Affiliate
C011620,Reyansh Chopra,Male,24,Hyderabad,Hyderabad,2022-09-24,Consumer,Organic Search
C011621,Rahul Yadav,Male,43,Chandigarh,Chandigarh,2025-12-01,Consumer,Email
C011622,Kavya Kapoor,Female,53,Delhi,Delhi,2024-07-21,Corporate,Marketplace
C011623,Sneha Joshi,Male,43,Kochi,Kochi,2025-06-26,Home Office,Affiliate
C011624,Karan Singh,Male,41,Mumbai,Mumbai,2023-02-01,Consumer,Social Media
C011625,Aditya Malhotra,Female,36,Bhubaneswar,Bhubaneswar,2022-01-14,Consumer,Paid Search
C011626,Manish Joshi,Female,26,Delhi,Delhi,2023-12-25,Consumer,Affiliate
C011627,Manish Mehta,Female,33,Ahmedabad,Ahmedabad,2023-02-25,Corporate,Referral
C011628,Sneha Nair,Female,36,Bengaluru,Bengaluru,2023-07-16,Small Business,Marketplace
C011629,Nikhil Mehta,Male,38,Hyderabad,Hyderabad,2023-04-01,Small Business,Paid Search
C011630,Kavya Nair,Female,34,Chennai,Chennai,2026-03-10,Consumer,Marketplace
C011631,Tanya Kapoor,Male,38,Visakhapatnam,Visakhapatnam,2024-07-22,Home Office,Email
C011632,Aarav Nair,Male,28,Indore,Indore,2022-09-21,Consumer,Social Media
C011633,Reyansh Sharma,Male,26,Gurugram,Gurugram,2024-06-20,Consumer,Paid Search
C011634,Aarav Malhotra,Male,33,Noida,Noida,2023-07-18,Consumer,Paid Search
C011635,Isha Kapoor,Male,26,Patna,Patna,2022-08-06,Consumer,Email
C011636,Nikhil Chopra,Male,54,Coimbatore,Coimbatore,2023-05-26,Home Office,Social Media
C011637,Neha Das,Female,32,Noida,Noida,2025-08-28,Corporate,Referral
C011638,Diya Mehta,Female,47,Lucknow,Lucknow,2022-11-25,Home Office,Organic Search
C011639,Kabir Malhotra,Male,46,Lucknow,Lucknow,2026-06-28,Consumer,Referral
C011640,Varun Gupta,Female,36,Noida,Noida,2022-01-28,Small Business,Social Media
C011641,Ananya Shah,Female,21,Bhopal,Bhopal,2026-06-22,Corporate,Email
C011642,Aditya Kapoor,Male,34,Surat,Surat,2024-02-06,Home Office,Marketplace
C011643,Riya Chopra,Male,48,Bhubaneswar,Bhubaneswar,2023-11-30,Small Business,Email
C011644,Vikram Yadav,Male,48,Patna,Patna,2025-08-21,Consumer,Paid Search
C011645,Rahul Mehta,Male,42,Pune,Pune,2022-09-14,Home Office,Social Media
C011646,Vikram Malhotra,Female,51,Chandigarh,Chandigarh,2022-03-02,Consumer,Social Media
C011647,Rohan Shah,Female,46,Hyderabad,Hyderabad,2023-09-17,Small Business,Organic Search
C011648,Reyansh Singh,Female,30,Ahmedabad,Ahmedabad,2025-05-13,Consumer,Affiliate
C011649,Kavya Mehta,Female,42,Guwahati,Guwahati,2023-05-02,Corporate,Organic Search
C011650,Rahul Sharma,Female,30,Coimbatore,Coimbatore,2024-01-19,Consumer,Organic Search
C011651,Riya Joshi,Male,21,Delhi,Delhi,2025-05-07,Consumer,Paid Search
C011652,Vivaan Rao,Female,32,Noida,Noida,2023-02-26,Consumer,Social Media
C011653,Vikram Joshi,Female,24,Nagpur,Nagpur,2023-09-30,Small Business,Organic Search
C011654,Aditi Iyer,Male,47,Mumbai,Mumbai,2024-06-18,Corporate,Paid Search
C011655,vivaan kumar,Male,38,Pune,Pune,2022-04-18,Small Business,Affiliate
C011656,Varun Kumar,Female,43,Ahmedabad,Ahmedabad,2025-01-11,Corporate,Paid Search
C011657,Rohan Verma,Female,18,Bhopal,Bhopal,2022-09-27,Home Office,Social Media
C011658,Kavya Rao,Female,49,Chennai,Chennai,2024-12-03,Consumer,Paid Search
C011659,Vikram Bose,Male,26,Jaipur,Jaipur,2024-03-03,Consumer,Organic Search
C011660,Meera Rao,Female,35,Hyderabad,Hyderabad,2026-06-05,Consumer,Organic Search
C011661,Siddharth Das,Male,24,Bengaluru,Bengaluru,2022-03-21,Consumer,Referral
C011662,Tanya Sharma,Female,49,Chennai,Chennai,2025-06-13,Corporate,Paid Search
C011663,Rahul Singh,Male,44,Surat,Surat,2022-12-12,Corporate,Organic Search
C011664,Karan Nair,Male,29,Indore,Indore,2022-06-01,Consumer,Referral
C011665,Nisha Malhotra,Female,49,Bhubaneswar,Bhubaneswar,2025-09-13,Home Office,Social Media
C011666,Diya Kumar,Male,30,Jaipur,Jaipur,2025-06-01,Corporate,Social Media
C011667,Aditi Shah,Female,46,Mysuru,Mysuru,2024-04-23,Corporate,Social Media
C011668,Meera Mishra,Female,18,Gurugram,Gurugram,2026-06-07,Home Office,Social Media
C011669,Tanya Reddy,Male,19,Gurugram,Gurugram,2025-12-30,Consumer,Affiliate
C011670,Kabir Kumar,Unknown,50,Chennai,Chennai,2026-01-17,Consumer,Referral
C011671,Diya Chopra,Male,18,Pune,Pune,2022-12-29,Consumer,Paid Search
C011672,Tanya Malhotra,Female,19,Nagpur,Nagpur,2022-12-19,Consumer,Social Media
C011673,Nisha Shah,Female,40,Jaipur,Jaipur,2024-12-03,Corporate,Paid Search
C011674,Sneha Rao,Female,39,Hyderabad,Hyderabad,2025-03-15,Home Office,Marketplace
C011675,Priya Malhotra,Female,33,Bengaluru,Bengaluru,2025-10-14,Consumer,Paid Search
C011676,Tanya Mishra,Female,27,Jaipur,Jaipur,2022-06-24,Consumer,Referral
C011677,Kabir Iyer,Male,30,Mysuru,Mysuru,2025-07-25,Consumer,Paid Search
C011678,Vivaan Patel,Male,29,Delhi,Delhi,2025-06-02,Consumer,Organic Search
C011679,Sneha Joshi,Male,18,Patna,Patna,2025-11-05,Consumer,Organic Search
C011680,Arjun Mehta,Female,27,Surat,Surat,2026-06-26,Consumer,Social Media
C011681,Krishna Singh,Female,34,Bhopal,Bhopal,2022-10-22,Home Office,Paid Search
C011682,Reyansh Kapoor,Male,30,Surat,Surat,2022-06-04,Consumer,Paid Search
C011683,Nikhil Das,Female,29,Noida,Noida,2024-08-29,Consumer,Social Media
C011684,Isha Kapoor,Female,18,Bengaluru,Bengaluru,2026-02-13,Consumer,Paid Search
C011685,Diya Patel,Male,35,Noida,Noida,2022-05-15,Consumer,Organic Search
C011686,Karan Nair,Female,37,Jaipur,Jaipur,2022-02-10,Consumer,Marketplace
C011687,Ishaan Singh,Female,42,Indore,Indore,2022-05-28,Consumer,Referral
C011688,Siddharth Yadav,Female,41,Kochi,Kochi,2023-04-12,Consumer,Paid Search
C011689,Ishaan Shah,Male,33,Kochi,Kochi,2024-12-22,Consumer,Affiliate
C011690,Rahul Chopra,Male,21,Nagpur,Nagpur,2024-05-29,Consumer,Marketplace
C011691,Siddharth Chopra,Female,20,Jaipur,Jaipur,2023-12-12,Consumer,Paid Search
C011692,Manish Chopra,Female,18,Jaipur,Jaipur,2025-10-17,Home Office,Social Media
C011693,Siddharth Shah,Male,28,Visakhapatnam,Visakhapatnam,2024-08-27,Corporate,Organic Search
C011694,Rohan Reddy,Female,55,Lucknow,Lucknow,2026-05-13,Consumer,Social Media
C011695,Krishna Reddy,Male,41,Surat,Surat,2024-09-01,Consumer,Paid Search
C011696,Arjun Mehta,Male,21,Delhi,Delhi,2024-11-03,Consumer,Social Media
C011697,Ishaan Sharma,Female,29,Bengaluru,Bengaluru,2025-06-02,Consumer,Paid Search
C011698,Reyansh Kumar,Female,24,Gurugram,Gurugram,2026-01-21,Consumer,Organic Search
C011699,Sanya Mishra,Male,22,Lucknow,Lucknow,2025-10-24,Consumer,Organic Search
C011700,Aarav Mishra,Male,26,Noida,Noida,2022-05-22,Consumer,Paid Search
C011701,Arjun Chopra,Female,41,Coimbatore,Coimbatore,2024-06-08,Consumer,Referral
C011702,Krishna Malhotra,Female,18,Kochi,Kochi,2023-08-25,Corporate,Social Media
C011703,Varun Mishra,Female,40,Lucknow,Lucknow,2026-02-04,Consumer,Paid Search
C011704,Aditi Mishra,Female,47,Nagpur,Nagpur,2025-06-14,Consumer,Paid Search
C011705,Unknown,Female,37,Patna,Patna,2023-05-15,Home Office,Organic Search
C011706,Arjun Rao,Male,29,Surat,Surat,2023-08-05,Consumer,Referral
C011707,Aditi Mishra,Female,34,Gurugram,Gurugram,2024-09-27,Consumer,Organic Search
C011708,Siddharth Das,Female,47,Bengaluru,Bengaluru,2022-07-21,Small Business,Social Media
C011709,Rahul Mishra,Male,34,Mysuru,Mysuru,2022-05-20,Consumer,Marketplace
C011710,Nisha Reddy,Female,21,Pune,Pune,2026-02-02,Corporate,Social Media
C011711,Priya Kumar,Female,47,Jaipur,Jaipur,2026-06-04,Corporate,Paid Search
C011712,Meera Patel,Female,46,Bhubaneswar,Bhubaneswar,2025-07-05,Consumer,Organic Search
C011713,Pooja Yadav,Male,41,Pune,Pune,2023-09-01,Consumer,Social Media
C011714,Ishaan Gupta,Female,40,Bengaluru,Bengaluru,2026-04-30,Corporate,Organic Search
C011715,Siddharth Rao,Female,39,Hyderabad,Hyderabad,2024-08-18,Consumer,Email
C011716,Nisha Das,Male,18,Bengaluru,Bengaluru,2022-09-17,Consumer,Affiliate
C011717,Ishaan Singh,Female,38,Surat,Surat,2023-01-27,Consumer,Referral
C011718,Sanya Mehta,Female,24,Mysuru,Mysuru,2024-07-08,Corporate,Email
C011719,Reyansh Nair,Female,22,Chennai,Chennai,2025-08-23,Home Office,Affiliate
C011720,Tanya Das,Male,46,Guwahati,Guwahati,2025-06-23,Corporate,Paid Search
C011721,Aditi Mishra,Male,22,Bengaluru,Bengaluru,2023-09-02,Small Business,Unknown
C011722,Meera Reddy,Male,43,Surat,Surat,2023-05-17,Corporate,Organic Search
C011723,Ishaan Nair,Female,37,Bengaluru,Bengaluru,2024-09-11,Corporate,Organic Search
C011724,Aditi Patel,Male,38,Unknown,Unknown,2022-12-07,Consumer,Social Media
C011725,Aditya Das,Male,37,Delhi,Delhi,2025-06-12,Small Business,Referral
C011726,Vikram Iyer,Male,34,Guwahati,Guwahati,2025-07-19,Consumer,Email
C011727,Diya Reddy,Female,47,Ahmedabad,Ahmedabad,2023-02-23,Consumer,Social Media
C011728,Reyansh Kumar,Female,18,Ahmedabad,Ahmedabad,2022-10-04,Consumer,Organic Search
C011729,Riya Shah,Female,40,Chennai,Chennai,2026-04-14,Consumer,Social Media
C011730,Varun Sharma,Male,35,Nagpur,Nagpur,2025-01-04,Corporate,Referral
C011731,Ananya Malhotra,Male,36,Mysuru,Mysuru,2023-12-04,Consumer,Organic Search
C011732,Rohan Kumar,Non-Binary,31,Bhubaneswar,Bhubaneswar,2025-07-23,Small Business,Marketplace
C011733,Sanya Reddy,Male,31,Chennai,Chennai,2024-03-11,Consumer,Referral
C011734,Vivaan Bose,Male,40,Hyderabad,Hyderabad,2022-04-28,Consumer,Organic Search
C011735,Tanya Das,Female,54,Chandigarh,Chandigarh,2025-05-12,Consumer,Marketplace
C011736,Kavya Iyer,Female,21,Noida,Noida,2024-06-18,Consumer,Referral
C011737,Sneha Verma,Female,34,Bhopal,Bhopal,2024-09-08,Consumer,Organic Search
C011738,Siddharth Reddy,Female,58,Mysuru,Mysuru,2024-08-10,Consumer,Marketplace
C011739,Tanya Das,Non-Binary,55,Surat,Surat,2022-04-26,Consumer,Email
C011740,Rohan Nair,Male,20,Surat,Surat,2024-11-01,Home Office,Email
C011741,Manish Malhotra,Female,27,Delhi,Delhi,2025-09-26,Home Office,Referral
C011742,Krishna Malhotra,Female,22,Bhubaneswar,Bhubaneswar,2022-01-26,Consumer,Paid Search
C011743,Isha Gupta,Male,40,Pune,Pune,2024-10-03,Consumer,Organic Search
C011744,Kabir Reddy,Female,47,Pune,Pune,2024-04-03,Corporate,Social Media
C011745,Meera Rao,Female,52,Kolkata,Kolkata,2024-10-05,Consumer,Paid Search
C011746,Vivaan Patel,Female,31,Guwahati,Guwahati,2024-11-25,Consumer,Organic Search
C011747,Kavya Singh,Female,38,Indore,Indore,2024-11-02,Consumer,Marketplace
C011748,Rohan Patel,Male,35,Bhubaneswar,Bhubaneswar,2025-03-03,Small Business,Organic Search
C011749,Sneha Singh,Female,36,Bhopal,Bhopal,2025-03-09,Consumer,Social Media
C011750,Kabir Yadav,Male,30,Coimbatore,Coimbatore,2026-07-20,Home Office,Social Media
C011751,Pooja Kapoor,Male,29,Guwahati,Guwahati,2022-09-28,Consumer,Email
C011752,Vivaan Reddy,Male,30,Hyderabad,Hyderabad,2024-12-05,Corporate,Marketplace
C011753,Kavya Das,Male,42,Pune,Pune,2023-04-15,Consumer,Organic Search
C011754,Aditya Bose,Male,31,Kochi,Kochi,2022-10-21,Consumer,Referral
C011755,Rahul Kumar,Female,43,Nagpur,Nagpur,2026-05-14,Consumer,Paid Search
C011756,Aarav Sharma,Male,18,Mumbai,Mumbai,2025-01-24,Consumer,Organic Search
C011757,Rohan Yadav,Female,32,Chennai,Chennai,2024-07-01,Consumer,Organic Search
C011758,Rahul Mishra,Female,18,Bhopal,Bhopal,,Consumer,Organic Search
C011759,Aarav Bose,Male,45,Hyderabad,Hyderabad,2026-03-18,Consumer,Organic Search
C011760,Krishna Malhotra,Female,57,Visakhapatnam,Visakhapatnam,2025-09-08,Consumer,Marketplace
C011761,Isha Das,Non-Binary,35,Lucknow,Lucknow,2022-05-25,Corporate,Organic Search
C011762,Kabir Sharma,Female,40,Ahmedabad,Ahmedabad,2025-05-26,Corporate,Social Media
C011763,Manish Shah,Male,32,Jaipur,Jaipur,2025-12-17,Consumer,Paid Search
C011764,Krishna Yadav,Male,23,Mumbai,Mumbai,2025-01-11,Consumer,Organic Search
C011765,Kabir Nair,Male,47,Chandigarh,Chandigarh,2024-07-29,Consumer,Email
C011766,Karan Rao,Female,35,Bhopal,Bhopal,2022-08-09,Consumer,Affiliate
C011767,Priya Verma,Female,35,Noida,Noida,2025-05-24,Consumer,Affiliate
C011768,Pooja Sharma,Male,49,Coimbatore,Coimbatore,2023-10-27,Small Business,Referral
C011769,Neha Kumar,Female,43,Hyderabad,Hyderabad,2022-12-02,Corporate,Organic Search
C011770,Aditi Iyer,Female,34,Hyderabad,Hyderabad,2024-12-26,Consumer,Paid Search
C011771,Vivaan Kapoor,Male,18,Kochi,Kochi,2023-08-19,Home Office,Organic Search
C011772,krishna das,Female,27,Gurugram,Gurugram,2025-08-18,Consumer,Marketplace
C011773,Aditi Mehta,Female,33,Indore,Indore,2024-09-29,Corporate,Paid Search
C011774,Priya Mehta,Male,18,Chennai,Chennai,2025-11-29,Consumer,Social Media
C011775,Arjun Malhotra,Female,20,Chennai,Chennai,2025-03-19,Consumer,Referral
C011776,Ananya Shah,Female,45,Jaipur,Jaipur,2024-10-05,Consumer,Social Media
C011777,Neha Kapoor,Female,52,Lucknow,Lucknow,2022-01-05,Consumer,Affiliate
C011778,Rahul Verma,Male,36,Hyderabad,Hyderabad,2026-07-10,Consumer,Organic Search
C011779,Pooja Rao,Male,43,Chennai,Chennai,2022-04-01,Home Office,Email
C011780,Meera Verma,Female,35,Bhopal,Bhopal,2022-06-24,Consumer,Paid Search
C011781,Isha Singh,Female,29,Indore,Indore,2023-11-24,Consumer,Social Media
C011782,Nikhil Gupta,Male,28,Bengaluru,Bengaluru,2023-11-07,Consumer,Email
C011783,Manish Das,Male,40,Chennai,Chennai,2023-05-06,Home Office,Paid Search
C011784,Aarav Nair,Female,27,Ahmedabad,Ahmedabad,2025-07-23,Consumer,Paid Search
C011785,Krishna Iyer,Female,26,Surat,Surat,2024-04-20,Corporate,Referral
C011786,Priya Das,Female,28,Mysuru,Mysuru,2026-07-17,Consumer,Social Media
C011787,Vivaan Chopra,Male,22,Pune,Pune,2025-04-21,Consumer,Affiliate
C011788,Aditya Bose,Male,68,Chennai,Chennai,2023-02-14,Consumer,Referral
C011789,Manish Chopra,Female,30,Pune,Pune,2023-10-15,Corporate,Organic Search
C011790,Vikram Bose,Female,25,Bengaluru,Bengaluru,2024-02-23,Corporate,Referral
C011791,Kabir Bose,Female,34,Coimbatore,Coimbatore,2022-05-19,Corporate,Organic Search
C011792,Nisha Reddy,Female,29,Coimbatore,Coimbatore,2023-05-08,Consumer,Referral
C011793,Tanya Nair,Female,19,Pune,Pune,2025-09-30,Consumer,Paid Search
C011794,Sanya Kumar,Female,40,Chennai,Chennai,2022-02-13,Consumer,Organic Search
C011795,Kabir Kapoor,Female,35,Hyderabad,Hyderabad,2023-10-15,Consumer,Affiliate
C011796,Rahul Malhotra,Female,41,Mysuru,Mysuru,2023-04-23,Home Office,Affiliate
C011797,Riya Chopra,Female,31,Surat,Surat,2022-04-07,Consumer,Organic Search
C011798,Karan Sharma,Male,36,Ahmedabad,Ahmedabad,2024-11-03,Consumer,Social Media
C011799,Kabir Shah,Male,23,Ahmedabad,Ahmedabad,2023-12-16,Consumer,Referral
C011800,Aditya Shah,Female,36,Surat,Surat,2023-01-27,Corporate,Marketplace
C011801,Karan Patel,Male,35,Chandigarh,Chandigarh,2024-11-12,Consumer,Organic Search
C011802,Aditya Reddy,Female,22,Patna,Patna,2025-03-11,Corporate,Organic Search
C011803,Kabir Singh,Male,25,Bhubaneswar,Bhubaneswar,2023-09-30,Corporate,Email
C011804,Ananya Kapoor,Female,40,Ahmedabad,Ahmedabad,2026-07-26,Home Office,Marketplace
C011805,Kavya Patel,Female,44,Chennai,Chennai,2023-04-23,Small Business,Paid Search
C011806,Rahul Mishra,Female,45,Chennai,Chennai,2024-11-05,Consumer,Email
C011807,Aditi Reddy,Female,39,Bhopal,Bhopal,2026-05-22,Consumer,Organic Search
C011808,Vivaan Gupta,Male,18,Mysuru,Mysuru,,Consumer,Paid Search
C011809,Pooja Verma,Male,33,Bhubaneswar,Bhubaneswar,2023-03-12,Consumer,Organic Search
C011810,Tanya Nair,Male,38,Chennai,Chennai,,Consumer,Organic Search
C011811,Aditya Rao,Male,48,Visakhapatnam,Visakhapatnam,2025-05-15,Corporate,Marketplace
C011812,Kabir Sharma,Female,43,Coimbatore,Coimbatore,2022-06-25,Consumer,Social Media
C011813,Siddharth Kapoor,Female,23,Visakhapatnam,Visakhapatnam,2022-03-31,Consumer,Paid Search
C011814,Tanya Kapoor,Female,34,Mumbai,Mumbai,2024-11-27,Home Office,Social Media
C011815,Varun Chopra,Female,31,Surat,Surat,2024-01-22,Consumer,Social Media
C011816,Neha Mishra,Male,43,Delhi,Delhi,2023-03-11,Consumer,Organic Search
C011817,Siddharth Iyer,Female,46,Bhubaneswar,Bhubaneswar,2022-10-26,Consumer,Organic Search
C011818,Aditi Verma,Male,34,Pune,Pune,2025-04-27,Consumer,Organic Search
C011819,Meera Gupta,Male,43,Coimbatore,Coimbatore,2025-03-22,Consumer,Social Media
C011820,Aditya Kapoor,Male,18,Mysuru,Mysuru,2024-07-16,Consumer,Organic Search
C011821,Pooja Nair,Female,32,Mysuru,Mysuru,2022-06-03,Consumer,Organic Search
C011822,Priya Chopra,Female,40,Surat,Surat,2023-08-30,Corporate,Referral
C011823,Pooja Malhotra,Female,35,Lucknow,Lucknow,2025-12-21,Corporate,Referral
C011824,Siddharth Shah,Female,18,Lucknow,Lucknow,2023-07-11,Corporate,Referral
C011825,Riya Bose,Male,44,Bhubaneswar,Bhubaneswar,2024-06-21,Consumer,Organic Search
C011826,Tanya Shah,Female,28,Pune,Pune,2025-01-22,Corporate,Marketplace
C011827,Aditi Joshi,Female,38,Hyderabad,Hyderabad,2023-06-16,Consumer,Paid Search
C011828,Arjun Sharma,Female,32,Bhopal,Bhopal,2025-07-21,Home Office,Referral
C011829,Aditya Mehta,Male,35,Bengaluru,Bengaluru,2023-09-06,Consumer,Social Media
C011830,Ananya Patel,Female,40,Indore,Indore,2026-06-05,Consumer,Organic Search
C011831,Ishaan Rao,Female,38,Noida,Noida,2024-05-29,Home Office,Email
C011832,Manish Iyer,Female,55,Patna,Patna,2024-03-15,Small Business,Social Media
C011833,Sanya Iyer,Female,33,Jaipur,Jaipur,2024-06-30,Consumer,Social Media
C011834,Kabir Patel,Female,44,Surat,Surat,2025-10-24,Corporate,Organic Search
C011835,Vivaan Reddy,Female,25,Guwahati,Guwahati,2024-02-20,Consumer,Paid Search
C011836,Riya Shah,Non-Binary,34,Indore,Indore,2025-08-15,Small Business,Referral
C011837,pooja patel,Female,19,Kolkata,Kolkata,2025-08-25,Small Business,Organic Search
C011838,Aditi Sharma,Male,45,Patna,Patna,2022-08-13,Consumer,Affiliate
C011839,Manish Kapoor,Female,26,Coimbatore,Coimbatore,2023-01-17,Consumer,Social Media
C011840,Neha Bose,Female,52,Ahmedabad,Ahmedabad,2025-09-19,Corporate,Paid Search
C011841,Meera Joshi,Male,47,Kochi,Kochi,2022-10-29,Corporate,Social Media
C011842,Tanya Kumar,Female,36,Bengaluru,Bengaluru,2022-01-06,Consumer,Paid Search
C011843,Isha Bose,Male,24,Bhubaneswar,Bhubaneswar,2022-03-30,Home Office,Organic Search
C011844,Aditya Das,Male,23,Coimbatore,Coimbatore,2023-03-16,Corporate,Organic Search
C011845,Sneha Kumar,Male,31,Delhi,Delhi,2022-03-31,Consumer,Unknown
C011846,Meera Verma,Male,49,Jaipur,Jaipur,2022-01-05,Consumer,Affiliate
C011847,Nikhil Nair,Male,35,Coimbatore,Coimbatore,2023-02-14,Corporate,Social Media
C011848,Priya Mishra,Female,35,Noida,Noida,2026-04-07,Consumer,Marketplace
C011849,Isha Shah,Female,46,Chennai,Chennai,2024-04-07,Consumer,Affiliate
C011850,Manish Shah,Male,26,Bhopal,Bhopal,2025-11-02,Consumer,Marketplace
C011851,Kabir Malhotra,Female,46,Guwahati,Guwahati,2025-05-13,Consumer,Social Media
C011852,Siddharth Joshi,Male,47,Ahmedabad,Ahmedabad,2022-03-06,Small Business,Email
C011853,Priya Das,Male,29,Bengaluru,Bengaluru,2023-12-13,Consumer,Affiliate
C011854,Aarav Rao,Male,37,Kochi,Kochi,,Consumer,Organic Search
C011855,Priya Sharma,Female,46,Bhubaneswar,Bhubaneswar,2022-08-12,Small Business,Social Media
C011856,Pooja Das,Female,34,Surat,Surat,2024-08-19,Consumer,Email
C011857,Vikram Shah,Female,25,Surat,Surat,2022-09-01,Consumer,Organic Search
C011858,Varun Bose,Non-Binary,34,Kolkata,Kolkata,2024-04-19,Corporate,Organic Search
C011859,Tanya Nair,Male,33,Chennai,Chennai,2025-05-07,Home Office,Paid Search
C011860,Aarav Kapoor,Female,59,Coimbatore,Coimbatore,2022-02-10,Consumer,Marketplace
C011861,Arjun Nair,Male,36,Coimbatore,Coimbatore,2023-01-19,Consumer,Social Media
C011862,Siddharth Verma,Male,36,Kochi,Kochi,2024-05-07,Corporate,Paid Search
C011863,Diya Singh,Male,38,Pune,Pune,2024-11-07,Home Office,Paid Search
C011864,Pooja Verma,Male,35,Hyderabad,Hyderabad,2026-01-28,Consumer,Social Media
C011865,Vivaan Bose,Male,36,Visakhapatnam,Visakhapatnam,2025-03-16,Consumer,Paid Search
C011866,Siddharth Kapoor,Female,37,Chandigarh,Chandigarh,2022-05-27,Consumer,Affiliate
C011867,Manish Verma,Male,35,Kolkata,Kolkata,2026-06-09,Consumer,Unknown
C011868,Aarav Malhotra,Male,18,Kolkata,Kolkata,2026-04-04,Consumer,Paid Search
C011869,Kabir Bose,Male,40,Coimbatore,Coimbatore,,Small Business,Paid Search
C011870,Isha Gupta,Female,40,Pune,Pune,2024-09-07,Corporate,Organic Search
C011871,Pooja Joshi,Female,31,Bhubaneswar,Bhubaneswar,2024-01-28,Consumer,Paid Search
C011872,Siddharth Singh,Male,25,Patna,Patna,2026-06-14,Consumer,Paid Search
C011873,Sanya Gupta,Male,39,Kochi,Kochi,2025-01-10,Consumer,Marketplace
C011874,RAHUL MALHOTRA,Female,23,Mysuru,Mysuru,2026-07-06,Consumer,Paid Search
C011875,Riya Bose,Female,48,Coimbatore,Coimbatore,2022-10-22,Consumer,Organic Search
C011876,Ishaan Kapoor,Male,31,Gurugram,Gurugram,2023-06-02,Consumer,Paid Search
C011877,Manish Kapoor,Female,35,Ahmedabad,Ahmedabad,2023-11-23,Consumer,Email
C011878,Meera Shah,Female,35,Coimbatore,Coimbatore,2023-01-25,Home Office,Paid Search
C011879,Vivaan Sharma,Male,34,Surat,Surat,2023-08-30,Consumer,Paid Search
C011880,Siddharth Iyer,Female,26,Chennai,Chennai,2022-09-29,Consumer,Marketplace
C011881,Neha Reddy,Female,36,Visakhapatnam,Visakhapatnam,2023-03-16,Corporate,Organic Search
C011882,Vivaan Gupta,Male,32,Noida,Noida,2024-10-07,Consumer,Social Media
C011883,Kabir Das,Female,40,Gurugram,Gurugram,2023-07-24,Home Office,Referral
C011884,Nisha Singh,Female,32,Chandigarh,Chandigarh,2025-06-21,Corporate,Social Media
C011885,Arjun Shah,Male,18,Kolkata,Kolkata,2024-12-01,Consumer,Email
C011886,Isha Iyer,Male,18,Bhopal,Bhopal,2022-10-22,Consumer,Organic Search
C011887,Diya Bose,Female,38,Surat,Surat,2023-12-23,Home Office,Organic Search
C011888,Varun Gupta,Male,37,Bhubaneswar,Bhubaneswar,2022-11-05,Consumer,Paid Search
C011889,Varun Iyer,Male,31,Noida,Noida,2023-09-09,Consumer,Marketplace
C011890,Sanya Das,Male,34,Kochi,Kochi,2022-02-23,Small Business,Social Media
C011891,Nisha Singh,Male,31,Kochi,Kochi,2022-08-11,Consumer,Organic Search
C011892,Aditya Sharma,Female,29,Chennai,Chennai,2023-07-20,Consumer,Paid Search
C011893,Aditi Sharma,Male,18,Patna,Patna,2022-09-27,Consumer,Organic Search
C011894,Nikhil Bose,Male,18,Bhopal,Bhopal,2024-06-25,Consumer,Referral
C011895,Diya Mishra,Male,18,Jaipur,Jaipur,2023-07-08,Corporate,Organic Search
C011896,Siddharth Shah,Female,37,Chennai,Chennai,2025-10-13,Home Office,Email
C011897,Karan Shah,Female,33,Gurugram,Gurugram,2022-09-24,Corporate,Affiliate
C011898,Vivaan Sharma,Female,18,Surat,Surat,2023-04-25,Consumer,Affiliate
C011899,Varun Chopra,Female,18,Bhopal,Bhopal,2025-10-12,Home Office,Social Media
C011900,Diya Shah,Male,29,Noida,Noida,2026-01-04,Corporate,Organic Search
C011901,Rohan Das,Male,46,Delhi,Delhi,2024-07-17,Small Business,Social Media
C011902,Siddharth Verma,Female,34,Chandigarh,Chandigarh,2025-11-28,Small Business,Marketplace
C011903,Sneha Yadav,Female,25,Ahmedabad,Ahmedabad,2024-03-06,Home Office,Marketplace
C011904,Ishaan Gupta,Male,26,Coimbatore,Coimbatore,2024-11-18,Consumer,Social Media
C011905,Ishaan Shah,Female,32,Coimbatore,Coimbatore,2022-11-18,Consumer,Organic Search
C011906,Meera Chopra,Female,18,Indore,Indore,2025-09-13,Consumer,Social Media
C011907,Krishna Verma,Female,30,Patna,Patna,2023-06-19,Consumer,Paid Search
C011908,Aditya Singh,Male,23,Guwahati,Guwahati,2022-02-21,Consumer,Organic Search
C011909,Diya Yadav,Male,59,Mumbai,Mumbai,2024-11-09,Consumer,Referral
C011910,Ishaan Kapoor,Male,30,Noida,Noida,2024-01-26,Consumer,Organic Search
C011911,Krishna Sharma,Male,32,Kolkata,Kolkata,2023-09-01,Consumer,Organic Search
C011912,Priya Rao,Male,29,Indore,Indore,2022-09-02,Consumer,Paid Search
C011913,Vivaan Reddy,Female,32,Gurugram,Gurugram,2024-01-25,Consumer,Organic Search
C011914,Nikhil Kapoor,Female,23,Visakhapatnam,Visakhapatnam,2024-04-16,Home Office,Referral
C011915,Kavya Mehta,Male,28,Bhopal,Bhopal,2022-09-14,Consumer,Email
C011916,Priya Malhotra,Female,31,Surat,Surat,2024-04-17,Home Office,Email
C011917,Nikhil Rao,Female,33,Chennai,Chennai,2024-12-12,Consumer,Referral
C011918,Pooja Kapoor,Male,34,Bengaluru,Bengaluru,2025-04-14,Consumer,Organic Search
C011919,Nisha Singh,Male,33,Jaipur,Jaipur,2022-10-05,Corporate,Social Media
C011920,Priya Nair,Unknown,48,Jaipur,Jaipur,2022-09-04,Consumer,Marketplace
C011921,Vikram Kapoor,Female,45,Guwahati,Guwahati,2026-07-16,Consumer,Organic Search
C011922,Rahul Mishra,Female,46,Bhopal,Bhopal,2026-05-11,Home Office,Organic Search
C011923,Ishaan Nair,Male,29,Mumbai,Mumbai,2025-12-27,Consumer,Paid Search
C011924,Vivaan Joshi,Female,20,Hyderabad,Hyderabad,2023-08-27,Consumer,Referral
C011925,Kavya Reddy,Female,20,Gurugram,Gurugram,2022-10-21,Consumer,Marketplace
C011926,Ananya Kumar,Male,27,Gurugram,Gurugram,2025-01-30,Home Office,Referral
C011927,Siddharth Reddy,Female,18,Nagpur,Nagpur,2024-04-27,Corporate,Email
C011928,Aarav Mishra,Female,46,Lucknow,Lucknow,2025-12-06,Corporate,Affiliate
C011929,Aarav Nair,Female,23,Chandigarh,Chandigarh,2023-07-08,Small Business,Paid Search
C011930,Rahul Reddy,Female,34,Guwahati,Guwahati,2024-02-16,Consumer,Social Media
C011931,Aditi Gupta,Non-Binary,26,Kolkata,Kolkata,2023-07-08,Consumer,Paid Search
C011932,Reyansh Shah,Male,44,Kolkata,Kolkata,2026-06-22,Consumer,Organic Search
C011933,Ishaan Mishra,Female,49,Surat,Surat,2026-07-23,Consumer,Organic Search
C011934,Kavya Malhotra,Male,18,Bengaluru,Bengaluru,2023-12-18,Consumer,Social Media
C011935,Priya Das,Female,27,Lucknow,Lucknow,2022-03-09,Unknown,Social Media
C011936,Reyansh Chopra,Male,42,Pune,Pune,2026-06-25,Consumer,Marketplace
C011937,Manish Mehta,Male,18,Visakhapatnam,Visakhapatnam,2023-11-21,Consumer,Paid Search
C011938,Aarav Yadav,Male,26,Chennai,Chennai,2022-04-27,Home Office,Marketplace
C011939,Reyansh Patel,Male,39,Jaipur,Jaipur,2023-11-18,Consumer,Social Media
C011940,Kabir Patel,Female,44,Bhubaneswar,Bhubaneswar,2024-11-20,Consumer,Paid Search
C011941,Rohan Sharma,Male,21,Bhubaneswar,Bhubaneswar,2023-08-05,Consumer,Social Media
C011942,Nikhil Joshi,Male,28,Mumbai,Mumbai,2025-10-10,Consumer,Paid Search
C011943,Nikhil Mehta,Female,44,Jaipur,Jaipur,2025-05-06,Consumer,Marketplace
C011944,Kavya Yadav,Female,22,Indore,Indore,2022-01-03,Consumer,Referral
C011945,Meera Bose,Male,36,Gurugram,Gurugram,2025-12-12,Consumer,Referral
C011946,Neha Joshi,Female,31,Hyderabad,Hyderabad,2023-10-08,Corporate,Paid Search
C011947,Pooja Rao,Female,30,Mysuru,Mysuru,2025-01-06,Consumer,Organic Search
C011948,Ishaan Nair,Male,44,Mysuru,Mysuru,2022-03-14,Consumer,Paid Search
C011949,Ananya Malhotra,Male,36,Indore,Indore,2024-02-04,Corporate,Organic Search
C011950,Neha Rao,Male,32,Chandigarh,Chandigarh,2022-02-14,Corporate,Paid Search
C011951,Diya Das,Female,45,Ahmedabad,Ahmedabad,2026-02-27,Consumer,Social Media
C011952,Ananya Patel,Male,35,Indore,Indore,2025-05-11,Corporate,Paid Search
C011953,Krishna Das,Male,31,Noida,Noida,2024-02-07,Corporate,Email
C011954,Arjun Singh,Male,22,Jaipur,Jaipur,2026-07-04,Home Office,Email
C011955,Nisha Gupta,Female,18,Kolkata,Kolkata,2026-05-22,Home Office,Affiliate
C011956,Manish Das,Non-Binary,41,Chandigarh,Chandigarh,2023-08-08,Consumer,Paid Search
C011957,Isha Malhotra,Male,55,Jaipur,Jaipur,2026-02-21,Consumer,Paid Search
C011958,Nisha Joshi,Male,27,Jaipur,Jaipur,2022-03-17,Consumer,Organic Search
C011959,Manish Verma,Male,33,Mysuru,Mysuru,2026-05-09,Consumer,Email
C011960,Ishaan Mishra,Male,23,Delhi,Delhi,2022-11-29,Consumer,Paid Search
C011961,Rahul Bose,Female,37,Nagpur,Nagpur,2024-07-14,Consumer,Marketplace
C011962,Aarav Nair,Female,22,Bhopal,Bhopal,2026-05-23,Corporate,Organic Search
C011963,Siddharth Kapoor,Female,53,Coimbatore,Coimbatore,2022-09-21,Home Office,Marketplace
C011964,Aarav Reddy,Female,41,Noida,Noida,2025-07-03,Small Business,Organic Search
C011965,Manish Singh,Male,31,Visakhapatnam,Visakhapatnam,2026-02-03,Consumer,Social Media
C011966,Nisha Kumar,Female,37,Bhubaneswar,Bhubaneswar,2024-11-06,Consumer,Social Media
C011967,Meera Rao,Female,38,Nagpur,Nagpur,2023-09-03,Consumer,Organic Search
C011968,Neha Patel,Female,44,Guwahati,Guwahati,2025-08-04,Consumer,Social Media
C011969,Ishaan Kapoor,Female,47,Pune,Pune,2024-01-14,Consumer,Organic Search
C011970,Neha Singh,Female,38,Bhopal,Bhopal,2023-12-27,Corporate,Referral
C011971,Ishaan Verma,Male,46,Pune,Pune,2024-05-18,Consumer,Paid Search
C011972,Kabir Das,Female,35,Guwahati,Guwahati,2025-11-08,Consumer,Organic Search
C011973,Vivaan Chopra,Female,46,Kolkata,Kolkata,2023-02-04,Consumer,Organic Search
C011974,Varun Mishra,Male,55,Coimbatore,Coimbatore,2024-05-07,Consumer,Marketplace
C011975,Meera Verma,Male,34,Lucknow,Lucknow,2024-12-07,Home Office,Marketplace
C011976,manish das,Male,30,Ahmedabad,Ahmedabad,2023-10-02,Consumer,Paid Search
C011977,Varun Shah,Female,38,Bengaluru,Bengaluru,2023-08-16,Consumer,Email
C011978,Kabir Sharma,Male,36,Bhopal,Bhopal,2022-07-09,Corporate,Email
C011979,Siddharth Gupta,Female,35,Kochi,Kochi,2024-04-21,Consumer,Marketplace
C011980,Aditya Shah,Non-Binary,18,Lucknow,Lucknow,2024-12-25,Small Business,Paid Search
C011981,Diya Nair,Female,34,Bhubaneswar,Bhubaneswar,2022-09-07,Corporate,Organic Search
C011982,Riya Singh,Female,36,Surat,Surat,2026-02-26,Corporate,Paid Search
C011983,Varun Das,Female,18,Bhopal,Bhopal,2024-03-13,Consumer,Organic Search
C011984,Arjun Verma,Male,33,Guwahati,Guwahati,2025-08-28,Consumer,Organic Search
C011985,Vikram Singh,Male,45,Surat,Surat,2026-02-23,Consumer,Paid Search
C011986,Pooja Rao,Female,24,Mysuru,Mysuru,2024-08-09,Consumer,Organic Search
C011987,Varun Reddy,Female,51,Bhubaneswar,Bhubaneswar,2024-04-09,Corporate,Social Media
C011988,Krishna Malhotra,Female,42,Delhi,Delhi,2024-04-04,Consumer,Organic Search
C011989,Karan Reddy,Male,39,Ahmedabad,Ahmedabad,2026-06-15,Consumer,Referral
C011990,Sanya Chopra,Male,38,Guwahati,Guwahati,2022-06-21,Consumer,Referral
C011991,Ishaan Nair,Female,27,Bhubaneswar,Bhubaneswar,2025-02-04,Small Business,Social Media
C011992,Sanya Gupta,Female,23,Pune,Pune,2023-05-22,Consumer,Paid Search
C011993,Reyansh Kapoor,Female,28,Patna,Patna,2022-02-22,Consumer,Email
C011994,Ananya Rao,Male,24,Guwahati,Guwahati,2025-04-21,Consumer,Paid Search
C011995,Ishaan Nair,Female,36,Pune,Pune,2023-01-27,Consumer,Email
C011996,Rohan Patel,Female,33,Delhi,Delhi,2024-04-26,Corporate,Social Media
C011997,Unknown,Female,45,Nagpur,Nagpur,2022-12-30,Consumer,Referral
C011998,Rahul Kumar,Female,27,Hyderabad,Hyderabad,2024-01-03,Consumer,Social Media
C011999,Reyansh Shah,Male,18,Indore,Indore,2024-06-07,Corporate,Organic Search
C012000,Reyansh Sharma,Female,28,Coimbatore,Coimbatore,2024-05-12,Small Business,Marketplace
